track_id,track_name,artist_names,album_name,spotify_year,year,spotify_genres,primary_genre,genres,release_date,duration_ms,explicit,popularity,spotify_url,album_id,artist_ids,track_number,disc_number,sources,playlist_names,first_added_at,latest_added_at,rating,status,tags,notes
710xvqBINcJIqME6cFmSkv,Without Any Words (Only Crying and Laughter),'68,Two Parts Viper,2017,2017,,garage rock,garage rock; post-hardcore; noise rock,2017-06-02,198073,False,,https://open.spotify.com/track/710xvqBINcJIqME6cFmSkv,0xu0FA4siMz1DSie54xqJ2,51EEn3UICoilrrWVZFz30C,3,1,liked,,2023-04-10T16:26:59Z,2023-04-10T16:26:59Z,,,,
1f7fGOSkNOBhIgn4sEyjG8,Get Away,(Hed) P.E.,Blackout,2003,2003,,rapcore,rapcore; nu metal,2003,196640,False,,https://open.spotify.com/track/1f7fGOSkNOBhIgn4sEyjG8,2TGbFGyBXI6CKotOMMDGAp,0xIChbcTsuYLueN1oEsX9v,5,1,liked,,2023-04-10T16:26:59Z,2023-04-10T16:26:59Z,,,,
4z8Y5hfyXzPJinY9KcT2Qn,The Best,...And You Will Know Us by the Trail of Dead,Worlds Apart,2005,2005,,alternative rock,alternative rock; art rock; indie rock; post-hardcore; post-rock,2005-01-25,287960,False,,https://open.spotify.com/track/4z8Y5hfyXzPJinY9KcT2Qn,0nT470JKGNwsCAH1WNSQE0,6wBUn8gMP85n8dPu6LoUcF,11,1,liked,,2023-04-10T16:26:59Z,2023-04-10T16:26:59Z,,,,
4gCvH3iybLUpNHd3pJMs32,Nekronatalenheten,1349,Beyond The Apocalypse,2004,2004,,black metal,black metal; norwegian black metal; true norwegian black metal,2004-04-19,270466,False,,https://open.spotify.com/track/4gCvH3iybLUpNHd3pJMs32,0381g2DPGU1CML01DGGpr9,150xbiJGnTy1tSBZ9EFKnT,4,1,liked,,2023-04-10T16:26:59Z,2023-04-10T16:26:59Z,,,,
4GVRHAwABAV0v63YX9Go0p,Slip Inside This House - Stereo LP Version,13th Floor Elevators,Easter Everywhere,2010,2010,,psychedelic rock,psychedelic rock; garage rock; acid rock; garage psych,2010,482278,False,,https://open.spotify.com/track/4GVRHAwABAV0v63YX9Go0p,5RQNjPQbqY82MBTwaQp3ik,7xYxgSJaIf7yOFLmknYX38,1,2,liked,,2023-04-10T16:26:59Z,2023-04-10T16:26:59Z,,,,
1lZquyBVOQb3qvVMpvoXiT,Love Is All You Need,220 Volt,Eye to Eye,1988,1988,,heavy metal,heavy metal,1988-01-01,249133,False,,https://open.spotify.com/track/1lZquyBVOQb3qvVMpvoXiT,4GRoVEnV9DWXRpQFG22PlP,7dkVoO1B5mpLNU2WlOS32Y,5,1,liked; playlist,80's,2024-07-24T12:10:29Z,2024-07-24T17:57:32Z,,,,
74X8mFojBvEn6BvVLf3E0h,Firefall,220 Volt,Heavy Christmas - Revisited,2009,2009,,heavy metal,heavy metal,2009-12-04,253600,False,,https://open.spotify.com/track/74X8mFojBvEn6BvVLf3E0h,0yCaSXY72CAcTr3hY7YCf5,7dkVoO1B5mpLNU2WlOS32Y,3,1,liked,,2023-04-10T16:26:59Z,2023-04-10T16:26:59Z,,,,
3lSASVPKJAgBaiD0sWBWQK,Mistreated Eyes,220 Volt,Power Games,1984,1984,,heavy metal,heavy metal,1984-01-06,299640,False,,https://open.spotify.com/track/3lSASVPKJAgBaiD0sWBWQK,3dLWYgNiHPEVcVETkM2xI5,7dkVoO1B5mpLNU2WlOS32Y,6,1,liked,,2023-04-10T16:26:59Z,2023-04-10T16:26:59Z,,,,
3KmM9GEunX8IGyup6rne2z,Evaporate,35007,Liquid,2002,2002,,stoner rock,stoner rock; space rock; psychedelic rock; progressive rock; jam band,2002-05-27,353240,False,,https://open.spotify.com/track/3KmM9GEunX8IGyup6rne2z,2fVeY5ePxT4SQDvL18Sfye,09kNJ3LqHcfQZO5qixfmft,3,1,liked,,2023-04-10T16:26:59Z,2023-04-10T16:26:59Z,,,,
2kdR6aOGKe21HX0wH4VrvQ,Slit Wrist Theory,36 Crazyfists,Bitterness the Star,2002,2002,,metalcore,metalcore; nu metal; screamo; alternative metal; post-hardcore,2002-03-25,240400,True,,https://open.spotify.com/track/2kdR6aOGKe21HX0wH4VrvQ,4hzwLmrJFYcWXoWd7FzoUr,4ijGLY4dzlurDh7jqH3tW7,5,1,liked,,2023-04-10T16:26:59Z,2023-04-10T16:26:59Z,,,,
5M76XcGlfeWy0LLEfAm6le,If You Don't Feel the Same,3weekoldroses,More Weight,2019,2019,,alternative rock,alternative rock; indie rock,2019-06-13,96773,False,,https://open.spotify.com/track/5M76XcGlfeWy0LLEfAm6le,3cPt0tHcVRhFjILuiJ8kjL,5OjEhG2YrxSqJAAUQiLo81,3,1,liked,,2023-04-10T16:26:59Z,2023-04-10T16:26:59Z,,,,
7bUdhJputL6DNAit75PYMk,Stages,40 Watt Sun,Wider than the Sky,2016,2016,,doom metal,doom metal; alternative rock; slowcore; post-rock; singer-songwriter,2016-10-14,973120,False,,https://open.spotify.com/track/7bUdhJputL6DNAit75PYMk,7ejPvGjIXZvNROVwsyNRqa,19pyT3VlqEXiozOlxsk1vt,1,1,liked,,2023-04-10T16:26:59Z,2023-04-10T16:26:59Z,,,,
7tkeQfkHqYeVLVITZwAT8h,Craven Road,40 Watt Sun,Wider than the Sky,2016,2016,,doom metal,doom metal; alternative rock; slowcore; post-rock; singer-songwriter,2016-10-14,630586,False,,https://open.spotify.com/track/7tkeQfkHqYeVLVITZwAT8h,7ejPvGjIXZvNROVwsyNRqa,19pyT3VlqEXiozOlxsk1vt,5,1,liked,,2023-04-10T16:26:59Z,2023-04-10T16:26:59Z,,,,
53TsltkFRJtAd4NLXz9pgo,Рост,7раса,1й круг,2003,2003,,alternative rock,alternative rock; grunge; nu metal; post-grunge; alternative metal,2003-09-20,191706,False,,https://open.spotify.com/track/53TsltkFRJtAd4NLXz9pgo,3mIwpOH46Ce6vMYvMc9y4O,6A49eM0RYSseegBxH2dvoa,5,1,liked,,2024-09-08T07:05:31Z,2024-09-08T07:05:31Z,,,,
2UDuJxaXVNmvCYSl4h63R5,Безнадёжен,7раса,1й круг,2003,2003,,alternative rock,alternative rock; grunge; nu metal; post-grunge; alternative metal,2003-09-20,327120,False,,https://open.spotify.com/track/2UDuJxaXVNmvCYSl4h63R5,3mIwpOH46Ce6vMYvMc9y4O,6A49eM0RYSseegBxH2dvoa,13,1,liked,,2024-09-08T07:07:53Z,2024-09-08T07:07:53Z,,,,
0jYQ2uSEPYIQZBPZqqhZp3,Megin Runar,:Of The Wand And The Moon:,Lucifer,2003,2003,,neofolk,neofolk; dark folk,2003-03-01,273666,False,,https://open.spotify.com/track/0jYQ2uSEPYIQZBPZqqhZp3,5TAOVhm4nIFbuWH2OEM2aA,6bdOuFTmkGliFvCkdpH49Z,3,1,liked,,2023-04-10T16:26:59Z,2023-04-10T16:26:59Z,,,,
4s845qxWKKneQxqWmXe95q,Melt,A.A. Williams,Forever Blue,2020,2020,,post-rock,post-rock; alternative rock; dark folk,2020-07-03,376573,False,,https://open.spotify.com/track/4s845qxWKKneQxqWmXe95q,5BWwMhphXMexBKlxKTh7xO,1D0MStnRzJeelcnDjeBo8O,2,1,liked,,2023-04-10T16:26:59Z,2023-04-10T16:26:59Z,,,,
4NPNa9TXHeEJjIcG1bOjje,Die das wilde Wetter fängt,Aara,Eiger,2024,2024,,atmospheric black metal,atmospheric black metal; black metal,2024-12-06,565067,False,,https://open.spotify.com/track/4NPNa9TXHeEJjIcG1bOjje,7JR5ImZkmGHe5wHPLPFDDy,3UpDjZ41s0rOQsDKSECKmt,1,1,liked,,2025-02-10T06:55:27Z,2025-02-10T06:55:27Z,,,,
1wTkT3b4kn7qENfiAtoNVr,Phthonos I,Aara,Phthonos,2022,2022,,atmospheric black metal,atmospheric black metal; black metal,2022-10-07,258010,False,,https://open.spotify.com/track/1wTkT3b4kn7qENfiAtoNVr,7nvrUU7nAapWL3rlfl9gOL,3UpDjZ41s0rOQsDKSECKmt,1,1,liked,,2024-07-18T08:13:01Z,2024-07-18T08:13:01Z,,,,
0TLngtfOd4rCImhhNc8Pqm,Kingdom of Darkness,Abigor,Verwustung/Invoke the Dark Age & Opus IV,2004,2004,,black metal,black metal,2004,495226,False,,https://open.spotify.com/track/0TLngtfOd4rCImhhNc8Pqm,0EOz0br31I8SsO0pd588EV,3YQNyPeDonpYjB9N92VclR,2,1,liked,,2023-04-10T16:26:59Z,2023-04-10T16:26:59Z,,,,
2VFFPzRNwWdtJbk69bnOCn,Eye to Eye at Armageddon,Abigor,Verwustung/Invoke the Dark Age & Opus IV,2004,2004,,black metal,black metal,2004,326133,False,,https://open.spotify.com/track/2VFFPzRNwWdtJbk69bnOCn,0EOz0br31I8SsO0pd588EV,3YQNyPeDonpYjB9N92VclR,4,1,liked,,2023-04-10T16:26:59Z,2023-04-10T16:26:59Z,,,,
7HRGfBjtAGocI72xqmbi4A,Weeping Midwintertears,Abigor,Verwustung/Invoke the Dark Age & Opus IV,2004,2004,,black metal,black metal,2004,287666,False,,https://open.spotify.com/track/7HRGfBjtAGocI72xqmbi4A,0EOz0br31I8SsO0pd588EV,3YQNyPeDonpYjB9N92VclR,7,1,liked,,2023-04-10T16:26:59Z,2023-04-10T16:26:59Z,,,,
2d5iFaZ6uxuYyx0L0ejAFd,Outro - Perseverance Alt.Version,Aborym,Remixes And,2021,2021,,progressive metal,progressive metal; industrial black metal,2021-12-06,205482,False,,https://open.spotify.com/track/2d5iFaZ6uxuYyx0L0ejAFd,6PuQ8wXlRLagIZRJSYIyBO,2PCSfHYHZ87Wcf5GfYi3qF,7,1,liked,,2023-04-10T16:26:59Z,2023-04-10T16:26:59Z,,,,
3kyWvXNmUjurqTMEabPtPu,Earth Ripper,Absu,Abzu,2011,2011,,thrash metal,thrash metal; black metal; death metal,2011-10-11,227600,True,,https://open.spotify.com/track/3kyWvXNmUjurqTMEabPtPu,1esQITow8cGQZqn1XtNRrK,3eVkhnD2UKVjX5uiUsqfXP,1,1,liked,,2023-04-10T16:26:59Z,2023-04-10T16:26:59Z,,,,
1bwsm58CrY1xbTKqpau4NA,Cheap Vodka,Acid Bath,When the Kite String Pops,1994,1994,,sludge metal,sludge metal; alternative metal; southern metal; death metal; doom metal,1994,134826,False,,https://open.spotify.com/track/1bwsm58CrY1xbTKqpau4NA,7GFYpb7GvKZZcPTze1uAp8,3n5jeTRWZEbTPJWyHSYUqn,3,1,liked,,2024-08-12T21:09:44Z,2024-08-12T21:09:44Z,,,,
6yOkVxopmbQ7t0h0rZokjQ,Sunshine And Sorrow - Live At Roadburn 2011,Acid King,Live At Roadburn (Live At Roadburn 2011),2022,2022,,stoner metal,stoner metal; doom metal; traditional doom metal,2022-03-11,518184,False,,https://open.spotify.com/track/6yOkVxopmbQ7t0h0rZokjQ,2HzpRZ5Rshzpzlv6bHIyPd,0PK6ewFU4DbFB8Eqr58Sct,7,1,liked,,2023-04-10T16:26:59Z,2023-04-10T16:26:59Z,,,,
7c102DbSc2Cc6MOjL6XshD,Them!,Acid Mammoth,Under Acid Hoof,2020,2020,,heavy psych,heavy psych; psychedelic rock; stoner rock; retro rock; sludge,2020-01-24,278176,False,,https://open.spotify.com/track/7c102DbSc2Cc6MOjL6XshD,6rr4xcsYs7iqZzIx4iqKO0,6VM0lR9Yr3VeXe4ZYB5f7T,1,1,liked,,2023-04-10T16:26:59Z,2023-04-10T16:26:59Z,,,,
3XM2ormuVHvn3tQvTQoy3J,Circles - 7'' Edit,Adam F,Rave Classics,2022,2022,,drum and bass,drum and bass; hip hop; hip hop rnb and dance hall,2022-03-31,227533,False,,https://open.spotify.com/track/3XM2ormuVHvn3tQvTQoy3J,5RxPozvp4dooX36BFRIUMT,3m38ZSwkLdeBDUhdGnFPrn,14,1,liked,,2023-10-04T12:13:45Z,2023-10-04T12:13:45Z,,,,
33fNAtcL4IKU5kei0P4psq,Kings And Queens,Aerosmith,Draw The Line,1977,1977,,hard rock,hard rock; blues rock; classic rock; glam metal; arena rock,1977-12-01,295133,False,,https://open.spotify.com/track/33fNAtcL4IKU5kei0P4psq,792SNee67NvAFZbsip969c,7Ey4PD4MYsKc5I2dolUwbH,6,1,liked,,2024-11-26T10:09:42Z,2024-11-26T10:09:42Z,,,,
7mXieDbl55P3L8kPE33gcC,The Boy Who Destroyed The World,AFI,All Hallows EP,1999,1999,,alternative rock,alternative rock; punk rock; emo; hardcore; hardcore punk,1999-01-01,185360,False,,https://open.spotify.com/track/7mXieDbl55P3L8kPE33gcC,1g3XMX2gmUF6zAwll0jqN6,19I4tYiChJoxEO5EuviXpz,3,1,liked,,2023-04-10T16:26:59Z,2023-04-10T16:26:59Z,,,,
3dKyLNbYun1timBlPx3Wlp,Altid Veltilfreds,Afsky,Ofte jeg drømmer mig død,2020,2020,,atmospheric black metal,atmospheric black metal; black metal,2020-05-12,430146,False,,https://open.spotify.com/track/3dKyLNbYun1timBlPx3Wlp,0XPOYFjauNSOE5tVZQKt6S,1djxnRn6jJcQtVGJ4lTDvP,1,1,liked,,2023-04-10T16:26:59Z,2023-04-10T16:26:59Z,,,,
0RH7wNNLaYZOkU27qk2y1l,Stormfulde hav,Afsky,Om hundrede år,2023,2023,,atmospheric black metal,atmospheric black metal; black metal,2023-03-15,471136,False,,https://open.spotify.com/track/0RH7wNNLaYZOkU27qk2y1l,6lv6a2BFgb8MeCtGXbOxfg,1djxnRn6jJcQtVGJ4lTDvP,1,1,liked,,2024-06-24T08:07:39Z,2024-06-24T08:07:39Z,,,,
73vyulFUPAla99D1wUtMQo,Falling Snow,Agalloch,Ashes Against The Grain,2006,2006,,folk metal,folk metal; atmospheric black metal; doom metal; black metal; progressive metal,2006-08-15,578760,False,,https://open.spotify.com/track/73vyulFUPAla99D1wUtMQo,2PIBrpGRMIcmYtt4aiN4xv,3Meu28o8P5z9Zjm6NTGihT,2,1,liked,,2023-04-10T16:26:59Z,2023-04-10T16:26:59Z,,,,
0v48hYb9QO4llpNOPBwlO5,Our Fortress Is Burning... I,Agalloch,Ashes Against The Grain (Remastered),2016,2016,,folk metal,folk metal; atmospheric black metal; doom metal; black metal; progressive metal,2016-07-15,328544,False,,https://open.spotify.com/track/0v48hYb9QO4llpNOPBwlO5,3orD6D0SUsXPOTgftelFtK,3Meu28o8P5z9Zjm6NTGihT,6,1,liked,,2023-04-10T16:26:59Z,2023-04-10T16:26:59Z,,,,
72NIrP4zxsKlX5BiP5b8R4,Kneel to the Cross,Agalloch,"Of Stone, Wind, & Pillor",2001,2001,,folk metal,folk metal; atmospheric black metal; doom metal; black metal; progressive metal,2001-05-28,354773,False,,https://open.spotify.com/track/72NIrP4zxsKlX5BiP5b8R4,1u1fYbb8lZwtZhjAfZK6Er,3Meu28o8P5z9Zjm6NTGihT,4,1,liked,,2023-04-10T16:26:59Z,2023-04-10T16:26:59Z,,,,
3oyYeFEb1nZQyDxDjoXbVK,The Hangmans Daughter,Agents Of Oblivion,Agents of Oblivion,2000,2000,,stoner rock,stoner rock; doom metal; psychedelic rock,2000,275693,False,,https://open.spotify.com/track/3oyYeFEb1nZQyDxDjoXbVK,757dyx1L2S1EsFLUWHmGdw,1PxtrGRfxoHhK96BD0z7VP,6,1,liked,,2024-07-23T11:57:04Z,2024-07-23T11:57:04Z,,,,
4wySV7QWr2cn7sq4GbJ9C9,Frames,Aghora,Aghora,1999,1999,,progressive metal,progressive metal,1999,429200,False,,https://open.spotify.com/track/4wySV7QWr2cn7sq4GbJ9C9,0mZSVO2VJg38rBiDeYmYNR,4jL78Ta4OMlWppSPXM1Fnb,4,1,liked,,2023-04-10T16:26:59Z,2023-04-10T16:26:59Z,,,,
4eziQD8b3eD5jyQMyeiSye,Frames (Remastered),Aghora,Aghora (Remastered),2021,2021,,progressive metal,progressive metal,2021-01-28,427207,False,,https://open.spotify.com/track/4eziQD8b3eD5jyQMyeiSye,7yxImiRB3aQedrq5JfqHzS,4jL78Ta4OMlWppSPXM1Fnb,4,1,liked,,2023-08-05T07:11:21Z,2023-08-05T07:11:21Z,,,,
4D6ECWCfpQa7iwr9XluCiy,Satya,Aghora,Transitions,2006,2006,,progressive metal,progressive metal,2006-03-31,324906,False,,https://open.spotify.com/track/4D6ECWCfpQa7iwr9XluCiy,75eY2N8TgCA2CSFjTHYcyP,4jL78Ta4OMlWppSPXM1Fnb,1,1,liked,,2023-04-10T16:26:59Z,2023-04-10T16:26:59Z,,,,
1rDGZc45380it0b7NgRS4r,Old Thunder,Ahab,The Call Of The Wretched Seas,2006,2006,,funeral doom metal,funeral doom metal; doom metal; death metal; death doom metal; death-doom metal,2006-01-01,594934,False,,https://open.spotify.com/track/1rDGZc45380it0b7NgRS4r,4fdq2NPeWvfvOyl278TqTY,2N8XkSGgBeH1VrFHxbarbz,3,1,liked,,2024-01-23T05:47:53Z,2024-01-23T05:47:53Z,,,,
4y5oWMrC6j6OhNWucCjN5y,Killer,Airbag,Disconnected,2016,2016,,pop punk,pop punk; power pop; latin rock,2016-06-10,558160,False,,https://open.spotify.com/track/4y5oWMrC6j6OhNWucCjN5y,18DPz6Cx2TDln1Krlp6MSY,0gTqi1zdqD9s6islG2wLKC,1,1,liked,,2025-08-04T06:34:00Z,2025-08-04T06:34:00Z,,,,
0iAhml6aCMcbwNUXjQ23Yx,The Big One,Alan Tew,Drama Suite Part I,1976,1976,,production music,production music,1976-01-01,247138,False,,https://open.spotify.com/track/0iAhml6aCMcbwNUXjQ23Yx,4LdPCAzR5PG6Zd4LdzpCg0,1agA8bGlQIWvtOm96xbidO,13,1,liked,,2024-12-12T07:43:39Z,2024-12-12T07:43:39Z,,,,
0TOLxJTPhAkvqg9GfnjstG,Mineral,Albert Wenmo,Mineral,2022,2022,,swing,swing; vocal jazz; traditional pop; big band; christmas music,2022-06-03,87923,False,,https://open.spotify.com/track/0TOLxJTPhAkvqg9GfnjstG,0Yua0C6bonDdLCp0FV4fC4,3oRcts32YJGp3vx0U7ZyKf,1,1,liked,,2023-04-10T16:26:59Z,2023-04-10T16:26:59Z,,,,
300bSfVhnNrXHZEHKxQjPU,Kodama,Alcest,Kodama,2016,2016,,blackgaze,blackgaze; shoegaze,2016-09-30,547400,False,,https://open.spotify.com/track/300bSfVhnNrXHZEHKxQjPU,7cf5MM7qQ6V0Petqr4aeZ2,0d5ZwMtCer8dQdOPAgWhe7,1,1,liked,,2023-06-05T05:45:54Z,2023-06-05T05:45:54Z,,,,
01goDEgLNLAVOmRQ8Ip7js,Oiseaux de proie,Alcest,Kodama,2016,2016,,blackgaze,blackgaze; shoegaze,2016-09-30,468226,False,,https://open.spotify.com/track/01goDEgLNLAVOmRQ8Ip7js,7cf5MM7qQ6V0Petqr4aeZ2,0d5ZwMtCer8dQdOPAgWhe7,5,1,liked,,2025-04-03T08:32:19Z,2025-04-03T08:32:19Z,,,,
30JoA3CWCXqcACZzRtyaJr,L'Envol,Alcest,L'Envol,2024,2024,,blackgaze,blackgaze; shoegaze,2024-02-23,482240,False,,https://open.spotify.com/track/30JoA3CWCXqcACZzRtyaJr,0ha4JvwSl9kBT0vCUQn0GI,0d5ZwMtCer8dQdOPAgWhe7,1,1,liked,,2024-02-26T08:51:58Z,2024-02-26T08:51:58Z,,,,
7rBOcKaGUAh81D0Aosi4Ka,Protection - Acoustic Instrumental Version,Alcest,Protection (Acoustic Instrumental Version),2021,2021,,blackgaze,blackgaze; shoegaze,2021-01-29,410066,False,,https://open.spotify.com/track/7rBOcKaGUAh81D0Aosi4Ka,14UmlMLhjmNR9ZTcfMBGka,0d5ZwMtCer8dQdOPAgWhe7,1,1,liked,,2023-04-10T16:26:59Z,2023-04-10T16:26:59Z,,,,
5DFnmcshyxsonqTvanqZPY,Sapphire,Alcest,Spiritual Instinct,2019,2019,,blackgaze,blackgaze; shoegaze,2019-10-25,300503,False,,https://open.spotify.com/track/5DFnmcshyxsonqTvanqZPY,6o13o3tlmwPYFnlIrVoRhh,0d5ZwMtCer8dQdOPAgWhe7,3,1,liked,,2023-04-10T16:26:59Z,2023-04-10T16:26:59Z,,,,
2cAxqSzAijG4jm8YUlGX51,Percées de lumière,Alcest,Écailles de lune,2010,2010,,blackgaze,blackgaze; shoegaze,2010-03-26,398426,False,,https://open.spotify.com/track/2cAxqSzAijG4jm8YUlGX51,6b9NZDM5QhD2FViyXKwBRT,0d5ZwMtCer8dQdOPAgWhe7,3,1,liked,,2026-03-16T17:38:24Z,2026-03-16T17:38:24Z,,,,
63kgdcLvoX9EbKXV2SUOym,The Hunter (By the Seaside Window),Alex Henry Foster,The Hunter,2020,2020,,rock,rock,2020-03-13,873957,False,,https://open.spotify.com/track/63kgdcLvoX9EbKXV2SUOym,1caraPPpHvvTxvZKXLnEci,3xxV7Humr8VBXGhNNbyWoY,1,1,liked,,2023-06-05T13:23:04Z,2023-06-05T13:23:04Z,,,,
1nyZi7PEdQY1ATzrrJ0mSs,Would,Alice In Chains,"Facelift Live: The Palladium, Hollywood, CA 6 Oct '91 Remastered",1991,1991,,grunge,grunge; alternative rock; alternative metal; acoustic rock; heavy metal,1991,209228,False,,https://open.spotify.com/track/1nyZi7PEdQY1ATzrrJ0mSs,5S4uwjstcqxYWA6xwQhK4o,64tNsm6TnZe2zpcMVMOoHL,4,1,liked,,2023-04-10T16:26:59Z,2023-04-10T16:26:59Z,,,,
1cifWu0RekvMutajs8iJsh,Папоротник,Alkonost,Октаграмма,2018,2018,,folk metal,folk metal; doom metal,2018-10-21,308000,False,,https://open.spotify.com/track/1cifWu0RekvMutajs8iJsh,2aK8hH2nUcKm8bjWKDFD5Y,6uqnggb1uJbtZI4u3aLyBe,5,1,liked,,2023-11-17T10:47:17Z,2023-11-17T10:47:17Z,,,,
2b5lUSUuxYtg0Jioyk5okG,The Scent,Alkymist,The Scent,2024,2024,,ambient,ambient; doom metal; post-metal; progressive metal; stoner metal,2024-10-18,298093,False,,https://open.spotify.com/track/2b5lUSUuxYtg0Jioyk5okG,3ayxgVX97OCPgJw8IqMdQb,6H8YKAQ8UXrcsK4ORs1qOq,1,1,liked,,2024-10-28T06:55:17Z,2024-10-28T06:55:17Z,,,,
4LCVroEB1yhIruBNXspuXP,Silver To Rust,All Them Witches,Silver To Rust,2022,2022,,stoner rock,stoner rock; psychedelic rock; psychedelic; blues rock; stoner,2022-03-25,568231,False,,https://open.spotify.com/track/4LCVroEB1yhIruBNXspuXP,7ABjwHOYiqzKi5FyeN1YOj,29Wmfm1CojrjQ3aQP0FI65,1,1,liked,,2023-04-10T16:26:59Z,2023-04-10T16:26:59Z,,,,
1B4XcCAhhj6r2ji1dcISEU,La mente vola,Alphataurus,Alphataurus,1973,1973,,progressive rock,progressive rock; symphonic prog,1973,552720,False,,https://open.spotify.com/track/1B4XcCAhhj6r2ji1dcISEU,0Wh01o7ulww79Oq2eSZ6PX,6mFPT1M2JWpuoSGSCQCpHX,4,1,liked,,2023-07-19T11:08:14Z,2023-07-19T11:08:14Z,,,,
35W0UdnHhQUEWeU9UahAKH,Nothing Grows From Hallowed Ground,Altar Of Oblivion,Nothing Grows From Hallowed Ground,2024,2024,,doom metal,doom metal; epic doom metal,2024-04-12,365711,False,,https://open.spotify.com/track/35W0UdnHhQUEWeU9UahAKH,3kTVXpBqGBdZOqUngmiJ1o,3UFcowMC0upZB50t80h8Z5,1,1,liked,,2024-04-21T08:27:59Z,2024-04-21T08:27:59Z,,,,
1X35J405ohlWyqWyic8QJB,Moon,Altareth,Blood,2021,2021,,doom metal,doom metal; heavy metal; psychedelic rock; stoner rock; stoner metal,2021-11-05,439920,False,,https://open.spotify.com/track/1X35J405ohlWyqWyic8QJB,2UAj8p6MYYVEOzvOtFz9lW,1By0IG3t0sq6Pd4MbwBbVi,5,1,liked,,2023-04-10T16:26:59Z,2023-04-10T16:26:59Z,,,,
6hR6iOYzs5tf2rrhHL3liO,На Заре,Alyans,На заре (Part 1),1987,1987,,synthpop,synthpop; new wave; post-punk; folk rock,1987-10-16,345373,False,,https://open.spotify.com/track/6hR6iOYzs5tf2rrhHL3liO,5u7veXw21c24XP00XZZ6d1,0RhwVQewjVG0jHaXtDQaqA,5,1,liked; playlist,Русское поле экспериментов,2023-11-17T16:37:35Z,2024-07-24T18:06:10Z,,,,
2uXVhJUklK3sMNdmc6gKKG,Chain Reaction,Amebix,Monolith,1987,1987,,anarcho-punk,anarcho-punk; crust punk; post-punk; heavy metal,1987,327840,False,,https://open.spotify.com/track/2uXVhJUklK3sMNdmc6gKKG,6trWYarKJAfrI9fhuKvAun,6tUC9fQSG7uqbzUy9AJ1NY,7,1,liked,,2023-04-10T16:26:59Z,2023-04-10T16:26:59Z,,,,
6OKPUhEborqvbJvjO8xFFI,.De Dodenakker.,Amenra,Mass Iiii,2011,2011,,sludge metal,sludge metal; post-hardcore; post-metal; doom metal; sludge,2011-02-27,605826,False,,https://open.spotify.com/track/6OKPUhEborqvbJvjO8xFFI,0cz4QMBLYroCWCk9lYPex4,0N1jE1EIrhZjvQSfuLupUu,3,1,liked,,2023-04-10T16:26:59Z,2023-04-10T16:26:59Z,,,,
4YWZLoV31cFndKj9Hd39zy,Black Crow Blues,Amenra,"Songs of Townes Van Zandt, Vol. III",2022,2022,,sludge metal,sludge metal; post-hardcore; post-metal; doom metal; sludge,2022-07-01,164764,False,,https://open.spotify.com/track/4YWZLoV31cFndKj9Hd39zy,2T1dSOx6V3u9rS656uafQm,2VsSkHuQ6VE98qPkqybOaG,2,1,liked,,2024-04-15T07:35:25Z,2024-04-15T07:35:25Z,,,,
0l7Y0yd8oe9GNtdKquSkxy,A Horse with No Name,America; George Martin,Road Trip Rock,2017,2017,,pop rock,pop rock; soft rock; folk rock; western classical music; folk pop,2017-02-24,249026,False,,https://open.spotify.com/track/0l7Y0yd8oe9GNtdKquSkxy,6iuHjta2UKP5x9aOHL3753,35U9lQaRWSQISxQAB94Meo; 4Fgf6RvuWpiwDXSE7Vammx,10,1,liked,,2023-04-10T16:26:59Z,2023-04-10T16:26:59Z,,,,
7CTb9qUvtGsb47mCIVjgL9,Gas in Veins,Amesoeurs,Amesoeurs,2009,2009,,blackgaze,blackgaze; black metal; post-punk,2009-04-10,310466,False,,https://open.spotify.com/track/7CTb9qUvtGsb47mCIVjgL9,2T5RxzYKDvWrx69EpUuqls,3nzs6bowitMirGXyGQ72Qx,1,1,liked,,2023-04-10T16:26:59Z,2023-04-10T16:26:59Z,,,,
5JWyNV4rMPyQmhop7jhALU,Heurt,Amesoeurs,Amesoeurs,2009,2009,,blackgaze,blackgaze; black metal; post-punk,2009-04-10,361320,False,,https://open.spotify.com/track/5JWyNV4rMPyQmhop7jhALU,2T5RxzYKDvWrx69EpUuqls,3nzs6bowitMirGXyGQ72Qx,3,1,liked,,2023-04-10T16:26:59Z,2023-04-10T16:26:59Z,,,,
3ZyyZIqzx1SK6ehpseNATX,Alone,Amorphis,Chapters,2003,2003,,progressive metal,progressive metal; melodic death metal; death metal; folk metal; symphonic metal,2003-06-17,263360,False,,https://open.spotify.com/track/3ZyyZIqzx1SK6ehpseNATX,1KBsXCT1SuM0LEJ2Gfj56n,2UOVgpgiNTC6KK0vSC77aD,1,1,liked,,2023-04-10T16:26:59Z,2023-04-10T16:26:59Z,,,,
5kGZgnsQqRZE0dSj1Hzk5M,Mission,Amorphis,Circle (Bonus Version),2013,2013,,progressive metal,progressive metal; melodic death metal; death metal; folk metal; symphonic metal,2013-04-19,273043,False,,https://open.spotify.com/track/5kGZgnsQqRZE0dSj1Hzk5M,7it0r7jA4RiAIjEaUSv949,2UOVgpgiNTC6KK0vSC77aD,2,1,liked,,2023-04-10T16:26:59Z,2023-04-10T16:26:59Z,,,,
2MYVKTjT1xknuEyaWCngA6,The Bee,Amorphis,Queen of Time,2018,2018,,progressive metal,progressive metal; melodic death metal; death metal; folk metal; symphonic metal,2018-05-18,330557,False,,https://open.spotify.com/track/2MYVKTjT1xknuEyaWCngA6,6bQKFlXjvu5zynMS86XxlR,2UOVgpgiNTC6KK0vSC77aD,1,1,liked,,2023-04-10T16:26:59Z,2023-04-10T16:26:59Z,,,,
5dnWuNRDarJhJEFabsbg8u,Black Winter Day,Amorphis,Tales From The Thousand Lakes,1994,1994,,progressive metal,progressive metal; melodic death metal; death metal; folk metal; symphonic metal,1994-09-11,230893,False,,https://open.spotify.com/track/5dnWuNRDarJhJEFabsbg8u,47dOzA0J0mXfwrqQuNBaWy,2UOVgpgiNTC6KK0vSC77aD,5,1,liked,,2023-04-10T16:26:59Z,2023-04-10T16:26:59Z,,,,
2YXpYeyhPdATBV70DAAJBU,In The Beginning,Amorphis,Tales From The Thousand Lakes,1994,1994,,progressive metal,progressive metal; melodic death metal; death metal; folk metal; symphonic metal,1994-09-11,217546,False,,https://open.spotify.com/track/2YXpYeyhPdATBV70DAAJBU,47dOzA0J0mXfwrqQuNBaWy,2UOVgpgiNTC6KK0vSC77aD,7,1,liked,,2023-04-10T16:26:59Z,2023-04-10T16:26:59Z,,,,
3HdDHfa8IxaPK4jdo1Gds6,Under The Red Cloud,Amorphis,Under The Red Cloud,2015,2015,,progressive metal,progressive metal; melodic death metal; death metal; folk metal; symphonic metal,2015-09-04,333186,False,,https://open.spotify.com/track/3HdDHfa8IxaPK4jdo1Gds6,0H3E8PFN4esVyzxSfwV5OU,2UOVgpgiNTC6KK0vSC77aD,1,1,liked,,2023-04-10T16:26:59Z,2023-04-10T16:26:59Z,,,,
5o3XLBNTiwYyLeC107DXtF,Kaleidoscope,Amplifier,Record,2017,2017,,progressive rock,progressive rock; alternative rock; space rock,2017-12-15,350512,False,,https://open.spotify.com/track/5o3XLBNTiwYyLeC107DXtF,5eXxQkFPgNwngv9U6k2aCt,1lCspmd05bYpPS814xw5nl,1,1,liked,,2023-04-10T16:26:59Z,2023-04-10T16:26:59Z,,,,
4XGQUYPYfHpCMrO8BKOk5F,New Romantic,Andy Stott,Too Many Voices,2016,2016,,electronic,electronic; techno,2016-04-22,339460,False,,https://open.spotify.com/track/4XGQUYPYfHpCMrO8BKOk5F,1k7maweHIX7woy97CEmljv,6BuDxEE5rfuYeyhxQsl53K,3,1,liked,,2023-04-10T16:26:59Z,2023-04-10T16:26:59Z,,,,
6aJfwzXSVB6M5iNKf9wcVj,Ricochet,Anekdoten,Gravity,2003,2003,,progressive rock,progressive rock,2003-01-01,344973,False,,https://open.spotify.com/track/6aJfwzXSVB6M5iNKf9wcVj,21xOBykUoraF3QARnWB9DZ,79U6sDp9JfvVqlVFZnw0mm,2,1,liked,,2023-04-10T16:26:59Z,2023-04-10T16:26:59Z,,,,
3VSEXdZwkKDs2rYWmlTU5a,The War Is Over,Anekdoten,Gravity,2003,2003,,progressive rock,progressive rock,2003-01-01,282026,False,,https://open.spotify.com/track/3VSEXdZwkKDs2rYWmlTU5a,21xOBykUoraF3QARnWB9DZ,79U6sDp9JfvVqlVFZnw0mm,3,1,liked,,2023-04-10T16:26:59Z,2023-04-10T16:26:59Z,,,,
2SSzUBv4DGmLl1EAEZ32Mv,If It All Comes Down to You,Anekdoten,Until All the Ghosts Are Gone,2015,2015,,progressive rock,progressive rock,2015-04-10,352706,False,,https://open.spotify.com/track/2SSzUBv4DGmLl1EAEZ32Mv,0vT5Tg2EtMcn1zR0f2R5DP,79U6sDp9JfvVqlVFZnw0mm,3,1,liked,,2023-04-10T16:26:59Z,2023-04-10T16:26:59Z,,,,
3rv1sdVeBE0XqSqoCmgzMa,Long Time,Angel,The Casablanca Years,2018,2018,,glam rock,glam rock; progressive rock; hard rock; glam; progressive,2018-10-19,421506,False,,https://open.spotify.com/track/3rv1sdVeBE0XqSqoCmgzMa,1NYVIs4g0EQpIKCG0vo0fB,73QmfHxpPchLiom7hLLEjE,2,1,liked,,2023-04-10T16:26:59Z,2023-04-10T16:26:59Z,,,,
5l5Ejf8eOymm9oIiYx12Hp,Valium Holocaust,Angst Skvadron,Valium Holocaust,2010,2010,,black metal,black metal; avant-garde metal,2010-07-26,265640,False,,https://open.spotify.com/track/5l5Ejf8eOymm9oIiYx12Hp,0I7zKtRD3Z0YtOqqs5ImWp,0YhJRkaDolXhFqrCcUD23n,2,1,liked,,2023-04-10T16:26:59Z,2023-04-10T16:26:59Z,,,,
6ol8TZcH6NjvL8tJIPiIAg,"The Truth, The Glow, The Fall",Anna von Hausswolff,Dead Magic,2018,2018,,neoclassical dark wave,neoclassical dark wave; drone; art rock; art pop; ambient,2018-03-02,727554,False,,https://open.spotify.com/track/6ol8TZcH6NjvL8tJIPiIAg,6TwIgTmp0ntCzuc846KoXB,1eiXrvua27VlWgZ9kiaIn6,1,1,liked,,2025-07-06T11:35:33Z,2025-07-06T11:35:33Z,,,,
1kHOa6awTIx6ARwDQVoLS7,Alison Hell,Annihilator,Feast,2013,2013,,thrash metal,thrash metal; heavy metal; speed metal; technical thrash metal,2013-08-26,309021,False,,https://open.spotify.com/track/1kHOa6awTIx6ARwDQVoLS7,5GGfaOLrxK4U38Y6b2gLoY,0L8QRAAuWjqvTM8FpQ1gYO,2,2,liked,,2023-04-10T16:26:59Z,2023-04-10T16:26:59Z,,,,
6Yxs4fI4s2i75VbBcMxHyr,"Atheist, Alone",Anthony Kapfer,Cats Using Toilets,2020,2020,,electronic,electronic; electropunk,2020-03-03,68625,False,,https://open.spotify.com/track/6Yxs4fI4s2i75VbBcMxHyr,2vHNEBAjyBcOObyjGL9Kqf,1vTSt9BW0uT3w7yVfw8hF5,7,1,liked,,2023-04-10T16:26:59Z,2023-04-10T16:26:59Z,,,,
5vi2LgSUDZ4rmWweR8p5MV,Stillborn Empires,Antimatter,The Judas Table,2015,2015,,alternative rock,alternative rock; progressive rock; gothic metal; gothic rock; dark ambient,2015-10-09,440653,False,,https://open.spotify.com/track/5vi2LgSUDZ4rmWweR8p5MV,3jUxd16znyh4MF0sfFzPng,2k4duorvZ5lTq33ljpT0sc,4,1,liked,,2023-12-14T07:32:36Z,2023-12-14T07:32:36Z,,,,
5FgQkEcqMXCqFdcsEx143b,The Four Horsemen,Aphrodite's Child,6 6 6,1971,1971,,progressive rock,progressive rock; psychedelic pop; psychedelic rock; baroque pop,1971-01-01,353426,False,,https://open.spotify.com/track/5FgQkEcqMXCqFdcsEx143b,2lWDphDAlgk8PNdODreJwv,2XhhAWeUOlrZnGOB7aKEI8,4,1,liked,,2023-04-10T16:26:59Z,2023-04-10T16:26:59Z,,,,
6WREPUz3zYbsU7RJUB2LeB,Beautifully Dark,Apostle Of Solitude,Until the Darkness Goes,2021,2021,,doom metal,doom metal,2021-11-12,170746,False,,https://open.spotify.com/track/6WREPUz3zYbsU7RJUB2LeB,1IFuWW1zfb6lLtIyf0tSci,2mwF473HeljO3UyijU2Pfh,5,1,liked,,2025-01-16T12:40:11Z,2025-01-16T12:40:11Z,,,,
6nJQxHru6CwsitECfVrMJr,Nihil,Aquilus,Griseus,2011,2011,,atmospheric black metal,atmospheric black metal; symphonic black metal; black metal; neoclassical black metal; modern classical,2011-12-21,840025,False,,https://open.spotify.com/track/6nJQxHru6CwsitECfVrMJr,5SOPMPK49S8nH8ZPQguMRe,1AKQ12On2ydAN0jykcB929,1,1,liked,,2023-12-28T10:13:29Z,2023-12-28T10:13:29Z,,,,
3V0rTPYEkmADdGMv41WhMJ,Live Jam in Polynesia,Arc De Soleil,Libertalia,2020,2020,,psychedelic rock,psychedelic rock; surf rock; instrumental rock,2020-05-01,186876,False,,https://open.spotify.com/track/3V0rTPYEkmADdGMv41WhMJ,3ac70sG0O5BnprAWb4dOTA,2iLMJdaqsQ44X7MPRD7rR5,4,1,liked,,2023-04-10T16:26:59Z,2023-04-10T16:26:59Z,,,,
4spiv5pUfail6bE8MbWKvd,The Local Police,Arc De Soleil,The Local Police,2019,2019,,psychedelic rock,psychedelic rock; surf rock; instrumental rock,2019-11-08,153535,False,,https://open.spotify.com/track/4spiv5pUfail6bE8MbWKvd,1tpQRIWUqJpKLibEXJrvAB,2iLMJdaqsQ44X7MPRD7rR5,1,1,liked,,2024-04-26T13:20:57Z,2024-04-26T13:20:57Z,,,,
7dVeamoM4lm913jaT0VTbQ,The Colossus of Ylourgne (conclusion),Arcanist,Averoigne,2024,2024,,electronic,electronic; classical; black metal; doom metal; avant-garde,2024-05-03,865428,False,,https://open.spotify.com/track/7dVeamoM4lm913jaT0VTbQ,5Xd4qMPu1RIhjgBYFoH7wT,5L7CVfGcvRci5JqNeY5bFD,6,1,liked,,2024-05-19T08:35:59Z,2024-05-19T08:35:59Z,,,,
65yef6xxgpLS3tHCg31jIK,Crashland,Arcturus,Arcturian,2015,2015,,avant-garde metal,avant-garde metal; progressive metal; black metal; symphonic black metal; progressive black metal,2015-05-08,248109,False,,https://open.spotify.com/track/65yef6xxgpLS3tHCg31jIK,4XpKzX94Fp0NrwOYkyjdg4,0UGvFl1tJ49Co99gaXZH9Z,2,1,liked,,2023-04-10T16:26:59Z,2023-04-10T16:26:59Z,,,,
0FD26sNPZu2w37qqptp84L,Evacuation Code Deciphered,Arcturus,Sideshow Symphonies,2005,2005,,avant-garde metal,avant-garde metal; progressive metal; black metal; symphonic black metal; progressive black metal,2005,376360,False,,https://open.spotify.com/track/0FD26sNPZu2w37qqptp84L,1hDyoQ2z81EQY03AlmusQA,0UGvFl1tJ49Co99gaXZH9Z,5,1,liked,,2023-04-10T16:26:59Z,2023-04-10T16:26:59Z,,,,
2mJhB0z1UA0QMlTwLpv8kD,Les Peuples De L'ombre,ARKA'N ASRAFOKOR,Zã Keli,2019,2019,,nu metal,nu metal; folk metal,2019-02-15,242666,False,,https://open.spotify.com/track/2mJhB0z1UA0QMlTwLpv8kD,7KYB22vPj2QNzWxgxfgUhM,6l8FgxcVWdqGn25uZY2rgY,2,1,liked,,2025-02-03T08:00:23Z,2025-02-03T08:00:23Z,,,,
2JI8545TrhyyBM9Ag3mNGE,Emperor from the Eternal Dark,Armagedda,Only True Believers,2003,2003,,black metal,black metal,2003-01-03,200653,True,,https://open.spotify.com/track/2JI8545TrhyyBM9Ag3mNGE,6t0eCEHaBE0rjaoesX2muZ,0eeb5kjRNxsUReSblX2ApI,3,1,liked,,2023-04-10T16:26:59Z,2023-04-10T16:26:59Z,,,,
7lTSUt6gdgikrZjC5Hghgv,Masters of Time,Armagh,Masters of Time,2024,2024,,black metal,black metal; heavy metal,2024-01-11,423204,False,,https://open.spotify.com/track/7lTSUt6gdgikrZjC5Hghgv,2P5IHTZpfPeCBFlt3h2vgo,3ecv7RlQbLuqaPmpStNe6C,1,1,liked,,2024-12-05T16:45:39Z,2024-12-05T16:45:39Z,,,,
0HnviQMOfcWYI7WkeSJYiV,Phantom Warrior,Armory,World Peace... Cosmic War,2016,2016,,speed metal,speed metal,2016-08-19,181066,False,,https://open.spotify.com/track/0HnviQMOfcWYI7WkeSJYiV,6fKe0dOQONVfVSydRrTZeH,2mAu2bKoNDxD1jybBS1rku,8,1,liked,,2024-07-10T06:29:47Z,2024-07-10T06:29:47Z,,,,
4XjblkFClZyRUiHrFD2HgM,I Think I'm Going Weird,Art,The Island Years 1967 – 1974,2015,2015,,jazz,jazz; swing; stride,2015-04-25,202200,False,,https://open.spotify.com/track/4XjblkFClZyRUiHrFD2HgM,17mGV6XVUtnFkRlRYunLEs,6roGjVKhwDsDJLF1XFGD9w,1,1,liked,,2024-11-27T11:04:08Z,2024-11-27T11:04:08Z,,,,
4wudbbceOZKjRlhTtbHvAs,Spiegel im Spiegel (Version for Violin & Piano) - Version for Violin and Piano,Arvo Pärt; Vladimir Spivakov; Sergej Bezrodny,Arvo Pärt: Alina,1999,1999,,classical,classical; modern classical; orchestral; contemporary classical; symphony,1999-10-15,636000,False,,https://open.spotify.com/track/4wudbbceOZKjRlhTtbHvAs,69iw6Zy6fh2dSnEgBTZKJE,2P6ygesd9xg5DPOBnda2jg; 24o3OUQvNiz3IY9DQhFhnF; 5SB7fgTMdoI0NbO5uEfp9D,1,1,liked,,2023-04-10T16:26:59Z,2023-04-10T16:26:59Z,,,,
2ATRdl97EuNpZCZaZJCZqI,Name Bestowed,Arð,Name Bestowed,2024,2024,,doom metal,doom metal,2024-04-11,349666,False,,https://open.spotify.com/track/2ATRdl97EuNpZCZaZJCZqI,3DlUpGMf62QL6xpQsC5uQz,4S2dRXa3gZiBerZ0L4aGUe,1,1,liked,,2024-04-21T08:56:00Z,2024-04-21T08:56:00Z,,,,
6mEzft2UkwfLk34usSZ88J,Я птица,Asenssia; MyPlaceInYourSpace,Атмосфера,2020,2020,,electronic,electronic; experimental,2020-04-10,176503,False,,https://open.spotify.com/track/6mEzft2UkwfLk34usSZ88J,1mncZzSjFi94QqBN3sTCyz,7fWVKlGec67W64CuXtrWvc; 5tnxt877KjRvG9MRmvBzou,3,1,liked; playlist,Русское поле экспериментов,2023-04-10T16:26:59Z,2023-08-03T08:34:05Z,,,,
4aWXx6F0IKffa82oZyYMcO,Spiritual Architecture,Ashbringer,Absolution,2019,2019,,atmospheric black metal,atmospheric black metal; black metal; blackgaze; ambient; folk metal,2019-06-28,562515,False,,https://open.spotify.com/track/4aWXx6F0IKffa82oZyYMcO,5kwrlMkVVpba4pHFNiyIep,697R3cOlkWzOAkXztLzeg2,7,1,liked,,2023-04-10T16:26:59Z,2023-04-10T16:26:59Z,,,,
6f5ZBQeO24U6U5iw3cFnj7,Drunken Leaves,Assemble Head In Sunburst Sound,When Sweet Sleep Returned,2009,2009,,psychedelic rock,psychedelic rock; space rock; progressive rock; stoner rock; stoner metal,2009-04-07,258546,False,,https://open.spotify.com/track/6f5ZBQeO24U6U5iw3cFnj7,0sDiwLzVhGLE1PC2TIkr2W,1Nd9wmXkGfM0hTMPlJW2MB,3,1,liked,,2023-04-10T16:26:59Z,2023-04-10T16:26:59Z,,,,
2KuYCknxyaNQ0QCqBsqssS,The Sonic Ride,Astroqueen,Into Submission,2002,2002,,stoner rock,stoner rock; space rock; heavy metal; fuzz rock; hard rock,2002,309011,False,,https://open.spotify.com/track/2KuYCknxyaNQ0QCqBsqssS,4B9cytDNyVkzr4PFtN1SSq,1Zxl7JC5lyI1JAYZyiZhAo,7,1,liked,,2023-10-05T08:24:53Z,2023-10-05T08:24:53Z,,,,
3T1YjH72qs6L6tDscZFZL5,One Armed Scissor,At the Drive-In,Relationship of Command,2000,2000,,post-hardcore,post-hardcore; emo; alternative rock; art punk; electronic,2000,260293,False,,https://open.spotify.com/track/3T1YjH72qs6L6tDscZFZL5,0BrySJeJIdjsGkJDn2nXbc,5E2rtn57BM2WPjwak4kGd5,3,1,liked,,2023-04-10T16:26:59Z,2023-04-10T16:26:59Z,,,,
6N2YX6FlZ26G4uShVkXKws,Souls of the Evil Departed,At The Gates,Gardens of Grief,2016,2016,,melodic death metal,melodic death metal; death metal; swedish death metal; gothenburg metal; rock and indie,2016-02-12,214000,False,,https://open.spotify.com/track/6N2YX6FlZ26G4uShVkXKws,1wsZWHGBWj89l20dIuiiIi,6YXarbjg36ODFPez0PnOlD,1,1,liked,,2023-04-10T16:26:59Z,2023-04-10T16:26:59Z,,,,
2U00HUhszrCRGkNbHNkr9j,Water,Atheist,Elements,1993,1993,,technical death metal,technical death metal; progressive death metal; death metal; progressive metal; jazz metal,1993-08-30,268453,False,,https://open.spotify.com/track/2U00HUhszrCRGkNbHNkr9j,7chvfYEhEpzSUgS8D0wyrw,5QPy3HBn3AwzLEAQ8QeIo4,2,1,liked,,2023-10-25T13:21:32Z,2023-10-25T13:21:32Z,,,,
28tslupiiCdXuJehPJrIIa,Air,Atheist,Elements,1993,1993,,technical death metal,technical death metal; progressive death metal; death metal; progressive metal; jazz metal,1993-08-30,334146,False,,https://open.spotify.com/track/28tslupiiCdXuJehPJrIIa,7chvfYEhEpzSUgS8D0wyrw,5QPy3HBn3AwzLEAQ8QeIo4,4,1,liked,,2023-10-25T13:23:34Z,2023-10-25T13:23:34Z,,,,
1KtHGNMi7fbLhlxiqWZRNx,Resonance,Atoma,Skylight,2012,2012,,post-rock,post-rock,2012-04-03,352365,False,,https://open.spotify.com/track/1KtHGNMi7fbLhlxiqWZRNx,43HnIKUvQqB3LlUgETL13E,0ID8jSdMWgefUi3iHJntSY,6,1,liked,,2025-06-04T13:25:37Z,2025-06-04T13:25:37Z,,,,
1q2AnkzT6ZNCrm84xoO7nf,Then Came the Wave,Atoma,Then Came the Wave,2021,2021,,post-rock,post-rock; metal; dark ambient,2021-03-15,414746,False,,https://open.spotify.com/track/1q2AnkzT6ZNCrm84xoO7nf,4Hv5E20Kr11WR7T6Ix06xb,0ID8jSdMWgefUi3iHJntSY,1,1,liked,,2023-04-10T16:26:59Z,2023-04-10T16:26:59Z,,,,
0alAzVjp5aV0bRwzV9dyiV,Death Walks Behind You,Atomic Rooster,Best - Dance of Death,2006,2006,,progressive rock,progressive rock; hard rock; new wave,2006,442493,False,,https://open.spotify.com/track/0alAzVjp5aV0bRwzV9dyiV,4hcJsyCgXUgeeilYokg5LE,6Ix7Hx8Af0jg9X4OfD9sYR,14,1,liked,,2023-04-10T16:26:59Z,2023-04-10T16:26:59Z,,,,
34sZSX7agyM5H4q7Nmv9jk,Voodoo to You,Atomic Rooster,Nice 'n' Greasy (Expanded Edition),1973,1973,,progressive rock,progressive rock; hard rock; new wave,1973-06-15,424786,False,,https://open.spotify.com/track/34sZSX7agyM5H4q7Nmv9jk,04tY2a9EUjyLdpis7CvTsk,6Ix7Hx8Af0jg9X4OfD9sYR,3,1,liked,,2023-04-10T16:26:59Z,2023-04-10T16:26:59Z,,,,
0Uzhjrs4aQNBYigpR8kL98,Stygian II: In Ageless Slumber (As I Dream in the Doleful Embrace of the Howling Black Winds),Atramentus,Stygian,2020,2020,,funeral doom metal,funeral doom metal; doom metal,2020-08-21,294566,False,,https://open.spotify.com/track/0Uzhjrs4aQNBYigpR8kL98,3PmbwxY1WiMhgTRwCtCaJ7,5GdCBdXHvyPlSG1F19DgJ8,2,1,liked,,2024-07-18T07:26:13Z,2024-07-18T07:26:13Z,,,,
6Yq73BKG3gAE3SmPJUtXaN,Redemption Blues,Audrey Horne,Youngblood,2013,2013,,alternative rock,alternative rock; hard rock,2013-08-01,276706,False,,https://open.spotify.com/track/6Yq73BKG3gAE3SmPJUtXaN,3h3uERNQrkZhO7ac001cVR,7HudjH2VxKdpK8nj2U6yls,1,1,liked,,2023-04-10T16:26:59Z,2023-04-10T16:26:59Z,,,,
44C6FtOWJVhNdCxCiJtAPv,Вру,Auktyon,Жопа,1991,1991,,art rock,art rock; folk rock; jazz rock; russian rock; avant-folk,1991,336333,False,,https://open.spotify.com/track/44C6FtOWJVhNdCxCiJtAPv,4PPgpWHuE6kcBO824gBcxK,7pUNFHEe0MlfvvDG1dXH3m,8,1,liked; playlist,Русское поле экспериментов,2023-04-10T16:26:59Z,2023-08-05T07:10:41Z,,,,
1lXMWBKvO3AtoFPPOVj5ML,Охотник,Auktyon,Как я стал предателем,1990,1990,,art rock,art rock; folk rock; jazz rock; russian rock; avant-folk,1990,209533,False,,https://open.spotify.com/track/1lXMWBKvO3AtoFPPOVj5ML,073sRTzCBvpN8d9y2UqfGc,7pUNFHEe0MlfvvDG1dXH3m,2,1,liked,,2025-07-25T09:51:06Z,2025-07-25T09:51:06Z,,,,
4okYZwG2w0XKRs77OyriGP,Нэпман,Auktyon,Как я стал предателем,1990,1990,,art rock,art rock; folk rock; jazz rock; russian rock; avant-folk,1990,254466,False,,https://open.spotify.com/track/4okYZwG2w0XKRs77OyriGP,073sRTzCBvpN8d9y2UqfGc,7pUNFHEe0MlfvvDG1dXH3m,8,1,liked; playlist,Русское поле экспериментов,2023-04-10T16:26:59Z,2024-07-24T18:24:07Z,,,,
2JROvhj6nAjMJKG2421VCK,Птица,Auktyon,Птица,1994,1994,,art rock,art rock; folk rock; jazz rock; russian rock; avant-folk,1994,201293,False,,https://open.spotify.com/track/2JROvhj6nAjMJKG2421VCK,6S73t4W5TlYHiIKrJIZ1jb,7pUNFHEe0MlfvvDG1dXH3m,1,1,liked; playlist,Русское поле экспериментов,2023-04-10T16:26:59Z,2023-08-03T08:36:32Z,,,,
0lznmOabve1al78GuyMkc4,Дорога,Auktyon,Птица,1994,1994,,art rock,art rock; folk rock; jazz rock; russian rock; avant-folk,1994,197741,False,,https://open.spotify.com/track/0lznmOabve1al78GuyMkc4,6S73t4W5TlYHiIKrJIZ1jb,7pUNFHEe0MlfvvDG1dXH3m,2,1,liked,,2023-04-10T16:26:59Z,2023-04-10T16:26:59Z,,,,
49jO2kj2USrOl78AtBtOVd,Black Thrash Attack,Aura Noir,Black Thrash Attack,2011,2011,,black metal,black metal; thrash metal; progressive metal; norwegian metal; norwegian black metal,2011-08-11,311546,False,,https://open.spotify.com/track/49jO2kj2USrOl78AtBtOVd,3upUs3audIVbLYP0EGRzwv,4S2qftLTvdEFvIPPTYmeg6,5,1,liked,,2023-04-10T16:26:59Z,2023-04-10T16:26:59Z,,,,
2Nuuch1XGN3DaDpJ0OJ7d7,Broth of Oblivion,Aura Noir,Deep Tracts of Hell,1998,1998,,black metal,black metal; thrash metal; progressive metal; norwegian metal; norwegian black metal,1998,277213,False,,https://open.spotify.com/track/2Nuuch1XGN3DaDpJ0OJ7d7,6FlEhy0Vo4oH19iBVR36KH,4S2qftLTvdEFvIPPTYmeg6,9,1,liked,,2023-04-10T16:26:59Z,2023-04-10T16:26:59Z,,,,
3uHBJSkjq9pCTuIfYczcC5,Broth of Oblivion (Outtake),Aura Noir,Dreams Like Deserts,2012,2012,,black metal,black metal; thrash metal; progressive metal; norwegian metal; norwegian black metal,2012-11-12,283013,False,,https://open.spotify.com/track/3uHBJSkjq9pCTuIfYczcC5,0UNgeNL8Uj8LPhnP7th14N,4S2qftLTvdEFvIPPTYmeg6,10,1,liked,,2023-04-10T16:26:59Z,2023-04-10T16:26:59Z,,,,
3bfEQN3q4hcZx6M9eToLzk,Black Metal Law - Studio,Aura Noir,The Merciless,2005,2005,,black metal,black metal; thrash metal; progressive metal; norwegian metal; norwegian black metal,2005-06-28,156946,True,,https://open.spotify.com/track/3bfEQN3q4hcZx6M9eToLzk,5v1zC4PzeKa2Ip6ssayUnC,4S2qftLTvdEFvIPPTYmeg6,3,1,liked,,2023-04-10T16:26:59Z,2023-04-10T16:26:59Z,,,,
3uZnwhC4hpCaDar9RXNLzk,Drone Carrying Dread,Author & Punisher,Krüller,2022,2022,,industrial,industrial; doom metal; noise; experimental; drone,2022-02-11,495749,True,,https://open.spotify.com/track/3uZnwhC4hpCaDar9RXNLzk,6RVqlSdUv4Mj79zYuCWw7a,4QtqJ5KVIhBruJWEhWjnsv,1,1,liked,,2023-07-25T07:40:31Z,2023-07-25T07:40:31Z,,,,
5kRHDwygxlBF9D2zPXjNQE,Where Stones Whisper,Autrest,"Burning Embers, Forgotten Wolves",2025,2025,,atmospheric black metal,atmospheric black metal,2025-09-05,113307,False,,https://open.spotify.com/track/5kRHDwygxlBF9D2zPXjNQE,7how56Cn7cHTt28u4cGYL8,2TZaVVEVkPfCgYMEW19RE9,4,1,liked,,2025-09-26T04:47:29Z,2025-09-26T04:47:29Z,,,,
3RqSumsXLQC1JhCKGhUQZt,In The Fallen Earth,Avolia,Falls Upon The Earth,2025,2025,,electronic,electronic; berlin school,2025-01-15,201500,False,,https://open.spotify.com/track/3RqSumsXLQC1JhCKGhUQZt,1TYNH3v1lATBs9yKz4wIWQ,2A6zRz2jhEuvi7yq5bdute,8,1,liked,,2025-01-24T07:03:45Z,2025-01-24T07:03:45Z,,,,
3nOSsr0pfowCdrbyKj3seR,Sunken Dreams,Baba Gnohm,Forgotten Stories,2022,2022,,ambient,ambient; downtempo; psybient; chillout,2022-03-18,261799,False,,https://open.spotify.com/track/3nOSsr0pfowCdrbyKj3seR,6JDTZcTaEFGtLcExRcTwoL,2emlnsOgKrMMwXqpgpBMLF,3,1,liked,,2023-04-10T16:26:59Z,2023-04-10T16:26:59Z,,,,
12At1CultHnalshMq2Tb6G,Dandelion,Baby Woodrose,Third Eye Surgery,2012,2012,,stoner rock,stoner rock; indie rock; psychedelic rock; garage rock,2012-04-16,151013,True,,https://open.spotify.com/track/12At1CultHnalshMq2Tb6G,3wCgIbxcqbMk2Gl6GgMMd0,7sn9wyy2jOUkPAUAQ8aGix,3,1,liked,,2023-04-10T16:26:59Z,2023-04-10T16:26:59Z,,,,
6kE91QjOimRTG5BW1BBj4D,Do What You Want,Bad Religion,Suffer,1988,1988,,punk rock,punk rock; melodic hardcore; skate punk; hardcore punk; rock and indie,1988,67005,True,,https://open.spotify.com/track/6kE91QjOimRTG5BW1BBj4D,2tQSaVTntSAVbDognInDQo,2yJwXpWAQOOl5XFzbCxLs9,13,1,liked,,2024-11-08T10:57:41Z,2024-11-08T10:57:41Z,,,,
4jmLj7bALZTQoe93dT623W,In Your Eyes,BADBADNOTGOOD; Charlotte Day Wilson,IV,2016,2016,,hip hop,hip hop; alternative r&b; instrumental hip hop; rap; jazz,2016-07-08,247054,False,,https://open.spotify.com/track/4jmLj7bALZTQoe93dT623W,5wAGlQICfKYQfaBppnUbmP,65dGLGjkw3UbddUg2GKQoZ; 3GQboECxDT1xqPPWC30p7v,10,1,liked,,2023-04-10T16:26:59Z,2023-04-10T16:26:59Z,,,,
2lTb7nxAzudRfO5s9VP8ds,"And Lo, When The Imperium Marches Against Gul-Kothoth",Bal-Sagoth,Starfire Burning Upon The Ice Veiled Throne Of Ultima Thule,2016,2016,,black metal,black metal; symphonic metal; symphonic black metal; epic black metal,2016-05-06,385280,True,,https://open.spotify.com/track/2lTb7nxAzudRfO5s9VP8ds,6Xv60BTuvwZVqnYEKWOOJk,4LW3dUNA0zx0gbaeJOuxgX,7,1,liked,,2023-04-10T16:26:59Z,2023-04-10T16:26:59Z,,,,
0jh5bOHS8WlbL7tcPv3ysL,Callisto Rising,Bal-Sagoth,The Power Cosmic,1999,1999,,black metal,black metal; symphonic metal; symphonic black metal; epic black metal,1999-10-11,272106,False,,https://open.spotify.com/track/0jh5bOHS8WlbL7tcPv3ysL,0RFsyGDZi5v6c2ocwrfiEg,4LW3dUNA0zx0gbaeJOuxgX,5,1,liked,,2023-04-10T16:26:59Z,2023-04-10T16:26:59Z,,,,
769XQEGGDPXFxoXFwzcFkf,Freed from Desire,Banda Peña Kali,Banda Peña Kali,2023,2023,,reggae,reggae,2023-09-02,145874,False,,https://open.spotify.com/track/769XQEGGDPXFxoXFwzcFkf,0ibxVyvVmYRjboqJpKgxgB,3TIcu3H5NT6jweJiPV2S4Q,1,1,liked,,2024-06-26T05:35:51Z,2024-06-26T05:35:51Z,,,,
0vX9Wjn8T9idF5X3iMaqHG,Keep On,Bang,Mother / Bow To The King,1972,1972,,heavy metal,heavy metal; hard rock; psychedelic rock; psychedelic hard rock; psychedelic heavy metal,1972,220533,False,,https://open.spotify.com/track/0vX9Wjn8T9idF5X3iMaqHG,5WFIHWa1WyhmrTmVhevQZR,3xKvIIizveDU2e542VdHCT,3,1,liked,,2024-10-25T10:57:07Z,2024-10-25T10:57:07Z,,,,
1gbayuB37cCyAJC6tfGK6V,Something Wrong,Bang Gang,Something Wrong,2003,2003,,electronic,electronic,2003-06-01,173440,False,,https://open.spotify.com/track/1gbayuB37cCyAJC6tfGK6V,1kTlB0hgrmZEEGsXnwiFup,2fx7ZzHDwjIK13GOGAnb2O,3,1,liked,,2023-04-10T16:26:59Z,2023-04-10T16:26:59Z,,,,
3RSiw9T4sAT4Rfx24YeBRU,DEATH OF A PREDATOR,Banshee,FAIRY PHONK,2022,2022,,heavy metal,heavy metal; power metal; glam metal; glam; us power metal,2022-11-11,153600,True,,https://open.spotify.com/track/3RSiw9T4sAT4Rfx24YeBRU,305PTplSb0MkTkVEOgV6Kj,0DG7J8Q9Alnt65HJv6owzf,5,1,liked,,2024-12-28T17:21:16Z,2024-12-28T17:21:16Z,,,,
7pDew26gHiXYoudsaiBIE6,THE ANGEL IN THE SOUND,Banshee,SIRENCORE,2024,2024,,heavy metal,heavy metal; power metal; glam metal; glam; us power metal,2024-03-08,198461,False,,https://open.spotify.com/track/7pDew26gHiXYoudsaiBIE6,4x7Lhq0tk6h8G7bazJcPsl,0DG7J8Q9Alnt65HJv6owzf,4,1,liked,,2024-12-21T17:46:53Z,2024-12-21T17:46:53Z,,,,
3OLrAyE2JXKGNeSAaJR1OK,At the edge of the Sea,Banshee,SIRENCORE,2024,2024,,heavy metal,heavy metal; power metal; glam metal; glam; us power metal,2024-03-08,160000,False,,https://open.spotify.com/track/3OLrAyE2JXKGNeSAaJR1OK,4x7Lhq0tk6h8G7bazJcPsl,0DG7J8Q9Alnt65HJv6owzf,6,1,liked,,2024-12-21T17:51:27Z,2024-12-21T17:51:27Z,,,,
7m4rsekmwWrti3eg7l2RO4,For No One,Barclay James Harvest,Everyone Is Everybody Else,1974,1974,,progressive rock,progressive rock; art rock; psychedelic pop; pop rock; symphonic prog,1974,307493,False,,https://open.spotify.com/track/7m4rsekmwWrti3eg7l2RO4,6nrGKliLMmkrv5Q1UtYVyc,2pVMD4bFwl4AyoYyyo51Qg,9,1,liked,,2023-04-10T16:26:59Z,2023-04-10T16:26:59Z,,,,
26BPp5ztdAe2YHBZHw7jEv,Love Is Like A Violin,Barclay James Harvest,Gone To Earth,1977,1977,,progressive rock,progressive rock; art rock; psychedelic pop; pop rock; symphonic prog,1977,245160,False,,https://open.spotify.com/track/26BPp5ztdAe2YHBZHw7jEv,0p6ZIhZDrDG73xK5zz74wO,2pVMD4bFwl4AyoYyyo51Qg,2,1,liked,,2023-04-10T16:26:59Z,2023-04-10T16:26:59Z,,,,
42xxNZR6BzeLuDBjyyqGFr,Poor Man's Moody Blues,Barclay James Harvest,Gone To Earth,1977,1977,,progressive rock,progressive rock; art rock; psychedelic pop; pop rock; symphonic prog,1977,417586,False,,https://open.spotify.com/track/42xxNZR6BzeLuDBjyyqGFr,0p6ZIhZDrDG73xK5zz74wO,2pVMD4bFwl4AyoYyyo51Qg,4,1,liked,,2023-04-10T16:26:59Z,2023-04-10T16:26:59Z,,,,
2HuKPBTjdwDz4AgyScuMDe,Mocking Bird,Barclay James Harvest,Once Again,1971,1971,,progressive rock,progressive rock; art rock; psychedelic pop; pop rock; symphonic prog,1971,399306,False,,https://open.spotify.com/track/2HuKPBTjdwDz4AgyScuMDe,6zRtvOW9uHAqVeUKVnSnGZ,2pVMD4bFwl4AyoYyyo51Qg,5,1,liked,,2023-10-07T11:47:13Z,2023-10-07T11:47:13Z,,,,
1mGrTKcnt5AfN3jbnxyFT6,Last Word,Baroness,Beneath the Rose,2023,2023,,stoner metal,stoner metal; sludge metal; post-metal; progressive metal; heavy metal,2023-07-14,377560,False,,https://open.spotify.com/track/1mGrTKcnt5AfN3jbnxyFT6,2no4ulladMZvuT4Nas8iwL,3KdXhEwbqFHfNfSk7L9E87,2,1,liked,,2023-07-17T17:14:48Z,2023-07-17T17:14:48Z,,,,
6B79wNShyZCs8fxI9vp0rZ,Morningstar,Baroness,Purple,2015,2015,,stoner metal,stoner metal; sludge metal; post-metal; progressive metal; heavy metal,2015-12-18,256733,False,,https://open.spotify.com/track/6B79wNShyZCs8fxI9vp0rZ,7bzSRJuSLfCTWRzrOni6X7,3KdXhEwbqFHfNfSk7L9E87,1,1,liked,,2025-11-10T12:28:17Z,2025-11-10T12:28:17Z,,,,
5n5K6czwgPvZQpMTJVZ03O,Shock Me,Baroness,Purple,2015,2015,,stoner metal,stoner metal; sludge metal; post-metal; progressive metal; heavy metal,2015-12-18,257120,False,,https://open.spotify.com/track/5n5K6czwgPvZQpMTJVZ03O,7bzSRJuSLfCTWRzrOni6X7,3KdXhEwbqFHfNfSk7L9E87,2,1,liked,,2023-04-10T16:26:59Z,2023-04-10T16:26:59Z,,,,
4OLYwM83eMyfV8yyFZAOPe,Blood and Iron,Bathory,Twilight of the Gods,1991,1991,,black metal,black metal; viking metal; thrash metal; heavy metal; death metal,1991-01-01,628000,False,,https://open.spotify.com/track/4OLYwM83eMyfV8yyFZAOPe,0FmBbJxLRihQoFsTi3cxg7,6rBvjnvdsRxFRSrq1StGOM,3,1,liked,,2024-11-26T08:03:27Z,2024-11-26T08:03:27Z,,,,
2hfDy5r32jFMrP1VH7oIxx,Life Goes On,Beak>,Life Goes On EP,2019,2019,,experimental rock,experimental rock; electronic; krautrock; neo-psychedelia; psychedelic rock,2019-06-21,215471,False,,https://open.spotify.com/track/2hfDy5r32jFMrP1VH7oIxx,7EKvNUA47YQLm1z83LFWbK,5MGxwE9JG5IA6uqswrgNL6,1,1,liked,,2023-04-10T16:26:59Z,2023-04-10T16:26:59Z,,,,
07eki4Nvj4bR7RYNA1LeM7,Into the Grave,Bedemon,Child of Darkness,2006,2006,,doom metal,doom metal; heavy metal,2006,195653,False,,https://open.spotify.com/track/07eki4Nvj4bR7RYNA1LeM7,764CrxabYPbhNkD0TRxHxP,3k3Z3ZWfkRv3waoAN9sLVG,8,1,liked,,2023-04-10T16:26:59Z,2023-04-10T16:26:59Z,,,,
5oVgpbejmEnppCrZ7mEZ3D,Closure,Before The Dawn,Rise of the Phoenix,2012,2012,,melodic death metal,melodic death metal; gothic metal; death doom metal; death-doom,2012-04-27,224613,False,,https://open.spotify.com/track/5oVgpbejmEnppCrZ7mEZ3D,5t5TGPMtMk3ZL5r5G3Ptoe,6L77qXFnXb7Tac7xzPa0Y7,9,1,liked,,2026-03-23T10:33:13Z,2026-03-23T10:33:13Z,,,,
3FxS7BMjEmOvPQ4nt2mo06,One Day Less,Before The Rain,...One Day Less,2011,2011,,doom metal ethereal shoegaze,doom metal ethereal shoegaze,2011-12-29,1077160,False,,https://open.spotify.com/track/3FxS7BMjEmOvPQ4nt2mo06,36rnGD755kaaTa2bf3NYrT,4razy3wlCYJqk0mzeF2X7a,6,1,liked,,2025-07-15T12:08:15Z,2025-07-15T12:08:15Z,,,,
2CBLNXy6B72bp1jZC9ksGS,Полтерпсих,Behrosth,Liquid Midnight,2024,2024,,soul,soul; space rock,2024-09-06,212160,False,,https://open.spotify.com/track/2CBLNXy6B72bp1jZC9ksGS,5V7b8qb4daESRv9Sos4hJA,0QYHNTPl2jXrZnpSx7KsSn,8,1,liked,,2024-09-20T09:28:14Z,2024-09-20T09:28:14Z,,,,
2zgLBgDICECjj0Xm3Q5swX,The Bastard Wind,Bell Witch; Aerial Ruin,Stygian Bough Volume I,2020,2020,,doom metal,doom metal; funeral doom metal; sludge metal; death metal; black metal,2020-06-26,1148893,False,,https://open.spotify.com/track/2zgLBgDICECjj0Xm3Q5swX,4hqav7g0lHzZisgt5T5LTK,6lZ0xXnt7D1JXxv03XLX0K; 4cAA9ofN2C0BXkuSJYwwYW,1,1,liked,,2023-04-10T16:26:59Z,2023-04-10T16:26:59Z,,,,
0O1pW23yJpnCPqzv5thwmV,Witch Rider,Belzebong,Sonic Scapes & Weedy Grooves,2016,2016,,stoner rock,stoner rock; doom; stoner metal; stoner,2016-04-29,322239,False,,https://open.spotify.com/track/0O1pW23yJpnCPqzv5thwmV,2FjbfpqKgGrK98jjlbmjaT,3MffQ9fJsgtOEqW8GvzJW8,3,1,liked,,2024-09-30T14:24:16Z,2024-09-30T14:24:16Z,,,,
0xyq3rkG2At8kvWhuKiNZy,"Tick Tack, Tick Tack",Ben Frost,Dark: Cycle 1 (Original Music From The Netflix Series),2019,2019,,electronic,electronic; ambient; drone,2019-06-28,172545,False,,https://open.spotify.com/track/0xyq3rkG2At8kvWhuKiNZy,1vWVmulCwBHYnN5LuQwjJv,6qEM4txXHvfMbOUOK9L7pl,4,1,liked,,2023-04-10T16:26:59Z,2023-04-10T16:26:59Z,,,,
6piuCKWW9pwvG1LYDWGk9D,Three Times,Ben Kenney; Ashley Mendel; Rachel Ana Dobken,Powerful Buttcheeks,2025,2025,,alternative rock,alternative rock; funk rock,2025-03-03,226898,False,,https://open.spotify.com/track/6piuCKWW9pwvG1LYDWGk9D,6TFAGeU6N3n638YJ43mlIA,15s1IwQay2fEO4BZtmnqca; 0x5Bs8i5CbRrJRqkC697ig; 0yjMY9pIL4rmCOLrNtvSlP,12,1,liked,,2025-03-17T08:20:49Z,2025-03-17T08:20:49Z,,,,
0EiN255yWevx5gH5ttXxnH,Forsvinne,Bendik,Drømmen gjør meg ingenting,2012,2012,,electronic,electronic; pop; indie rock,2012-10-05,328426,False,,https://open.spotify.com/track/0EiN255yWevx5gH5ttXxnH,4WDlS4dWEyLCOlflMsyKyX,4krYRNHjKcETSEY2Ghf9Mo,1,1,liked,,2023-04-10T16:26:59Z,2023-04-10T16:26:59Z,,,,
6sCVyTLpXE9sJp3sVzStOL,Svandalen,Benjamin Mørk; Arve Henriksen,The Valleys,2021,2021,,avant-garde jazz,avant-garde jazz; contemporary jazz; nu jazz; jazz and blues; jazzmusiker,2021-10-01,231428,False,,https://open.spotify.com/track/6sCVyTLpXE9sJp3sVzStOL,3FVTG2GMIREEgngTp0hWDX,2fC3X6tyQk1zYIDjwSYxE6; 32pN1An13076I4PTMzn2g7,3,1,liked,,2023-04-10T16:26:59Z,2023-04-10T16:26:59Z,,,,
1edqNVxyGFSBKvfVtvsQaA,I. Affettuoso,Bernhard Joachim Hagen; Robert Barto,Hagen: The Augsburg Manuscript Music for Lute,2012,2012,,classical,classical; lute,2012-05-01,212293,False,,https://open.spotify.com/track/1edqNVxyGFSBKvfVtvsQaA,0Q8pcZMT6MVUm5UiZHO4c1,4C5ayULfDjchGDFpclI1bx; 2CnMgd69h3tuIxd875biVF,1,1,liked,,2026-02-13T15:45:02Z,2026-02-13T15:45:02Z,,,,
1tBEA8xUFc6qF8ewr0bjjb,Clouds,Besvärjelsen,Atlas,2022,2022,,doom,doom; stoner rock; doom metal; psychedelic rock; stoner metal,2022-05-27,279253,False,,https://open.spotify.com/track/1tBEA8xUFc6qF8ewr0bjjb,1vwrThsv99gKQ7Kkf4EcCH,4KBxK8PodYKpYBpN6ewwmQ,3,1,liked,,2023-04-10T16:26:59Z,2023-04-10T16:26:59Z,,,,
6vhlRAcMe2NYCNvtNMsFah,Digerliden,Besvärjelsen,Atlas,2022,2022,,doom,doom; stoner rock; doom metal; psychedelic rock; stoner metal,2022-05-27,282293,False,,https://open.spotify.com/track/6vhlRAcMe2NYCNvtNMsFah,1vwrThsv99gKQ7Kkf4EcCH,4KBxK8PodYKpYBpN6ewwmQ,6,1,liked,,2023-04-10T16:26:59Z,2023-04-10T16:26:59Z,,,,
390fYdvfqp2CRdeqonosQv,Lonely Lyle,Big Business,Battlefields Forever,2014,2014,,heavy rock,heavy rock,2014-06-23,558884,False,,https://open.spotify.com/track/390fYdvfqp2CRdeqonosQv,5c92XNwoGcrQ4rWUX2M3aK,5o1BnhK2ziS42PCJMuiGd6,9,1,liked,,2023-04-10T16:26:59Z,2023-04-10T16:26:59Z,,,,
0pUVeEgZuNyFzIMKp67RbS,Eyes Without A Face,Billy Idol,Rebel Yell,1983,1983,,hard rock,hard rock; new wave; classic rock; electronic; punk rock,1983-11-01,299240,False,,https://open.spotify.com/track/0pUVeEgZuNyFzIMKp67RbS,2FZNWUmgRoP8uJZBaHJdfj,7lzordPuZEXxwt9aoVZYmG,3,1,liked,,2026-03-28T20:06:55Z,2026-03-28T20:06:55Z,,,,
3CSpzkoL1XgDBZ1q9aDCUV,Uptown Girl,Billy Joel,The Essential Billy Joel,2001,2001,,piano rock,piano rock; soft rock; pop rock; classical; singer-songwriter,2001-10-02,198294,False,,https://open.spotify.com/track/3CSpzkoL1XgDBZ1q9aDCUV,7r36rel1M4gyBavfcJP6Yz,6zFYqv1mOsgBRQbae3JJ9e,3,2,liked,,2023-04-11T15:53:43Z,2023-04-11T15:53:43Z,,,,
1USSxMtid8Qb4pjeERbGO7,Eyes On Six,Biohazard,Divided We Fall,2025,2025,,hardcore,hardcore; rap metal,2025-10-17,200609,True,,https://open.spotify.com/track/1USSxMtid8Qb4pjeERbGO7,1gISxtTTcfvzjuwWM6C2vZ,3nhxXtHwC2TookQyqQlFK1,3,1,liked,,2025-10-26T08:05:19Z,2025-10-26T08:05:19Z,,,,
0urvXpvgGLXjHInuyzMm0X,S.I.T.F.O.A.,Biohazard,Divided We Fall,2025,2025,,hardcore,hardcore; rap metal,2025-10-17,204543,False,,https://open.spotify.com/track/0urvXpvgGLXjHInuyzMm0X,1gISxtTTcfvzjuwWM6C2vZ,3nhxXtHwC2TookQyqQlFK1,8,1,liked,,2025-10-28T16:10:40Z,2025-10-28T16:10:40Z,,,,
5PbC9tBONAbLTDTfMvzndz,Down for Life,Biohazard,State Of The World Address,1994,1994,,hardcore,hardcore; rap metal,1994-05-02,225960,False,,https://open.spotify.com/track/5PbC9tBONAbLTDTfMvzndz,6vlx9tTK4GMMflGu1wZVzn,3nhxXtHwC2TookQyqQlFK1,2,1,liked,,2023-04-10T16:26:59Z,2023-04-10T16:26:59Z,,,,
3ZIwetgnl1HSF5jopm7e69,Tales from the Hard Side,Biohazard,State Of The World Address,1994,1994,,hardcore,hardcore; rap metal,1994-05-02,340000,True,,https://open.spotify.com/track/3ZIwetgnl1HSF5jopm7e69,6vlx9tTK4GMMflGu1wZVzn,3nhxXtHwC2TookQyqQlFK1,4,1,liked,,2025-09-20T11:14:01Z,2025-09-20T11:14:01Z,,,,
7usgJJP3CuXJBbGcXxvZbd,Shades of Grey - Remastered,Biohazard,Urban Discipline,1992,1992,,hardcore,hardcore; rap metal,1992,206573,True,,https://open.spotify.com/track/7usgJJP3CuXJBbGcXxvZbd,4ZtfEq2ES0vRMUY5shqDws,3nhxXtHwC2TookQyqQlFK1,3,1,liked,,2025-09-20T11:10:52Z,2025-09-20T11:10:52Z,,,,
2IkzXZCeUM4PsbWlRjgHbK,Black and White and Red All Over - Remastered,Biohazard,Urban Discipline,1992,1992,,hardcore,hardcore; rap metal,1992,244000,True,,https://open.spotify.com/track/2IkzXZCeUM4PsbWlRjgHbK,4ZtfEq2ES0vRMUY5shqDws,3nhxXtHwC2TookQyqQlFK1,5,1,liked,,2025-09-20T11:10:55Z,2025-09-20T11:10:55Z,,,,
7GNropjntjn18F4ewXI0Rs,Urban Discipline - Remastered,Biohazard,Urban Discipline,1992,1992,,hardcore,hardcore; rap metal,1992,333800,True,,https://open.spotify.com/track/7GNropjntjn18F4ewXI0Rs,4ZtfEq2ES0vRMUY5shqDws,3nhxXtHwC2TookQyqQlFK1,8,1,liked,,2025-09-20T11:11:01Z,2025-09-20T11:11:01Z,,,,
2166xd2deojlpYiiNp1ilU,Axl Rose,Björn Olsson,Ingen titel,2025,2025,,psychedelic rock,psychedelic rock; instrumental rock,2025-08-22,190591,False,,https://open.spotify.com/track/2166xd2deojlpYiiNp1ilU,0k4jBAaKZdp7DQ9Oh5VNuy,522M1OdbnnJ3c1Bjxy69tb,6,1,liked,,2025-09-05T08:00:34Z,2025-09-05T08:00:34Z,,,,
5gEmHCjZe4yMFiIhryHDtx,1995,Björn Olsson,The Shrimp,2001,2001,,psychedelic rock,psychedelic rock; instrumental rock,2001,130826,False,,https://open.spotify.com/track/5gEmHCjZe4yMFiIhryHDtx,74jupD4WJ5XMKOpNkKocbO,522M1OdbnnJ3c1Bjxy69tb,4,1,liked,,2023-04-11T15:58:56Z,2023-04-11T15:58:56Z,,,,
015ygD7ajAIOokUBjSpf2m,L'Oratoire,Black Bile,L'Oratoire,2023,2023,,funeral doom metal,funeral doom metal,2023-10-13,296447,False,,https://open.spotify.com/track/015ygD7ajAIOokUBjSpf2m,2sB7RAZlm996Qx9CSwRiaD,4skBbkxAjVaqb2f2RBxpuM,4,1,liked,,2023-10-20T08:08:18Z,2023-10-20T08:08:18Z,,,,
6aVCLowL8hENDLXFAczI0N,Song Of Yesterday,Black Country Communion,Black Country Communion,2010,2010,,hard rock,hard rock; blues rock; classic rock,2010-09-21,512773,False,,https://open.spotify.com/track/6aVCLowL8hENDLXFAczI0N,1zbHFfJffjyW7WOQfvrbvq,7by60V2ChbeiVhwXK5Jk6l,6,1,liked,,2023-04-10T16:26:59Z,2023-04-10T16:26:59Z,,,,
1zMpzhv2SNFrtRewtcKSk6,Cosmic Blues For Solitary Moose,Black Elephant,Cosmic Blues,2018,2018,,heavy blues,heavy blues; blues rock; psychedelic rock; stoner rock,2018-07-20,229880,False,,https://open.spotify.com/track/1zMpzhv2SNFrtRewtcKSk6,2KZnkuSNIdaPFPFeYyVvot,03u8GNyd701MXQgN2avCjH,6,1,liked,,2025-07-28T12:32:25Z,2025-07-28T12:32:25Z,,,,
0UFkbnxj34vZVgwwEDy29e,A wild river to take you home,Black Hill; Silent Island,Tales of the night forest,2018,2018,,post-rock,post-rock; ambient; acoustic rock; dark folk; math rock,2018-05-14,229535,False,,https://open.spotify.com/track/0UFkbnxj34vZVgwwEDy29e,7J5CwUsg2oS6MpvI8N5GAP,64Ql0eGtS5olwVo47Km3zt; 6inyUzK7dr7MUbugV1zAHI,1,1,liked,,2023-04-10T16:26:59Z,2023-04-10T16:26:59Z,,,,
7zYsOalHgRYxUpUsCVpjKI,Death Grip,Black Lung,Dark Waves,2022,2022,,electronic,electronic; industrial; electronica,2022-05-27,218786,False,,https://open.spotify.com/track/7zYsOalHgRYxUpUsCVpjKI,6PrCWQ8z2CFf7GPg7Q8nvo,6nlUvNHe3PxYDLR3FyYz2H,6,1,liked,,2025-01-16T13:07:29Z,2025-01-16T13:07:29Z,,,,
508fxhUvTLMYv3XOFGMWbX,Rite of the Wizard,Black Magic,Wizard's Spell,2014,2014,,rock,rock; heavy metal; black metal,2014,203428,False,,https://open.spotify.com/track/508fxhUvTLMYv3XOFGMWbX,5gzKE5cmwwiWckoxamcZXl,3HJsLXBdM93AIbbWltmcQq,2,1,liked,,2024-11-08T05:25:52Z,2024-11-08T05:25:52Z,,,,
76Ll6k1YMpxS8Kw2HRwjdA,Holy Moon,Black Rainbows,Holy Moon,2014,2014,,psychedelic rock,psychedelic rock; stoner rock; space rock; boogie rock; hard rock,2014-11-17,312373,False,,https://open.spotify.com/track/76Ll6k1YMpxS8Kw2HRwjdA,5hLvmUzqmpZswt83eQrI3r,6VNmsa4FPNunveA9ktg0Nb,1,1,liked,,2024-03-28T17:30:28Z,2024-03-28T17:30:28Z,,,,
3XKl5FQuMoK3jSHsIGX48x,In Ancient Days,Black Widow,Live - Demons of the Night Gather to See,2008,2008,,occult rock,occult rock; progressive rock; psychedelic rock; hard rock; classic rock,2008,902066,False,,https://open.spotify.com/track/3XKl5FQuMoK3jSHsIGX48x,6eNHvuExe3yc0wfowpNbg2,2RoSn61Wacd3HAbWA6jqSJ,1,1,liked,,2023-04-10T16:26:59Z,2023-04-10T16:26:59Z,,,,
0E5GQJPvKvp2XEcwSLyROD,Road Fever,Blackfoot,Strikes,1979,1979,,southern rock,southern rock; hard rock,1979,188306,False,,https://open.spotify.com/track/0E5GQJPvKvp2XEcwSLyROD,2nI6tciaY3r6CQR8YkXaYM,10rzK0sLCXsUlDhl8ed0MV,1,1,liked,,2023-04-10T16:26:59Z,2023-04-10T16:26:59Z,,,,
5ii7TiqgARNO0I1KnqUXJ3,decadance,Blackignation,Another World,2022,2022,,electronic,electronic; house; electro; techno,2022-01-07,112270,False,,https://open.spotify.com/track/5ii7TiqgARNO0I1KnqUXJ3,03tHACS35SBP0HhVd3ZJkZ,5feE2gB3ZaXiTzMbGFYb06,6,1,liked,,2023-04-10T16:28:05Z,2023-04-10T16:28:05Z,,,,
6wllY4h6leMu11I15Rp9OS,Khan,Blacko Bandito,Jone,2022,2022,,reggae,reggae; rap; ragga hip-hop,2022-06-16,80000,False,,https://open.spotify.com/track/6wllY4h6leMu11I15Rp9OS,6vNFsmFwyL6qQ6HvJ7a1GX,1ZcU46lAYmyhZ7kbUnbazE,5,1,liked,,2023-04-10T16:28:04Z,2023-04-10T16:28:04Z,,,,
1H2rFCTCx44JM27DdwHMUf,ITIIITIATIIHYLIHYL,BLACKSHAPE,BLACKSHAPE,2021,2021,,post-rock,post-rock; instrumental rock,2021-04-23,372573,False,,https://open.spotify.com/track/1H2rFCTCx44JM27DdwHMUf,0pVTKRPDN6El0hlGuYQ7LZ,5ioOCIkpBfV9Z8Zm5DP4vH,10,1,liked,,2025-07-06T17:42:32Z,2025-07-06T17:42:32Z,,,,
0nZj6UgjZ78pYJhG36zSRU,Spades,Blackwater Holylight,Not Here Not Gone,2026,2026,,psychedelic rock,psychedelic rock; doom metal; stoner rock; indie rock; hard rock,2026-01-30,183295,False,,https://open.spotify.com/track/0nZj6UgjZ78pYJhG36zSRU,55jaQmtN4s05nDUqqrmXkw,2fqEhs5dZBrDLUqHvWRtBc,6,1,liked,,2026-02-15T11:21:20Z,2026-02-15T11:21:20Z,,,,
2jaiLfQxk4reGO0HK72k15,Burial,Blanket,Modern Escapism,2021,2021,,post-rock,post-rock; ambient,2021-10-08,280435,False,,https://open.spotify.com/track/2jaiLfQxk4reGO0HK72k15,3mKbsXZlJDPHl7v4IoyXxe,2AOTmilsEJDBEM6SIHFFy6,8,1,liked,,2023-04-10T16:26:59Z,2023-04-10T16:26:59Z,,,,
1Gac3BjYY98hH9YgQEl7Lm,Time What Is Time - Remastered 2007,Blind Guardian,Somewhere Far Beyond (Remastered 2007),1992,1992,,power metal,power metal; speed metal; progressive metal; heavy metal,1992-06-30,344040,False,,https://open.spotify.com/track/1Gac3BjYY98hH9YgQEl7Lm,4oruHZSLyTDKPNY2VQIlCS,7jxJ25p0pPjk0MStloN6o6,1,1,liked,,2026-04-09T07:21:38Z,2026-04-09T07:21:38Z,,,,
3NfLSMOVWDKfYDE0WAm7uf,Toes Across The Floor,Blind Melon,Soup,1995,1995,,alternative rock,alternative rock; blues rock; grunge; folk rock; psychedelic rock,1995-01-01,187133,False,,https://open.spotify.com/track/3NfLSMOVWDKfYDE0WAm7uf,1oFb2lITfburNYlKeyGnMO,5sD1ZLf2dGQ9gQ3YJl1eAd,5,1,liked,,2023-04-10T16:26:59Z,2023-04-10T16:26:59Z,,,,
5AkA1lOz5TdoHgxypg8KBH,Melody Experiment,Blonde Redhead,Melody Experiment,2023,2023,,indie rock,indie rock; alternative rock; rock and indie,2023-06-27,310094,False,,https://open.spotify.com/track/5AkA1lOz5TdoHgxypg8KBH,7c4Le8n8KqIjw6v5Pit2W5,5isqImG0rLfAgBJSPMEVXF,1,1,liked,,2023-07-21T16:13:22Z,2023-07-21T16:13:22Z,,,,
2lnOcB5qNpdknjo8ShTq7s,"Things Present, Things Past",Blood Ceremony,Lord of Misrule,2016,2016,,doom metal,doom metal; progressive rock; psychedelic folk; occult rock; psychedelic rock,2016-03-25,331866,False,,https://open.spotify.com/track/2lnOcB5qNpdknjo8ShTq7s,5ZxI30AGxfMgiyDH29bWaa,2GCHfAuitdlOYPjRrgPhI6,9,1,liked,,2024-10-25T10:48:47Z,2024-10-25T10:48:47Z,,,,
6ZImhrGZOsTHhRQAE0nzNB,The Giza Power Plant,Blood Incantation,Hidden History of the Human Race,2019,2019,,death metal,death metal; progressive death metal; space ambient; technical death metal; progressive metal,2019-11-22,425480,False,,https://open.spotify.com/track/6ZImhrGZOsTHhRQAE0nzNB,0SdKqbCAKdkEFPW5NyzK7R,6FGv87WQ3mJWn3cmLUww6x,2,1,liked,,2024-11-29T10:32:08Z,2024-11-29T10:32:08Z,,,,
78wEh3gEU17uLL5A4cOo9V,Mourning Dawn,Bloody Keep,Bloody Horror,2021,2021,,black metal,black metal,2021-10-01,465780,False,,https://open.spotify.com/track/78wEh3gEU17uLL5A4cOo9V,55BbJ8tnYG7kaDGkna8ijE,68y0ksWYFYIRCIDxCqlALs,2,1,liked,,2024-08-12T20:33:19Z,2024-08-12T20:33:19Z,,,,
0Jixcs5VNkKf2Sfrzm4rQm,Not Done,Bloody Knees,Not Done,2017,2017,,alternative rock,alternative rock; punk,2017-07-28,239602,False,,https://open.spotify.com/track/0Jixcs5VNkKf2Sfrzm4rQm,2X3MgeWRSDzCMTmKQoxRuv,6pJ12qda5aKt5NJax5ZJtC,1,1,liked,,2023-04-10T16:26:59Z,2023-04-10T16:26:59Z,,,,
5QTxFnGygVM4jFQiBovmRo,(Don't Fear) The Reaper,Blue Öyster Cult,Agents Of Fortune,1976,1976,,hard rock,hard rock; heavy metal; aor; psychedelic rock; classic rock,1976,308123,False,,https://open.spotify.com/track/5QTxFnGygVM4jFQiBovmRo,6C9WzlQANeoD0GW5B41YJt,00tVTdpEhQQw1bqdu8RCx2,3,1,liked; playlist,80's,2023-04-10T16:26:59Z,2024-06-27T10:17:45Z,,,,
60TYdVs6TWIsAJ1MPRdv59,Then Came the Last Days of May,Blue Öyster Cult,Blue Oyster Cult,1972,1972,,hard rock,hard rock; heavy metal; aor; psychedelic rock; classic rock,1972,210551,False,,https://open.spotify.com/track/60TYdVs6TWIsAJ1MPRdv59,6xxUsZyckaV0shjOJ0cVpf,00tVTdpEhQQw1bqdu8RCx2,3,1,liked,,2023-04-10T16:26:59Z,2023-04-10T16:26:59Z,,,,
6zdMlZyo0XyRNclXyQvVAl,Take Me Away,Blue Öyster Cult,The Revolution By Night,1983,1983,,hard rock,hard rock; heavy metal; aor; psychedelic rock; classic rock,1983,271689,False,,https://open.spotify.com/track/6zdMlZyo0XyRNclXyQvVAl,7jQs5baTMHitYnJJX6JJMU,00tVTdpEhQQw1bqdu8RCx2,1,1,liked; playlist,80's,2023-05-30T13:06:48Z,2023-05-31T05:09:08Z,,,,
3ZPJn6QVswHf9pvBvSZnkU,The Son Of Hoarfrost,Blut Aus Nord,Ultima Thulée,1995,1995,,black metal,black metal; atmospheric black metal; industrial metal; dark ambient; ambient black metal,1995-01-15,362733,False,,https://open.spotify.com/track/3ZPJn6QVswHf9pvBvSZnkU,7mwBzvyxi4JCKKhXlJBOHg,0c0xIXQhCbmtvzM93liaSf,1,1,liked,,2023-04-10T16:26:59Z,2023-04-10T16:26:59Z,,,,
5VikgujdfbIJRuUAMQ2zei,Nameless Rites,Blut Aus Nord,​Disharmonium - Nahab,2023,2023,,black metal,black metal; atmospheric black metal; industrial metal; dark ambient; ambient black metal,2023-08-25,295573,False,,https://open.spotify.com/track/5VikgujdfbIJRuUAMQ2zei,2spORRGVutsk0KwxPhd3eU,0c0xIXQhCbmtvzM93liaSf,8,1,liked,,2023-08-25T10:45:08Z,2023-08-25T10:45:08Z,,,,
3KJeOdlwj5W0c9XIrjqzY0,Constant Fear,Bohren & Der Club Of Gore,Black Earth,2016,2016,,dark jazz,dark jazz; dark ambient; doom jazz,2016-10-14,387666,False,,https://open.spotify.com/track/3KJeOdlwj5W0c9XIrjqzY0,2xDo02ZrqGjkkOcsm35E5L,4VpWzXVUAR2YyQuWQpNGAf,7,1,liked,,2023-04-10T16:26:59Z,2023-04-10T16:26:59Z,,,,
4xTLNgK0TlFqEiHWaD3oIn,Cold World,Bong-Ra,Cold World,2025,2025,,breakcore,breakcore; raggacore; electronic; jungle; idm,2025-03-11,320000,False,,https://open.spotify.com/track/4xTLNgK0TlFqEiHWaD3oIn,4ztv6Nouev1mTG3FCf4tjw,6dD5LzTwdYS3gRvRSCOIVP,1,1,liked,,2025-03-17T05:53:25Z,2025-03-17T05:53:25Z,,,,
1sVPnm3MQqQGaCUH1OO8NV,Noctuary,Bonobo,Dial 'M' for Monkey,2003,2003,,downtempo,downtempo; electronic; trip hop; electronica; nu jazz,2003-06-17,322373,False,,https://open.spotify.com/track/1sVPnm3MQqQGaCUH1OO8NV,6TaDSeHRXqw06H2PlYsD5K,0cmWgDlu9CwTgxPhf403hb,1,1,liked,,2023-04-10T16:26:59Z,2023-04-10T16:26:59Z,,,,
3fsQsL36PH1G8mn68lsFRK,Walk In The Sky,Bonobo; Bajka,Days To Come,2006,2006,,downtempo,downtempo; funk; electronic; trip hop; electronica,2006-10-02,274893,False,,https://open.spotify.com/track/3fsQsL36PH1G8mn68lsFRK,5HLoU4oijKdSIFOk2o7mYn,0cmWgDlu9CwTgxPhf403hb; 4V8wJAPq2ar1y1Zc8d9DhI,10,1,liked,,2023-04-10T16:26:59Z,2023-04-10T16:26:59Z,,,,
4bl1FdMsjkTyB7IRoStT3w,The Wild Lingers,Borknagar,Fall,2024,2024,,black metal,black metal; progressive metal; progressive black metal; norwegian metal; viking metal,2024-02-23,334240,False,,https://open.spotify.com/track/4bl1FdMsjkTyB7IRoStT3w,5nK2siMASeGKxTsX9GqY3v,0vxxsjcDy61x5zvrOqwHIL,7,1,liked,,2024-02-23T16:18:21Z,2024-02-23T16:18:21Z,,,,
1sI2fyDqLwyCkhsRQHv7Tp,Northward,Borknagar,Fall,2024,2024,,black metal,black metal; progressive metal; progressive black metal; norwegian metal; viking metal,2024-02-23,594053,False,,https://open.spotify.com/track/1sI2fyDqLwyCkhsRQHv7Tp,5nK2siMASeGKxTsX9GqY3v,0vxxsjcDy61x5zvrOqwHIL,8,1,liked,,2024-02-24T17:39:37Z,2024-02-24T17:39:37Z,,,,
3lzBIGwNFXRK9VaciDGZcz,Nordic Anthem,Borknagar,Nordic Anthem,2024,2024,,black metal,black metal; progressive metal; progressive black metal; norwegian metal; viking metal,2024-01-16,314586,False,,https://open.spotify.com/track/3lzBIGwNFXRK9VaciDGZcz,1xg0JhZlMZQxTkn6wFTet6,0vxxsjcDy61x5zvrOqwHIL,1,1,liked,,2024-01-23T13:20:13Z,2024-01-23T13:20:13Z,,,,
7nZwITTiEPrHwsnlZksA4v,Wild Father's Heart,Borknagar,True North,2019,2019,,black metal,black metal; progressive metal; progressive black metal; norwegian metal; viking metal,2019-09-27,342013,False,,https://open.spotify.com/track/7nZwITTiEPrHwsnlZksA4v,6rgxoXvmfe33dbnm8CdVlU,0vxxsjcDy61x5zvrOqwHIL,5,1,liked,,2023-04-10T16:26:59Z,2023-04-10T16:26:59Z,,,,
5ND7FYqz8YA7yLZDZjEQSx,Voices,Borknagar,True North,2019,2019,,black metal,black metal; progressive metal; progressive black metal; norwegian metal; viking metal,2019-09-27,307506,False,,https://open.spotify.com/track/5ND7FYqz8YA7yLZDZjEQSx,6rgxoXvmfe33dbnm8CdVlU,0vxxsjcDy61x5zvrOqwHIL,9,1,liked,,2023-04-10T16:26:59Z,2023-04-10T16:26:59Z,,,,
3frjkX634GnJa3YJ0ht6Cp,Winter Thrice,Borknagar,Winter Thrice,2016,2016,,black metal,black metal; progressive metal; progressive black metal; norwegian metal; viking metal,2016-01-22,373346,False,,https://open.spotify.com/track/3frjkX634GnJa3YJ0ht6Cp,0gEVAS1nvmQr5yHyuZ3eu4,0vxxsjcDy61x5zvrOqwHIL,2,1,liked,,2023-04-10T16:26:59Z,2023-04-10T16:26:59Z,,,,
7wvY7tcgxIZvexzD964KCK,The Riddle,Bossa Nova Covers; Mats & My,Bossa Nova Covers,2020,2020,,bossa nova,bossa nova; lounge,2020-05-08,238732,False,,https://open.spotify.com/track/7wvY7tcgxIZvexzD964KCK,0KEmmW5iXwzpaSlaamlizL,6lkrkVSqgzJZz2jguafSAy; 3NP2Tqcgz3vv8e40BfnYm3,6,1,liked,,2025-02-19T06:02:33Z,2025-02-19T06:02:33Z,,,,
3eJALu6LgD7SctuRqN4qZC,Jungle in the Sound,Brant Bjork,Brant Bjork,2020,2020,,stoner rock,stoner rock; psychedelic rock; heavy psych; desert rock; heavy metal,2020-05-08,245843,False,,https://open.spotify.com/track/3eJALu6LgD7SctuRqN4qZC,5svHG5XDfCpthCG6JWm4qi,538ZIoOw6wW1xdjuIaQHOS,1,1,liked,,2023-04-10T16:26:59Z,2023-04-10T16:26:59Z,,,,
5BcxFvx8J0nHx5EdTFfpIf,Верю я,Bravo,Жанна Агузарова и Браво,1987,1987,,rock and roll,rock and roll,1987-01-01,182388,False,,https://open.spotify.com/track/5BcxFvx8J0nHx5EdTFfpIf,4w2TEyrdfXqV9tZpZEl54a,00pgSmUVlL9A4coAnjPayQ,5,1,liked,,2024-07-28T18:17:52Z,2024-07-28T18:17:52Z,,,,
2U3DNG8ECaHP0KfFLK1axw,Ветер знает...,Bravo,На перекрёстках весны,1996,1996,,rock and roll,rock and roll,1996-01-01,210684,False,,https://open.spotify.com/track/2U3DNG8ECaHP0KfFLK1axw,2BXEWVVGFQvLmWun5tSpCu,00pgSmUVlL9A4coAnjPayQ,10,1,liked,,2024-08-02T16:45:26Z,2024-08-02T16:45:26Z,,,,
1ckuJZ1CC2uJtbdHuMJNUi,Wintersun,Brendan Perry,Ark,2010,2010,,rock,rock; electronic; folk; dark wave,2010-06-06,362120,False,,https://open.spotify.com/track/1ckuJZ1CC2uJtbdHuMJNUi,23OKmQsrn7H3By7yBZuw78,448GEwyUiojEHd8vsFheaB,3,1,liked,,2023-04-10T16:26:59Z,2023-04-10T16:26:59Z,,,,
6qEtwwwxPnQVsfHpYAOrV7,Utopia,Brendan Perry,Ark,2010,2010,,rock,rock; electronic; folk; dark wave,2010-06-06,355573,False,,https://open.spotify.com/track/6qEtwwwxPnQVsfHpYAOrV7,23OKmQsrn7H3By7yBZuw78,448GEwyUiojEHd8vsFheaB,4,1,liked,,2023-04-10T16:26:59Z,2023-04-10T16:26:59Z,,,,
35mjZl8T7PsDJNoJUjN08k,Crescent,Brendan Perry,Ark,2010,2010,,rock,rock; electronic; folk; dark wave,2010-06-06,575360,False,,https://open.spotify.com/track/35mjZl8T7PsDJNoJUjN08k,23OKmQsrn7H3By7yBZuw78,448GEwyUiojEHd8vsFheaB,8,1,liked,,2023-04-10T16:26:59Z,2023-04-10T16:26:59Z,,,,
0aYgII3N3VY7drgQ0XzPCw,River of Disillusion,Bridge To Mars,Bridge to Mars,2016,2016,,hard rock,hard rock; progressive rock,2016-02-26,260106,False,,https://open.spotify.com/track/0aYgII3N3VY7drgQ0XzPCw,1DrMbCYVOxnEHg8nGBh7YD,33kNeXv7BfzPHTYsiXV1Jy,8,1,liked,,2024-11-20T10:53:02Z,2024-11-20T10:53:02Z,,,,
24do2JoASjfC5rZONhsYdJ,By and Bye,Brooklyn Funk Essentials; Laço Tayfa,In the Buzzbag,1998,1998,,acid jazz,acid jazz,1998-07-01,338293,False,,https://open.spotify.com/track/24do2JoASjfC5rZONhsYdJ,4vuTF0lJOhkaMJk1T81fqU,4r4tRC1EUpfUCLjwQXP5EA; 0vqpjQw309uTX5cyt2IcxC,1,1,liked,,2023-04-10T16:26:59Z,2023-04-10T16:26:59Z,,,,
7zrHnJ87htwgS20PzFmgTr,Radio Nowhere,Bruce Springsteen,Magic,2007,2007,,heartland rock,heartland rock; americana; singer-songwriter; pop rock; contemporary folk,2007-09-25,198240,False,,https://open.spotify.com/track/7zrHnJ87htwgS20PzFmgTr,7A830iYFt7vb0n0aMLyj5Z,3eqjTLE0HfPfh78zjh6TqT,1,1,liked,,2023-04-10T16:26:59Z,2023-04-10T16:26:59Z,,,,
3VcAiUnvhm8yEDO9A6mE9m,Fire,Brutus,Nest,2019,2019,,rock,rock,2019-03-29,229519,False,,https://open.spotify.com/track/3VcAiUnvhm8yEDO9A6mE9m,1OqeCBpnBINPaOni2h3hVv,7m63GptZSke3jGqCxR4rom,1,1,liked,,2023-04-10T16:26:59Z,2023-04-10T16:26:59Z,,,,
1PFlYMkMGaN15LkspzjwMz,Healing Inside Outside Every Side,Buckethead,Healing Inside Outside Every Side,2020,2020,,progressive rock,progressive rock; progressive metal; funk metal; electronic; downtempo,2020-04-04,196483,False,,https://open.spotify.com/track/1PFlYMkMGaN15LkspzjwMz,0EU1cGu2arBIRmd2QZVjFf,0fDF0jjmdouCIeWhNnblwV,2,1,liked,,2023-04-10T16:26:59Z,2023-04-10T16:26:59Z,,,,
5kwRlFmX3Hqv6EB2PJvCRe,Breadfan,Budgie,The Live Tracks,2019,2019,,heavy metal,heavy metal; progressive rock; hard rock; classic rock; classic pop and rock,2019-09-25,366360,False,,https://open.spotify.com/track/5kwRlFmX3Hqv6EB2PJvCRe,7BefYx69vnBAivtUAlVaHU,42RbQv212uOjyfIXECLKfR,14,1,liked,,2023-04-10T16:26:59Z,2023-04-10T16:26:59Z,,,,
5sbw5zIz9ck2pOEDXUR0QU,Chan Chan,Buena Vista Social Club,Buena Vista Social Club,1997,1997,,afro-cuban jazz,afro-cuban jazz; son cubano; folk; latin; rock and indie,1997-06-23,256653,False,,https://open.spotify.com/track/5sbw5zIz9ck2pOEDXUR0QU,6DPdEaZ0KDBCCgXyy4q8bi,11kBu957KTYoAltZHDm8gW,1,1,liked,,2023-04-10T16:26:59Z,2023-04-10T16:26:59Z,,,,
7dsXchfku5959Z14zkzxET,Another Beer (It's What I Need),BULLDOZER,Fallen Angel / Another Beer (Is What I Need),1984,1984,,black metal,black metal; speed metal; thrash metal,1984-03-26,202670,True,,https://open.spotify.com/track/7dsXchfku5959Z14zkzxET,6TiDlj6RGeWjaLr8NKjqx6,5MpDavMM8Kg4oKwrGmccdy,2,1,liked,,2026-04-29T10:57:23Z,2026-04-29T10:57:23Z,,,,
1hJ4Go14cllZv8YE6YLIFV,The Great Deceiver,BULLDOZER,The Exorcism,1984,1984,,black metal,black metal; speed metal; thrash metal,1984-06-22,269786,True,,https://open.spotify.com/track/1hJ4Go14cllZv8YE6YLIFV,6z5AOAJMXxX9NPvap90DTS,5MpDavMM8Kg4oKwrGmccdy,7,1,liked,,2026-04-29T10:58:53Z,2026-04-29T10:58:53Z,,,,
3869jEIe0AB6ToFLDHMzVe,1123 A.D.,Bummified,Dead Out Of Spite,2025,2025,,doom metal,doom metal; sludge metal; stoner metal,2025-01-10,251390,False,,https://open.spotify.com/track/3869jEIe0AB6ToFLDHMzVe,1YjviW2uYt2OHWGKDLJFNV,0E25LtelJLyht94WcpQ12u,8,1,liked,,2025-01-17T10:34:32Z,2025-01-17T10:34:32Z,,,,
2C83nHGpAOsmQ8ehbRQJHn,My Own Way,Bunker,Killed By Deathrock Vol.1,2014,2014,,post-punk,post-punk; deathrock; coldwave,2014-01-21,200904,False,,https://open.spotify.com/track/2C83nHGpAOsmQ8ehbRQJHn,6o8U8R5F7ul5ufuAemxtqw,3ryMyX0ksVdnHxOUH2Hqji,5,1,liked,,2023-04-10T16:26:59Z,2023-04-10T16:26:59Z,,,,
4dP9zjl4wudAd2ZIY4CGqn,The Hunter,Burning Shadows,In Memoriam,2023,2023,,heavy metal,heavy metal; power metal,2023-12-29,232000,False,,https://open.spotify.com/track/4dP9zjl4wudAd2ZIY4CGqn,26426oC4pkFXxUBGquGqHx,0zW8sAhFvemglIVPIyaojd,2,1,liked,,2024-01-06T11:08:34Z,2024-01-06T11:08:34Z,,,,
1CklRoDCZ6Y7QBCoJYoyHE,Jeg faller,Burzum,Fallen,2011,2011,,black metal,black metal; dungeon synth; atmospheric black metal; dark ambient; ambient black metal,2011-03-07,470506,False,,https://open.spotify.com/track/1CklRoDCZ6Y7QBCoJYoyHE,29dkmoYR82SDkgGZpqsDNE,7L6u6TyhjuwubrcojPeNgf,2,1,liked,,2024-11-15T10:30:33Z,2024-11-15T10:30:33Z,,,,
4MbEWYO3jQozH6Ec030BMD,ForeBears,Burzum,Thulêan Mysteries,2020,2020,,black metal,black metal; dungeon synth; atmospheric black metal; dark ambient; ambient black metal,2020-03-13,244453,False,,https://open.spotify.com/track/4MbEWYO3jQozH6Ec030BMD,35JR2M80Xvot2xfpsJuNLC,7L6u6TyhjuwubrcojPeNgf,3,1,liked,,2023-11-20T12:15:45Z,2023-11-20T12:15:45Z,,,,
7M5l4xheJBGAvwAFmGhcYs,Joln,Burzum,Umskiptar,2012,2012,,black metal,black metal; dungeon synth; atmospheric black metal; dark ambient; ambient black metal,2012-05-21,346546,False,,https://open.spotify.com/track/7M5l4xheJBGAvwAFmGhcYs,16zPqzFvU7oH9gzy47qBk3,7L6u6TyhjuwubrcojPeNgf,2,1,liked,,2024-11-15T07:12:41Z,2024-11-15T07:12:41Z,,,,
0cIbWuEUlDP6Mg7tYZ94iU,Gullaldr,Burzum,Umskiptar,2012,2012,,black metal,black metal; dungeon synth; atmospheric black metal; dark ambient; ambient black metal,2012-05-21,614866,False,,https://open.spotify.com/track/0cIbWuEUlDP6Mg7tYZ94iU,16zPqzFvU7oH9gzy47qBk3,7L6u6TyhjuwubrcojPeNgf,10,1,liked,,2023-04-10T16:26:59Z,2023-04-10T16:26:59Z,,,,
0q7UiPCcSoFltcvsvaDSOX,The Mound of Fire,Burzum NEW,The Mound of Fire,2025,2025,,black metal,black metal; dungeon synth; atmospheric black metal; dark ambient; ambient black metal,2025-05-08,377371,False,,https://open.spotify.com/track/0q7UiPCcSoFltcvsvaDSOX,7klgwkUacZp7I3gOrKk3ht,7n79p67ySpAf6oY7ewBFqt,1,1,liked,,2025-09-17T10:42:25Z,2025-09-17T10:42:25Z,,,,
0mttNIHIq7c0z643lBYwhm,What will come,Burzum NEW,What will come,2025,2025,,black metal,black metal; dungeon synth; atmospheric black metal; dark ambient; ambient black metal,2025-04-24,737007,False,,https://open.spotify.com/track/0mttNIHIq7c0z643lBYwhm,1kqY61fq80EfA4C12YpZ8x,7n79p67ySpAf6oY7ewBFqt,1,1,liked,,2025-05-12T12:34:09Z,2025-05-12T12:34:09Z,,,,
5CmgJvyfvJ7bpgDBLja5fS,At A Loss,Buzzov•en; Dave Dixie Collins,At A Loss.....,1998,1998,,sludge,sludge; soft rock; sludge metal; pop rock; stoner metal,1998-09-23,154480,True,,https://open.spotify.com/track/5CmgJvyfvJ7bpgDBLja5fS,2EPOY3kF69vNEhhP21x8i3,65W15ubMbKTu32Y1sV1hnK; 3ktlVDbkiiBgcXwYIIIETj,1,1,liked,,2023-12-14T11:03:54Z,2023-12-14T11:03:54Z,,,,
4BHhJ5lU7B6O7AoTB59LEX,Iron Bitch,BÜTCHER,666 Goats Carry My Chariot,2020,2020,,speed metal,speed metal; rock; thrash metal; death metal; black metal,2020-01-31,273612,True,,https://open.spotify.com/track/4BHhJ5lU7B6O7AoTB59LEX,5xD8ybN7aauVY0xxKGQN5G,5ZJXIEOPiCQpgHh9dWnamd,2,1,liked,,2024-01-01T11:43:22Z,2024-01-01T11:43:22Z,,,,
1texgx4sjCMsa8qEdjGdav,Through The Pain,Cadaver,Hymns of Misanthropy,2025,2025,,death metal,death metal; black metal; thrash metal,2025-04-25,228973,True,,https://open.spotify.com/track/1texgx4sjCMsa8qEdjGdav,0BwjhQmgh8tbc795g3Ttrx,3jXKuyWNGa8hUPsnrblyl7,9,1,liked,,2025-05-05T06:32:46Z,2025-05-05T06:32:46Z,,,,
4M8ZmvRwb3ltDdBKJsXFE8,Disgraced,Cairiss,Fall,2016,2016,,black metal,black metal; blackgaze; atmospheric black metal; post-black metal,2016-06-06,575080,False,,https://open.spotify.com/track/4M8ZmvRwb3ltDdBKJsXFE8,6HQdeheZ0BP70ZWmja9NpN,2d1UsJ7a6PT3hN9yb87bNg,2,1,liked,,2023-04-10T16:26:59Z,2023-04-10T16:26:59Z,,,,
0wrg4FXpFKz1y1tYsZPJOw,Mr Majestic,Calibre; High Contrast,Mr. Majestic,2004,2004,,drum and bass,drum and bass; electronic; liquid funk; dance and electronica; jungle,2004,321440,False,,https://open.spotify.com/track/0wrg4FXpFKz1y1tYsZPJOw,5vJVHRuapQS98n2Oj0Nnso,0sklgkoO5JeS7YNhHS5EmH; 0bxHci3JIhhKA53n8rH3tT,1,1,liked,,2023-04-10T16:26:59Z,2023-04-10T16:26:59Z,,,,
3P63fwRSEH9SF5SPml2zFH,The Other Side,Calibre; High Contrast,Mr. Majestic,2004,2004,,drum and bass,drum and bass; electronic; liquid funk; dance and electronica; jungle,2004,344386,False,,https://open.spotify.com/track/3P63fwRSEH9SF5SPml2zFH,5vJVHRuapQS98n2Oj0Nnso,0sklgkoO5JeS7YNhHS5EmH; 0bxHci3JIhhKA53n8rH3tT,2,1,liked,,2023-04-10T16:26:59Z,2023-04-10T16:26:59Z,,,,
0gXxMdRNEv6nxjvV6B6tSa,Never Let Go - NEW Remixed 2023,Camel,Camel (Expanded Edition),2023,2023,,progressive rock,progressive rock; art rock; symphonic prog; canterbury scene; psychedelic rock,2023-11-24,381466,False,,https://open.spotify.com/track/0gXxMdRNEv6nxjvV6B6tSa,2WO6VIu5x3rMXWcMzH36jl,3Uz6jx81OY2J5K8Z4wmy2P,5,2,liked,,2023-11-24T06:20:23Z,2023-11-24T06:20:23Z,,,,
35e4fhZkQuQo77kOro2QYF,Lady Fantasy - Medley,Camel,Mirage,1974,1974,,progressive rock,progressive rock; art rock; symphonic prog; canterbury scene; psychedelic rock,1974-01-01,763746,False,,https://open.spotify.com/track/35e4fhZkQuQo77kOro2QYF,2DZEwt8Lhz6PuqxsJWF7Ap,3Uz6jx81OY2J5K8Z4wmy2P,5,1,liked,,2023-04-10T16:26:59Z,2023-04-10T16:26:59Z,,,,
2k1NQW6ddGacCthIy9gmTa,Air Born,Camel,Moonmadness,1976,1976,,progressive rock,progressive rock; art rock; symphonic prog; canterbury scene; psychedelic rock,1976-03-26,302026,False,,https://open.spotify.com/track/2k1NQW6ddGacCthIy9gmTa,5Q6eKTQNsOyu0fCpAFxuHR,3Uz6jx81OY2J5K8Z4wmy2P,6,1,liked,,2023-04-10T16:26:59Z,2023-04-10T16:26:59Z,,,,
4zdsBics0asw0gj4L5wu5v,Vitamin C,CAN,Ege Bamyasi (Remastered),1972,1972,,krautrock,krautrock; experimental rock; psychedelic rock; avant-garde; progressive rock,1972-01-01,212000,False,,https://open.spotify.com/track/4zdsBics0asw0gj4L5wu5v,1MLxE2czxo5A9OVZ2m8FV3,4l8xPGtl6DHR2uvunqrl8r,4,1,liked,,2024-12-12T08:22:25Z,2024-12-12T08:22:25Z,,,,
0v3WyEt2g04WFpfVwcnfXm,Solitude,Candlemass,Epicus Doomicus Metallicus,1986,1986,,doom metal,doom metal; epic doom metal; heavy metal; traditional doom metal; doom,1986,338440,False,,https://open.spotify.com/track/0v3WyEt2g04WFpfVwcnfXm,5LPgloXNv33FU3zCgby6fU,7zDtfSB0AOZWhpuAHZIOw5,1,1,liked,,2023-04-10T16:26:59Z,2023-04-10T16:26:59Z,,,,
6MbVyEVkHqDoxr8atiQKsT,Demons Gate,Candlemass,Epicus Doomicus Metallicus,1986,1986,,doom metal,doom metal; epic doom metal; heavy metal; traditional doom metal; doom,1986,552106,False,,https://open.spotify.com/track/6MbVyEVkHqDoxr8atiQKsT,5LPgloXNv33FU3zCgby6fU,7zDtfSB0AOZWhpuAHZIOw5,2,1,liked,,2024-10-21T12:00:04Z,2024-10-21T12:00:04Z,,,,
5fVK0BOOnNI7NQh7zltodu,This Is The Day - Live From London/1974,Captain Beefheart & His Magic Band,Live - London '74,1974,1974,,psychedelic rock,psychedelic rock; experimental rock; blues rock; art rock; avant-garde,1974,464680,False,,https://open.spotify.com/track/5fVK0BOOnNI7NQh7zltodu,13tcd63K1LYiE7pAQQ2ghy,2k8kY9zHUWxuTtwV4UutHw,8,1,liked,,2023-04-10T16:26:59Z,2023-04-10T16:26:59Z,,,,
6vcF9napv3kwm8rSb4O2si,I'm Glad,Captain Beefheart & His Magic Band,Safe As Milk,1967,1967,,psychedelic rock,psychedelic rock; experimental rock; blues rock; art rock; avant-garde,1967,210400,False,,https://open.spotify.com/track/6vcF9napv3kwm8rSb4O2si,0DFhGsFKG7G58cke33GlAh,2k8kY9zHUWxuTtwV4UutHw,5,1,liked,,2023-04-10T16:26:59Z,2023-04-10T16:26:59Z,,,,
6XK7A73bgUP0gjHvtSjN5J,Mesmerization Eclipse,Captain Beyond,Captain Beyond,1972,1972,,hard rock,hard rock; heavy psych; progressive rock,1972-01-01,228666,False,,https://open.spotify.com/track/6XK7A73bgUP0gjHvtSjN5J,03m1HZWGc1Dtlra2d2Ai5p,0b4SurbppI0Uhv40rlkCj0,4,1,liked,,2025-09-27T14:17:30Z,2025-09-27T14:17:30Z,,,,
2cfYAJ9CtQ96nl6izdlbW3,Raging River Of Fear,Captain Beyond,Captain Beyond,1972,1972,,hard rock,hard rock; heavy psych; progressive rock,1972-01-01,231133,False,,https://open.spotify.com/track/2cfYAJ9CtQ96nl6izdlbW3,03m1HZWGc1Dtlra2d2Ai5p,0b4SurbppI0Uhv40rlkCj0,5,1,liked,,2025-09-23T16:08:55Z,2025-09-23T16:08:55Z,,,,
22cWd6RI9QmuJza5HdqYF9,Fantasy,Captain Beyond,Dawn Explosion,1977,1977,,hard rock,hard rock; heavy psych; progressive rock,1977,362653,False,,https://open.spotify.com/track/22cWd6RI9QmuJza5HdqYF9,5Wspo2X5sDulAwrE1qUyjQ,0b4SurbppI0Uhv40rlkCj0,4,1,liked,,2023-04-10T16:26:59Z,2023-04-10T16:26:59Z,,,,
2gvwJyd5LYEmzMyRdnIYb7,Drifting in Space,Captain Beyond,"Live in Texas - October 6, 1973",2013,2013,,hard rock,hard rock; heavy psych; progressive rock,2013-05-21,244638,False,,https://open.spotify.com/track/2gvwJyd5LYEmzMyRdnIYb7,5G2bSJwHLS3AADUn3rjrH9,0b4SurbppI0Uhv40rlkCj0,6,1,liked,,2023-04-10T16:26:59Z,2023-04-10T16:26:59Z,,,,
2x7JYeIGThOjQvkv6DlzHo,Raging River of Fear - Demo Version,Captain Beyond,Lost & Found 1972-1973,2017,2017,,hard rock,hard rock; heavy psych; progressive rock,2017-06-02,227197,False,,https://open.spotify.com/track/2x7JYeIGThOjQvkv6DlzHo,66KH6WD7FIMeWgYsccYe1z,0b4SurbppI0Uhv40rlkCj0,8,1,liked,,2023-04-10T16:26:59Z,2023-04-10T16:26:59Z,,,,
2EumS2a8UH3NQD9UfbjxDJ,Drifting In Space,Captain Beyond,Sufficiently Breathless,1973,1973,,hard rock,hard rock; heavy psych; progressive rock,1973-01-01,192906,False,,https://open.spotify.com/track/2EumS2a8UH3NQD9UfbjxDJ,3p22uCWBkS0ybd57ipTRMV,0b4SurbppI0Uhv40rlkCj0,3,1,liked,,2025-09-23T16:09:15Z,2025-09-23T16:09:15Z,,,,
0Y4Qokp46GcqB9aXX2nFNZ,Nine Feet Underground - Medley,Caravan,In The Land Of Grey And Pink,1971,1971,,progressive rock,progressive rock; canterbury scene; classic pop and rock,1971-01-01,1364933,False,,https://open.spotify.com/track/0Y4Qokp46GcqB9aXX2nFNZ,6TWjon4uYsV2wu7QJTuKjd,5kwbFaRKf9HCFGrJPacZ7s,5,1,liked,,2023-11-28T13:35:03Z,2023-11-28T13:35:03Z,,,,
1yNJKvM76ohBAQRtGggCkm,Vision (Revisited),Carbon Based Lifeforms,Alt:02,2020,2020,,ambient,ambient; electronic; psybient; downtempo; trance,2020-03-09,208055,False,,https://open.spotify.com/track/1yNJKvM76ohBAQRtGggCkm,2u0pkTNJATyUU1nVhcoXz3,38DX4hQVvPBs3PThDIAK11,5,1,liked,,2025-03-06T05:57:54Z,2025-03-06T05:57:54Z,,,,
4MzII8fszi8KkFl1ryv07L,Interloper,Carbon Based Lifeforms,Interloper,2010,2010,,ambient,ambient; electronic; psybient; downtempo; trance,2010-05-03,389325,False,,https://open.spotify.com/track/4MzII8fszi8KkFl1ryv07L,3g1Bz7vXLd0GgxHId19oqc,38DX4hQVvPBs3PThDIAK11,1,1,liked,,2025-03-07T18:37:01Z,2025-03-07T18:37:01Z,,,,
0D34o3h4mBSoOqjNBgZQH0,Euphotic,Carbon Based Lifeforms,Interloper,2010,2010,,ambient,ambient; electronic; psybient; downtempo; trance,2010-05-03,447083,False,,https://open.spotify.com/track/0D34o3h4mBSoOqjNBgZQH0,3g1Bz7vXLd0GgxHId19oqc,38DX4hQVvPBs3PThDIAK11,6,1,liked,,2025-03-15T12:49:25Z,2025-03-15T12:49:25Z,,,,
6HzVJ87Ygj9kP76yjiXyG1,Variations On An Anatolian Folk Song,Carlo Domeniconi; Ahmet Sönmezler,Koyunbaba,2015,2015,,classical,classical; guitar,2015-12-03,503160,False,,https://open.spotify.com/track/6HzVJ87Ygj9kP76yjiXyG1,7HsFqjlDjFOLKLqKvY1Ipq,21vmec89Da5i411YFh0lo8; 5LFbPGKPm7GyJBUwXj22iz,1,1,liked,,2023-04-10T16:26:59Z,2023-04-10T16:26:59Z,,,,
0Q5CuOaMMRSbqoi68b1Mbs,Koyunbaba: Part 1,Carlo Domeniconi; John C. Williams,The Guitarist,1998,1998,,classical,classical; guitar,1998,246506,False,,https://open.spotify.com/track/0Q5CuOaMMRSbqoi68b1Mbs,1yK0hNMDEUTc7UNHnGMOXQ,21vmec89Da5i411YFh0lo8; 6mBYeMZZUhJKEvRXagJYzY,4,1,liked,,2023-05-16T04:35:22Z,2023-05-16T04:35:22Z,,,,
7MvN3dgJp377u0DBwIsFgI,Koyunbaba: Part 2,Carlo Domeniconi; John C. Williams,The Guitarist,1981,1981,,classical,classical; guitar,1981,88000,False,,https://open.spotify.com/track/7MvN3dgJp377u0DBwIsFgI,1fVyCzx88wU8yM33u7sOWs,21vmec89Da5i411YFh0lo8; 6mBYeMZZUhJKEvRXagJYzY,5,1,liked,,2023-05-16T04:35:23Z,2023-05-16T04:35:23Z,,,,
0p7hieEFasQiZwLBy6fALm,Koyunbaba: Part 3,Carlo Domeniconi; John C. Williams,The Guitarist,1981,1981,,classical,classical; guitar,1981,243466,False,,https://open.spotify.com/track/0p7hieEFasQiZwLBy6fALm,1fVyCzx88wU8yM33u7sOWs,21vmec89Da5i411YFh0lo8; 6mBYeMZZUhJKEvRXagJYzY,6,1,liked,,2023-05-16T04:35:25Z,2023-05-16T04:35:25Z,,,,
383zwiCV3fgsHvYa8nqpMq,Koyunbaba: Part 4,Carlo Domeniconi; John C. Williams,The Guitarist,1981,1981,,classical,classical; guitar,1981,273493,False,,https://open.spotify.com/track/383zwiCV3fgsHvYa8nqpMq,1fVyCzx88wU8yM33u7sOWs,21vmec89Da5i411YFh0lo8; 6mBYeMZZUhJKEvRXagJYzY,7,1,liked,,2023-05-16T04:35:26Z,2023-05-16T04:35:26Z,,,,
15PWtpJcdRw14z0wEJKKzH,Koyunbaba op. 19: I - Moderato,Carlo Domeniconi; Julia Schüler,Koyunbaba Op. 19,2023,2023,,classical,classical; guitar,2023-10-26,196960,False,,https://open.spotify.com/track/15PWtpJcdRw14z0wEJKKzH,0pXD4hvIdKEWmS2yxJW55p,21vmec89Da5i411YFh0lo8; 6ZMKIuihlzHiSDLmva9Xca,1,1,liked,,2023-10-31T13:50:08Z,2023-10-31T13:50:08Z,,,,
7E7F91oZC9aLFpdlhElF1E,Koyunbaba Cantabile,Carlo Domeniconi; Roy Henning Snyen,Koyunbaba,1995,1995,,classical,classical; guitar,1995-07-01,212773,False,,https://open.spotify.com/track/7E7F91oZC9aLFpdlhElF1E,5IHsBrUnkNorcB8yiePm29,21vmec89Da5i411YFh0lo8; 3h4pi2HQduyIZzZQp5ASG2,3,1,liked,,2023-04-10T16:26:59Z,2023-04-10T16:26:59Z,,,,
6Wux9SSXcUdgwG7TItGTJz,Why,Carly Simon,Soup for One (Original Motion Picture Soundtrack),1982,1982,,soft rock,soft rock; pop rock; electronic; jazz; singer-songwriter,1982-01-01,248490,False,,https://open.spotify.com/track/6Wux9SSXcUdgwG7TItGTJz,1rC8ILJkAi4b0p3uqaxZrK,4FtSnMlCVxCswABUmdhwpm,2,1,liked,,2023-04-10T16:27:00Z,2023-04-10T16:27:00Z,,,,
3jkNk0HJ8Vtd6RCf4aZtki,A Forest,Carpathian Forest,Black Shining Leather,1998,1998,,black metal,black metal,1998,357573,True,,https://open.spotify.com/track/3jkNk0HJ8Vtd6RCf4aZtki,50MDwzTscb7tQjSGLtDXFj,0sFntmE9T1tiF6G6O6Lm3H,11,1,liked,,2023-04-10T16:26:59Z,2023-04-10T16:26:59Z,,,,
1BQw1hpwqwY9bOPE4M0An5,Warlord Of Misanthropy,Carpathian Forest,Morbid Fascination Of Death,2001,2001,,black metal,black metal,2001,164200,False,,https://open.spotify.com/track/1BQw1hpwqwY9bOPE4M0An5,7LWS7KDJD6N6ZLlXsUjGj6,0sFntmE9T1tiF6G6O6Lm3H,6,1,liked,,2023-04-10T16:27:00Z,2023-04-10T16:27:00Z,,,,
3nJwXKu50gxHDB4ijeHBir,A World Of Bones,Carpathian Forest,Morbid Fascination Of Death,2001,2001,,black metal,black metal,2001,283840,False,,https://open.spotify.com/track/3nJwXKu50gxHDB4ijeHBir,7LWS7KDJD6N6ZLlXsUjGj6,0sFntmE9T1tiF6G6O6Lm3H,7,1,liked,,2023-04-10T16:27:00Z,2023-04-10T16:27:00Z,,,,
2P2rZ5PcuoEO8gLOeZYLtG,Blood Dance,Carpe Tenebrum,Majestic Nothingness,2002,2002,,rock,rock; black metal,2002-06-04,423314,False,,https://open.spotify.com/track/2P2rZ5PcuoEO8gLOeZYLtG,5r2NujgNlRQ3Zg1QpArWYr,1iRMlS31EoupA8y2hzuRXR,7,1,liked,,2025-05-19T10:40:25Z,2025-05-19T10:40:25Z,,,,
2feabifL0FwJ8O1W7Eg81t,Captain Clegg,Cathedral,Caravan Beyond Redemption,1998,1998,,doom metal,doom metal; stoner metal; progressive rock; stoner rock; hard rock,1998,366573,True,,https://open.spotify.com/track/2feabifL0FwJ8O1W7Eg81t,6SZDlfs9A3DIuVHB6855CU,5O7ziOtiFUyRMBJN1J4Tpv,5,1,liked,,2023-04-10T16:27:00Z,2023-04-10T16:27:00Z,,,,
3GixPb3Ip7ltBLPucJjIMn,Soul Sacrifice,Cathedral,Forest Of Equilibrium,1991,1991,,doom metal,doom metal; stoner metal; progressive rock; stoner rock; hard rock,1991,174440,False,,https://open.spotify.com/track/3GixPb3Ip7ltBLPucJjIMn,7Kr8okQKNUYPrs6uVTNf7g,5O7ziOtiFUyRMBJN1J4Tpv,4,1,liked,,2024-12-05T10:29:00Z,2024-12-05T10:29:00Z,,,,
7HqhmKzHaiHsbg8cyL8VHk,Midnight Mountain,Cathedral,The Ethereal Mirror,1993,1993,,doom metal,doom metal; stoner metal; progressive rock; stoner rock; hard rock,1993,295360,False,,https://open.spotify.com/track/7HqhmKzHaiHsbg8cyL8VHk,3fRwtM6EJrvESTcTmGF33i,5O7ziOtiFUyRMBJN1J4Tpv,4,1,liked,,2023-04-10T16:27:00Z,2023-04-10T16:27:00Z,,,,
6vNHkJiZZtKm4x8ESkfM4Q,Crank,Catherine Wheel,Chrome,1993,1993,,shoegaze,shoegaze; alternative rock,1993-07-20,225026,False,,https://open.spotify.com/track/6vNHkJiZZtKm4x8ESkfM4Q,24HAqbuINEHZ4rQA7vjq00,1QPWAsWIjRcTfvY5uH8dov,3,1,liked,,2023-04-10T16:27:00Z,2023-04-10T16:27:00Z,,,,
1RyEhDluS4uImGan8BuoRh,Procreation (Of the Wicked),Celtic Frost,Morbid Tales,1984,1984,,thrash metal,thrash metal; black metal; death metal; avant-garde metal; heavy metal,1984-06-24,244866,False,,https://open.spotify.com/track/1RyEhDluS4uImGan8BuoRh,2G2c7jjmwDaJVLfJc47859,4ZISAmHmQUDCpv8xydqeKG,6,1,liked,,2023-04-10T16:27:00Z,2023-04-10T16:27:00Z,,,,
7yHWghax9OLFFLgcWwpWAU,Violent Storm,Cemetery Skyline,Nordic Gothic,2024,2024,,gothic metal,gothic metal; gothic rock,2024-10-11,247520,False,,https://open.spotify.com/track/7yHWghax9OLFFLgcWwpWAU,0aaQ7FvuCcAumX3w8PXCQN,3FVIkWmqjcUbtIgS86bnab,3,1,liked,,2024-11-05T11:23:43Z,2024-11-05T11:23:43Z,,,,
2xIMnlwQFMIHW3Z5bQyjJs,Satanic D-Beat,Cendra,666 Bastards,2015,2015,,black metal/punk,black metal/punk,2015-03-03,219414,False,,https://open.spotify.com/track/2xIMnlwQFMIHW3Z5bQyjJs,17r8F5Lnm2DGzdnjhOgMoO,3wQAP2L8AhFglxWrlJcY28,1,1,liked,,2023-11-25T17:49:18Z,2023-11-25T17:49:18Z,,,,
5mIex0nRftQsjj8mNbqcLe,Sacrifice,Century,Sign Of The Storm,2025,2025,,aor,aor; rock,2025-01-24,219500,False,,https://open.spotify.com/track/5mIex0nRftQsjj8mNbqcLe,2PpjDBNfgL08y2EKlnNc9P,0DiH2yz49jh3H1jYqXNs9Z,1,1,liked,,2025-01-31T06:11:06Z,2025-01-31T06:11:06Z,,,,
2Pyb5e4x3MNPbvBa3Ghufi,The Fighting Eagle,Century,The Conquest Of Time,2023,2023,,aor,aor; rock,2023-04-21,170205,False,,https://open.spotify.com/track/2Pyb5e4x3MNPbvBa3Ghufi,6i1v9oTSbUz75C9r8DsgWH,0DiH2yz49jh3H1jYqXNs9Z,1,1,liked,,2025-11-03T12:35:12Z,2025-11-03T12:35:12Z,,,,
1cbjK0wRgoD5M1VYW3ImFy,Black Revenant,Century,The Conquest Of Time,2023,2023,,aor,aor; rock,2023-04-21,236066,False,,https://open.spotify.com/track/1cbjK0wRgoD5M1VYW3ImFy,6i1v9oTSbUz75C9r8DsgWH,0DiH2yz49jh3H1jYqXNs9Z,2,1,liked,,2024-08-29T11:11:46Z,2024-08-29T11:11:46Z,,,,
1dyfMKEPhSEfJ7FfpFSNEn,Sinister Star,Century,The Conquest Of Time,2023,2023,,aor,aor; rock,2023-04-21,222399,False,,https://open.spotify.com/track/1dyfMKEPhSEfJ7FfpFSNEn,6i1v9oTSbUz75C9r8DsgWH,0DiH2yz49jh3H1jYqXNs9Z,3,1,liked,,2024-08-29T11:00:49Z,2024-08-29T11:00:49Z,,,,
3Jaqb4PifnO3g17hTPjJsR,Corrupt to the Core,Chained Saint,Blindside,2024,2024,,thrash metal,thrash metal; heavy metal,2024-08-23,239736,False,,https://open.spotify.com/track/3Jaqb4PifnO3g17hTPjJsR,2083zoQu1pm0tPTyLms72N,6JChzL9HQEspINhiTqSURd,5,1,liked,,2025-08-16T13:27:42Z,2025-08-16T13:27:42Z,,,,
1QlOwKsXL27nZNsv2QNhS8,Ain't Nobody - Live,Chaka Khan,Chaka Khan (Live),2008,2008,,funk,funk; soul; disco; pop soul; r&b,2008-05-12,319293,False,,https://open.spotify.com/track/1QlOwKsXL27nZNsv2QNhS8,1HXnk1x2zxWy7TkQ0KATcV,6mQfAAqZGBzIfrmlZCeaYT,1,1,liked; playlist,DJ Blackheart,2023-04-10T16:27:00Z,2025-07-20T17:02:28Z,,,,
0Fs7jajFWWfBcC4Mox3m7p,Deranged for Rock & Roll,Chelsea Wolfe,Birth of Violence,2019,2019,,singer-songwriter,singer-songwriter; alternative rock; gothic rock; doom metal; dark wave,2019-09-13,211513,False,,https://open.spotify.com/track/0Fs7jajFWWfBcC4Mox3m7p,6bpgmfwTWBLxT7VuS1phjL,6ZK2nrW8aCTg8Bid7I7N10,4,1,liked,,2023-04-10T16:27:00Z,2023-04-10T16:27:00Z,,,,
76nPiuy1rkMFQqWDFaScP4,Oui Oui Marie,Chelsea Wolfe,"Oui Oui Marie (From the Original Motion Picture ""X"")",2022,2022,,singer-songwriter,singer-songwriter; alternative rock; gothic rock; doom metal; dark wave,2022-03-11,375000,False,,https://open.spotify.com/track/76nPiuy1rkMFQqWDFaScP4,7L7IKHnLWh6gIIYNDnZtQ8,6ZK2nrW8aCTg8Bid7I7N10,1,1,liked,,2023-04-10T16:27:00Z,2023-04-10T16:27:00Z,,,,
2UALJFCBhcFuknbnbOrN7E,Fight Like Gods,Chelsea Wolfe,Sing Songs Together...,2013,2013,,singer-songwriter,singer-songwriter; alternative rock; gothic rock; doom metal; dark wave,2013-05-07,407489,False,,https://open.spotify.com/track/2UALJFCBhcFuknbnbOrN7E,6GKPfddXwFKV5pmJANiIBx,6ZK2nrW8aCTg8Bid7I7N10,1,1,liked,,2023-04-10T16:27:00Z,2023-04-10T16:27:00Z,,,,
4qGchgaW78B1Z9kmF9lt2w,Anhedonia,Chelsea Wolfe; Emma Ruth Rundle,Anhedonia,2021,2021,,singer-songwriter,singer-songwriter; alternative rock; contemporary folk; gothic rock; ambient,2021-01-28,271071,False,,https://open.spotify.com/track/4qGchgaW78B1Z9kmF9lt2w,3Lm4wFlCjymVuRKZ0Z6X94,6ZK2nrW8aCTg8Bid7I7N10; 34gLicNdz493863yZTanvC,1,1,liked,,2023-04-10T16:27:00Z,2023-04-10T16:27:00Z,,,,
2hxdofcXRRprDttD4INEyr,Lamento Di Tristano And La Rotta,Cheryl Ann Fulton,The Once & Future Harp,1992,1992,,classical,classical; celtic; new age,1992-04-01,339266,False,,https://open.spotify.com/track/2hxdofcXRRprDttD4INEyr,6zNObFuUkAdowWx7ZY5kH2,4WZQjddfkBTqhMxJ3LJM8K,7,1,liked,,2026-02-13T15:43:14Z,2026-02-13T15:43:14Z,,,,
3Dqr3y6df4ajlYXLOIRAVP,The Red - Live Version,Chevelle,Music as a Weapon II,2004,2004,,alternative metal,alternative metal; alternative rock; hard rock; nu metal,2004-02-24,224600,False,,https://open.spotify.com/track/3Dqr3y6df4ajlYXLOIRAVP,2ZcYXbmmHfjashzFbz2NnC,56dO9zeHKuU5Gvfc2kxHNw,12,1,liked,,2023-04-10T16:27:00Z,2023-04-10T16:27:00Z,,,,
5hi6W8TMJMKr8VPHHzBrIW,Cabin Fever,Chris Eckman,Where The Spirit Rests,2021,2021,,alternative folk,alternative folk,2021-06-04,312230,False,,https://open.spotify.com/track/5hi6W8TMJMKr8VPHHzBrIW,054mersL2bIQL67Z3OvHAw,2Lc049MATwWRm2VpfB74YW,3,1,liked,,2023-04-10T16:27:00Z,2023-04-10T16:27:00Z,,,,
0UnO0HvbChXTM7XT94DFsn,Mystic Mountain,Chris Forsyth,All Time Present,2019,2019,,psychedelic rock,psychedelic rock; folk rock; blues rock,2019-04-12,532869,False,,https://open.spotify.com/track/0UnO0HvbChXTM7XT94DFsn,6TnvLrz6ghi5rQeeUxbu3z,2WEGGlb0R1izEtTE5YTaTc,2,1,liked,,2023-04-10T16:27:00Z,2023-04-10T16:27:00Z,,,,
4lhIGJsrgVLgZugVlPCmCX,Go Walking Down There,Chris Isaak,Forever Blue,1995,1995,,pop rock,pop rock; rockabilly; roots rock; classic pop and rock; rock & roll,1995-05-23,170333,False,,https://open.spotify.com/track/4lhIGJsrgVLgZugVlPCmCX,5j0gG8sv3zqZhpW5e4HlvY,7290H8m1Dwt8G7jm1y9CQx,4,1,liked,,2023-04-10T16:27:00Z,2023-04-10T16:27:00Z,,,,
7w5AOd6HrDIHewHfpABEss,Wicked Game,Chris Isaak,Heart Shaped World,1989,1989,,pop rock,pop rock; rockabilly; roots rock; classic pop and rock; rock & roll,1989-06-13,289066,False,,https://open.spotify.com/track/7w5AOd6HrDIHewHfpABEss,5Das42Qx4AoU9iT4M7PW3U,7290H8m1Dwt8G7jm1y9CQx,5,1,liked,,2023-04-10T16:27:00Z,2023-04-10T16:27:00Z,,,,
6Vc8gRxGdtY9p8qW9F3BJg,Mythmaker,Christian Mistress,Children of the Earth,2025,2025,,heavy metal,heavy metal,2025-02-26,264351,False,,https://open.spotify.com/track/6Vc8gRxGdtY9p8qW9F3BJg,3EQbOdOKHx7XyfVcLmfTQt,0fEyv0n8MBgXZQLOMcHbZO,5,1,liked,,2025-03-29T16:19:49Z,2025-03-29T16:19:49Z,,,,
4mYZuC2hzt4K307VcPHwjH,Litany Against Fear,Christian Scott aTunde Adjuah,Anthem,2007,2007,,post-bop,post-bop; contemporary jazz; nu jazz,2007-01-01,351520,False,,https://open.spotify.com/track/4mYZuC2hzt4K307VcPHwjH,49uZTpkDwEVabuzbeZDydB,2q37Nw8NND2z1T1KU5XVfn,1,1,liked,,2023-04-10T16:27:00Z,2023-04-10T16:27:00Z,,,,
6Q3hLAsdCLFKvVBuj7mLs1,Like That,Christian Scott aTunde Adjuah,Anthem,2007,2007,,post-bop,post-bop; contemporary jazz; nu jazz,2007-01-01,400773,False,,https://open.spotify.com/track/6Q3hLAsdCLFKvVBuj7mLs1,49uZTpkDwEVabuzbeZDydB,2q37Nw8NND2z1T1KU5XVfn,11,1,liked,,2023-04-10T16:27:00Z,2023-04-10T16:27:00Z,,,,
3SLMIy9coGfatjL06NqGDA,You're Not Alone,Christopher McMullan; Andrew McGibbon,Folk Art & the Death of Electric Jesus,2011,2011,,punk,punk; blues rock; garage rock,2011-11-11,172013,False,,https://open.spotify.com/track/3SLMIy9coGfatjL06NqGDA,55M17rQyHxt75F2DUcBxuz,5pKbAwj6RfQ0I2jLccKk4u; 2het50gMzRDhNmgGaJgWwq,1,1,liked,,2023-12-06T05:49:38Z,2023-12-06T05:49:38Z,,,,
34RZongfsNBRtnhrJXug8G,Water Prelude,Christopher Tin; Angel City Chorale; Soweto Gospel Choir; Royal Philharmonic Orchestra; Shoji Kameda; Sue Fink,The Drop That Contained the Sea,2014,2014,,classical,classical; folk; orchestral,2014-05-08,94413,False,,https://open.spotify.com/track/34RZongfsNBRtnhrJXug8G,6p1bmI6atX9j44uz0LDEsc,60B2BBjn6yEQEl8XLYMZU2; 4bQ2CPtId37Gm2rZa9f300; 6mMaqfhEcPjrR2FEKWVpOl; 0MvSBMGRQJY3mRwIbJsqF1; 0w58EBinbMrLnuqVYRC01i; 61MeKNJd0gPBIXDM7314t0,1,1,liked,,2023-09-11T08:03:36Z,2023-09-11T08:03:36Z,,,,
60WbVHken7zKfBBgg82Xwr,Light As A Feather,Chromatics,Closer To Grey,2019,2019,,electronic,electronic; synth-pop; dream pop,2019-10-02,216051,False,,https://open.spotify.com/track/60WbVHken7zKfBBgg82Xwr,6A6RTFXwJWesdPhSGnm0tF,4tOVIRjlWWfR1RrAxyRqTE,5,1,liked,,2023-04-10T16:27:00Z,2023-04-10T16:27:00Z,,,,
5fpK2lu0Rwn6yRb1RxR7yl,I Love You,Chungking,Stay Up Forever,2007,2007,,electronic,electronic; synth-pop,2007-08-13,267400,False,,https://open.spotify.com/track/5fpK2lu0Rwn6yRb1RxR7yl,1y0hoP5IUut36vxeei6P1l,36iz9wrOKrZFFrTjpT2RO5,5,1,liked,,2023-04-10T16:27:00Z,2023-04-10T16:27:00Z,,,,
6caNCAyIo2U75tMyliDA0A,I'm Alive,Cirith Ungol,Frost and Fire,1980,1980,,heavy metal,heavy metal; doom metal; power metal; us power metal; epic doom metal,1980-04-01,298133,False,,https://open.spotify.com/track/6caNCAyIo2U75tMyliDA0A,0KEpIiXOoXV2iSffa9hgYl,2qOoh1ofQZoX9XMXglJDcR,2,1,liked,,2024-11-07T06:14:58Z,2024-11-07T06:14:58Z,,,,
3QbmNNWKtr8VLm3GKvnhx6,Black Machine,Cirith Ungol,King of the Dead,1984,1984,,heavy metal,heavy metal; doom metal; power metal; us power metal; epic doom metal,1984,255480,False,,https://open.spotify.com/track/3QbmNNWKtr8VLm3GKvnhx6,6vGlda09oy3XWANPmXT35n,2qOoh1ofQZoX9XMXglJDcR,2,1,liked,,2024-10-23T07:12:01Z,2024-10-23T07:12:01Z,,,,
6Gllp2FbLgIKa8akyWqINw,Don't Hold Your Breath,CKY,An Ånswer Can Be Found,2005,2005,,stoner rock,stoner rock; alternative metal,2005-06-28,242520,False,,https://open.spotify.com/track/6Gllp2FbLgIKa8akyWqINw,0w6GZR8aXJgCEekS8LC2nn,3ZQEU2arcWXSv3oz8hwWBK,11,1,liked,,2023-04-10T16:27:00Z,2023-04-10T16:27:00Z,,,,
0Z2kXtlO49uagXHJw3ttm2,Flesh into Gear,CKY,Infiltrate-Destroy-Rebuild,2002,2002,,stoner rock,stoner rock; alternative metal,2002-09-24,186240,False,,https://open.spotify.com/track/0Z2kXtlO49uagXHJw3ttm2,1Bl3Ikcj2WwhF3cHPJnDmW,3ZQEU2arcWXSv3oz8hwWBK,2,1,liked,,2023-04-10T16:27:00Z,2023-04-10T16:27:00Z,,,,
0XesvWT3fGTXGLO7dUlBlU,Herr Bar,Clark,Body Riddle,2006,2006,,electronic,electronic; idm,2006-10-02,234400,False,,https://open.spotify.com/track/0XesvWT3fGTXGLO7dUlBlU,04onGeB7bKwWHPPTXAiszV,6kic5bCjlohhDn9KzXbOta,1,1,liked,,2023-04-10T16:27:00Z,2023-04-10T16:27:00Z,,,,
2NCC0pZw73q0bOUwpv52dm,Matthew Unburdened,Clark,Body Riddle,2006,2006,,electronic,electronic; idm,2006-10-02,339626,False,,https://open.spotify.com/track/2NCC0pZw73q0bOUwpv52dm,04onGeB7bKwWHPPTXAiszV,6kic5bCjlohhDn9KzXbOta,9,1,liked,,2023-04-10T16:27:00Z,2023-04-10T16:27:00Z,,,,
4Zhl4y4KfWoTe3vhDCfktS,Herr Bar,Clark,Body Riddle (Remastered),2022,2022,,electronic,electronic; idm,2022-07-13,233440,False,,https://open.spotify.com/track/4Zhl4y4KfWoTe3vhDCfktS,4bH9Kc6e6sRxGoMrX1NUup,6kic5bCjlohhDn9KzXbOta,1,1,liked,,2024-09-20T17:57:24Z,2024-09-20T17:57:24Z,,,,
5XY2SKRA4h4roAbBi3Ft5l,Matthew Unburdened,Clark,Body Riddle (Remastered),2022,2022,,electronic,electronic; idm,2022-07-13,339640,False,,https://open.spotify.com/track/5XY2SKRA4h4roAbBi3Ft5l,4bH9Kc6e6sRxGoMrX1NUup,6kic5bCjlohhDn9KzXbOta,9,1,liked,,2024-09-20T17:57:26Z,2024-09-20T17:57:26Z,,,,
22qsC595jwuVJYizdNkuKt,Holiday As Brutality,Clark,Empty The Bones Of You,2003,2003,,electronic,electronic; idm,2003-09-08,204640,False,,https://open.spotify.com/track/22qsC595jwuVJYizdNkuKt,3Mf9bcBk3zTxuyokjzaYvs,6kic5bCjlohhDn9KzXbOta,2,1,liked,,2023-04-10T16:27:00Z,2023-04-10T16:27:00Z,,,,
5bqc8Az9hlSlfLZDwtEX18,Gob Coitus,Clark,Empty The Bones Of You,2003,2003,,electronic,electronic; idm,2003-09-08,191160,False,,https://open.spotify.com/track/5bqc8Az9hlSlfLZDwtEX18,3Mf9bcBk3zTxuyokjzaYvs,6kic5bCjlohhDn9KzXbOta,13,1,liked,,2023-04-10T16:27:00Z,2023-04-10T16:27:00Z,,,,
5bU9vp6DW9FyeGNotk6nAQ,Running Dreams,Clark,In Camera,2024,2024,,electronic,electronic; idm,2024-09-13,204818,False,,https://open.spotify.com/track/5bU9vp6DW9FyeGNotk6nAQ,4Z6SLS4v27j6hCHOA3jIZX,6kic5bCjlohhDn9KzXbOta,5,1,liked,,2024-09-17T09:48:17Z,2024-09-17T09:48:17Z,,,,
3MkLmqNLt8rO8457l1fgsx,Blue Blood,Clark,In Camera,2024,2024,,electronic,electronic; idm,2024-09-13,106128,False,,https://open.spotify.com/track/3MkLmqNLt8rO8457l1fgsx,4Z6SLS4v27j6hCHOA3jIZX,6kic5bCjlohhDn9KzXbOta,19,1,liked,,2024-09-20T06:59:22Z,2024-09-20T06:59:22Z,,,,
2K0KQAfrP9BL4UdQY43fqY,Houdini Modal,Clark,Modal Stims,2026,2026,,electronic,electronic; idm,2026-03-13,350142,False,,https://open.spotify.com/track/2K0KQAfrP9BL4UdQY43fqY,0wFAYvG9t0mNPMhRURFSSU,6kic5bCjlohhDn9KzXbOta,1,1,liked,,2026-03-15T15:14:40Z,2026-03-15T15:14:40Z,,,,
7ononWAvJCIQnQ9aPbMdYw,We're goin' in. We're going down.,Cloudkicker,Beacons,2010,2010,,progressive metal,progressive metal; post-metal; post-rock; experimental,2010-09-16,315346,False,,https://open.spotify.com/track/7ononWAvJCIQnQ9aPbMdYw,6pJifLe3cKpf106OchxSvR,4DAuhWUSCvn4FFcVpgIqY6,3,1,liked,,2023-10-16T11:29:52Z,2023-10-16T11:29:52Z,,,,
6hn9NaLmD4iMo3PANbNiG7,You Went So Silent,Clouds,Doliu,2014,2014,,techno,techno; acid techno; hard techno; industrial techno; wonky techno,2014,492004,False,,https://open.spotify.com/track/6hn9NaLmD4iMo3PANbNiG7,4P7virAcfRlitwHJXLtUYQ,5b4d1sad2FNXIOYef3vTDg,1,1,liked,,2025-11-17T18:07:30Z,2025-11-17T18:07:30Z,,,,
0twqNLMlaIECkRAK5leXQf,Shapes,Coat Of Arms,Shapes,2021,2021,,punk,punk,2021-09-29,178047,False,,https://open.spotify.com/track/0twqNLMlaIECkRAK5leXQf,31s61x1TcS5JG7Jz80tMpa,63U8atFXZ3sax4eeV212tq,1,1,liked,,2023-08-24T06:05:06Z,2023-08-24T06:05:06Z,,,,
4GoQDjijULP4PZU8J72ZtK,Your Touch,Coco Bryce,Computer Love,2023,2023,,jungle,jungle; uk garage,2023-05-12,352000,False,,https://open.spotify.com/track/4GoQDjijULP4PZU8J72ZtK,3cDEcC56eKVXyjwrsHqOFj,08hjAM9XAD28O0nWVKmlx5,1,1,liked,,2023-06-02T18:26:06Z,2023-06-02T18:26:06Z,,,,
3jfRaalvmSflXj5RP650Ti,Trust Issues,Coco Bryce,Computer Love,2023,2023,,jungle,jungle; uk garage,2023-05-12,320000,False,,https://open.spotify.com/track/3jfRaalvmSflXj5RP650Ti,3cDEcC56eKVXyjwrsHqOFj,08hjAM9XAD28O0nWVKmlx5,9,1,liked,,2023-06-01T16:49:50Z,2023-06-01T16:49:50Z,,,,
3ApF4gKjT4Ne9YwnOUq0i5,Wish We Didn't,Coco Bryce,Night On Earth,2019,2019,,jungle,jungle; uk garage,2019-06-07,248333,False,,https://open.spotify.com/track/3ApF4gKjT4Ne9YwnOUq0i5,6NO302QttA9Ifl9Fghh0oy,08hjAM9XAD28O0nWVKmlx5,5,1,liked,,2023-06-02T18:25:55Z,2023-06-02T18:25:55Z,,,,
5ZcZC8yKfcB7otKe8qamNY,Seekers Who Are Lovers - Remastered 2006,Cocteau Twins,Milk & Kisses,1996,1996,,dream pop,dream pop; shoegaze; ethereal wave; post-punk; gothic rock,1996-03,279560,False,,https://open.spotify.com/track/5ZcZC8yKfcB7otKe8qamNY,3w3hmie5WZ5H2MQrMCyRW6,5Wabl1lPdNOeIn0SQ5A1mp,10,1,liked,,2023-04-10T16:27:00Z,2023-04-10T16:27:00Z,,,,
4Mszk8p6xU2h6mhVoIp4io,Mirror,Code Orange,Mirror,2023,2023,,industrial metal,industrial metal; hardcore punk; hardcore; metalcore; chaotic hardcore,2023-09-07,239132,False,,https://open.spotify.com/track/4Mszk8p6xU2h6mhVoIp4io,60HJcRHTQSVVGn6sJ57DWd,6qtECqesbU29iftyeWmldK,1,1,liked,,2023-09-19T08:10:44Z,2023-09-19T08:10:44Z,,,,
2QhURnm7mQDxBb5jWkbDug,Don't Panic,Coldplay,Parachutes,2000,2000,,alternative rock,alternative rock; pop rock; post-britpop; piano rock; indie rock,2000-07-10,136866,False,,https://open.spotify.com/track/2QhURnm7mQDxBb5jWkbDug,6ZG5lRT77aJ3btmArcykra,4gzpq5DPGxSnKTe4SA8HAU,1,1,liked,,2023-04-10T16:27:00Z,2023-04-10T16:27:00Z,,,,
7LVHVU3tWfcxj5aiPFEW4Q,Fix You,Coldplay,X&Y,2005,2005,,alternative rock,alternative rock; pop rock; post-britpop; piano rock; indie rock,2005-06-07,295533,False,,https://open.spotify.com/track/7LVHVU3tWfcxj5aiPFEW4Q,4E7bV0pzG0LciBSWTszra6,4gzpq5DPGxSnKTe4SA8HAU,4,1,liked,,2023-04-10T16:27:00Z,2023-04-10T16:27:00Z,,,,
0iohp09bQ5Y5pwVtQT9Jke,Void,ColdWorld,Autumn,2016,2016,,atmospheric black metal,atmospheric black metal; depressive black metal; black metal; dark ambient; black ambient,2016-07-15,391546,False,,https://open.spotify.com/track/0iohp09bQ5Y5pwVtQT9Jke,2PRvY4gZgfJLToefe9Jw1N,0y9T7O1q6PyYt8fOSJfRm5,2,1,liked,,2025-12-01T07:28:33Z,2025-12-01T07:28:33Z,,,,
4L0gaPJKwySDjyDDzsGC6N,Cumhaidh an Fhile (Feat. Síle Uí Luathairí),Coláiste Árainn Mhóir,Rabharta Ceoil,2011,2011,,irish folk,irish folk; folk,2011-06-16,277053,False,,https://open.spotify.com/track/4L0gaPJKwySDjyDDzsGC6N,068kzszyXyoJAXP1ptolTO,3cHCNsxhwUDRhrFBOwHo8x,13,1,liked,,2023-04-10T16:27:00Z,2023-04-10T16:27:00Z,,,,
6XnBQsit5gKELfjliuJonX,Dreamwave,Con Tó Music; Sade Adu; Pelican,Dreamwave,2025,2025,,trance,trance; post-metal; electronic; post-rock; classical,2025-09-10,275200,False,,https://open.spotify.com/track/6XnBQsit5gKELfjliuJonX,1DBtV7VysXyXKErVVyLc4t,3xJISWM0IlVHtLkzDgQ6R5; 0US6Qjw05r2L04QMNTLWfg; 6qIl6OmEz1ZjfXh5qGYag6,1,1,liked,,2025-10-03T07:06:41Z,2025-10-03T07:06:41Z,,,,
7BJdeSMNARqxILAzIpgXaD,The Mire,Conjurer,Mire,2018,2018,,sludge metal,sludge metal; post-metal; hardcore; black metal; doom,2018-03-09,253880,False,,https://open.spotify.com/track/7BJdeSMNARqxILAzIpgXaD,77W2ZrSQupWaGYo0majsKe,38eUVFRyGFT6VnEbaFRScQ,5,1,liked,,2024-02-06T09:36:43Z,2024-02-06T09:36:43Z,,,,
1YXo39c7oKj77QdON48uIA,Let Us Live,Conjurer,Unself,2025,2025,,sludge metal,sludge metal; post-metal; hardcore; black metal; doom,2025-10-24,358653,False,,https://open.spotify.com/track/1YXo39c7oKj77QdON48uIA,2C6z4sTAG9kIu8rF6fI9r1,38eUVFRyGFT6VnEbaFRScQ,6,1,liked,,2026-05-15T09:58:13Z,2026-05-15T09:58:13Z,,,,
7ITbFdaQKXMMRNNujSLtBi,Discerning the Transmundane,Conjuror,Fight or Yield,2016,2016,,folk,folk; black metal; war metal,2016-08-18,263506,False,,https://open.spotify.com/track/7ITbFdaQKXMMRNNujSLtBi,2gaHvy4E1Gz71MeLOc3GAw,6DI7b3n4JSMXyxZHDjufoA,3,1,liked,,2023-04-30T16:08:43Z,2023-04-30T16:08:43Z,,,,
09F9ERsvgwC4Kel6f9VAX1,Ashes of Lesser Men,Conquering Dystopia,Conquering Dystopia,2014,2014,,progressive metal,progressive metal; technical death metal; death metal,2014-03-10,335282,False,,https://open.spotify.com/track/09F9ERsvgwC4Kel6f9VAX1,4yaxkGNJVTAVHfqCZd40eK,1Kj5HJxTAT3NM2YX7pY7sW,3,1,liked,,2023-11-20T12:34:26Z,2023-11-20T12:34:26Z,,,,
6SyhT1iCADHEKbrQGMGHRt,Breaking The Broken,Control Denied,The Fragile Art Of Existence (Reissue),2010,2010,,progressive metal,progressive metal,2010-10-26,340893,False,,https://open.spotify.com/track/6SyhT1iCADHEKbrQGMGHRt,7BGghWf6CbTHuhTu36nH5i,2f5Ll8LPKVR2WOjSruXzqF,2,1,liked,,2023-04-10T16:27:00Z,2023-04-10T16:27:00Z,,,,
5428XXBPt7R6yQckj9SRUb,What If...?,Control Denied,The Fragile Art Of Existence (Reissue),2010,2010,,progressive metal,progressive metal,2010-10-26,269880,False,,https://open.spotify.com/track/5428XXBPt7R6yQckj9SRUb,7BGghWf6CbTHuhTu36nH5i,2f5Ll8LPKVR2WOjSruXzqF,4,1,liked,,2023-04-10T16:27:00Z,2023-04-10T16:27:00Z,,,,
4Ieee84wD1LU2uHy2suYCo,Cut Down,Control Denied,The Fragile Art Of Existence (Reissue),2010,2010,,progressive metal,progressive metal,2010-10-26,290493,False,,https://open.spotify.com/track/4Ieee84wD1LU2uHy2suYCo,7BGghWf6CbTHuhTu36nH5i,2f5Ll8LPKVR2WOjSruXzqF,7,1,liked,,2023-04-10T16:27:00Z,2023-04-10T16:27:00Z,,,,
5Ct2IAe3uGkhl09wjs3QNV,Wretched World,Converge,Axe To Fall,2009,2009,,metalcore,metalcore; mathcore; hardcore; hardcore punk; post-hardcore,2009-10-20,430506,False,,https://open.spotify.com/track/5Ct2IAe3uGkhl09wjs3QNV,0sAtQQ4Y2zewIIxFidHbVR,7kHzfxMLtVHHb523s43rY1,13,1,liked,,2023-05-29T07:57:21Z,2023-05-29T07:57:21Z,,,,
66Wct7SWBtr7xcTzzC0uUU,Scorpion's Sting,Converge; Chelsea Wolfe,Bloodmoon: I,2021,2021,,metalcore,metalcore; singer-songwriter; mathcore; alternative rock; hardcore,2021-11-19,348013,False,,https://open.spotify.com/track/66Wct7SWBtr7xcTzzC0uUU,4rEDzWnp2RoNzSx8DjO7gY,7kHzfxMLtVHHb523s43rY1; 6ZK2nrW8aCTg8Bid7I7N10,8,1,liked,,2024-09-30T13:56:26Z,2024-09-30T13:56:26Z,,,,
3nNdirGRVJ1qaznK8q4we0,Sacrificial Lamb,Coroner,Dissonance Theory,2025,2025,,thrash metal,thrash metal; technical thrash metal; groove metal; progressive thrash metal; progressive metal,2025-10-17,362853,False,,https://open.spotify.com/track/3nNdirGRVJ1qaznK8q4we0,4ZJDnfve8rHn1kH8J2jNpS,7lfdXL6PuTM5iWJNvI7PPV,3,1,liked,,2026-03-07T08:04:22Z,2026-03-07T08:04:22Z,,,,
4xPl9MGT98HM1TF05Xw8ys,Sea of Lunacy (feat. Annika von Hausswolff),Cortex,Closure,2019,2019,,post-punk,post-punk; new wave; art punk; gothic rock,2019-12-13,257137,False,,https://open.spotify.com/track/4xPl9MGT98HM1TF05Xw8ys,0vGr9EWMwlHxQSDuu5qThn,0cDPcadkOyUUwdmeOWSuS7,2,1,liked,,2023-04-10T16:27:00Z,2023-04-10T16:27:00Z,,,,
5hth4iRqez9PIUomUsQtvy,Warrior Night,Cortex,Spinal Injuries / the Mannequins of Death (Spinal Injuries Outtakes),1983,1983,,post-punk,post-punk; new wave; art punk; gothic rock,1983-01-01,214992,False,,https://open.spotify.com/track/5hth4iRqez9PIUomUsQtvy,3cGlGw7TruE2hKW5xSUvJh,0cDPcadkOyUUwdmeOWSuS7,2,1,liked,,2023-04-10T16:27:00Z,2023-04-10T16:27:00Z,,,,
3DvCFrQkMR0Hd5V6A3A3Db,The Freaks,Cortex,Spinal Injuries / the Mannequins of Death (Spinal Injuries Outtakes),1983,1983,,post-punk,post-punk; new wave; art punk; gothic rock,1983-01-01,194697,False,,https://open.spotify.com/track/3DvCFrQkMR0Hd5V6A3A3Db,3cGlGw7TruE2hKW5xSUvJh,0cDPcadkOyUUwdmeOWSuS7,6,1,liked,,2023-04-10T16:27:00Z,2023-04-10T16:27:00Z,,,,
6lwbcjVf268z7SfUz7f2SF,Napalm Sticks To Kids,Cortex,Spinal Injuries / the Mannequins of Death (Spinal Injuries Outtakes),1983,1983,,post-punk,post-punk; new wave; art punk; gothic rock,1983-01-01,169364,False,,https://open.spotify.com/track/6lwbcjVf268z7SfUz7f2SF,3cGlGw7TruE2hKW5xSUvJh,0cDPcadkOyUUwdmeOWSuS7,8,1,liked,,2023-04-10T16:27:00Z,2023-04-10T16:27:00Z,,,,
3KUkcCTl8yPHo0ws2kKwIr,Crippled Wizard,Cough,Ritual Abuse,2010,2010,,doom metal,doom metal; stoner metal; sludge metal,2010-10-26,409453,False,,https://open.spotify.com/track/3KUkcCTl8yPHo0ws2kKwIr,2qqdeJkBiiZUEyxf4LneJg,1jR6DBqtAnOcCPJpzXDvg9,3,1,liked,,2026-04-15T11:14:18Z,2026-04-15T11:14:18Z,,,,
0SElYK9iouvepQe6zONE7q,Haunter of the Dark,Cough,Still They Pray,2016,2016,,doom metal,doom metal; stoner metal; sludge metal,2016-06-03,470213,False,,https://open.spotify.com/track/0SElYK9iouvepQe6zONE7q,5QfDoahaCCdcEC6EaZDWiH,1jR6DBqtAnOcCPJpzXDvg9,1,1,liked,,2023-04-10T16:27:00Z,2023-04-10T16:27:00Z,,,,
2k4pS2s7JHRiZrc6LB5Xqu,Let It Bleed,Cough,Still They Pray,2016,2016,,doom metal,doom metal; stoner metal; sludge metal,2016-06-03,576892,False,,https://open.spotify.com/track/2k4pS2s7JHRiZrc6LB5Xqu,5QfDoahaCCdcEC6EaZDWiH,1jR6DBqtAnOcCPJpzXDvg9,5,1,liked,,2026-04-16T15:05:10Z,2026-04-16T15:05:10Z,,,,
0mIEY2pzE6ttbUym64sa54,Dreaming In The Mire,Counting Hours,Dreaming In The Mire,2025,2025,,doom metal,doom metal,2025-09-26,351000,False,,https://open.spotify.com/track/0mIEY2pzE6ttbUym64sa54,0zT3S0MPZa7y6Q1YfzlcRY,2RKyH1cOr2tyqedxe3qGZW,1,1,liked,,2025-09-26T11:17:29Z,2025-09-26T11:17:29Z,,,,
4xBpT014rHFYjQjIgD2GGO,Wintry Insight,Counting Hours,Dreaming In The Mire,2025,2025,,doom metal,doom metal,2025-09-26,334895,False,,https://open.spotify.com/track/4xBpT014rHFYjQjIgD2GGO,0zT3S0MPZa7y6Q1YfzlcRY,2RKyH1cOr2tyqedxe3qGZW,2,1,liked,,2025-09-26T11:17:26Z,2025-09-26T11:17:26Z,,,,
4WM3xtB1hbCtYjEJTkunpW,Profound,Counting Hours,The Will,2020,2020,,doom metal,doom metal,2020-10-23,271613,False,,https://open.spotify.com/track/4WM3xtB1hbCtYjEJTkunpW,0J0NgRbDUqzVdHF6T24d65,2RKyH1cOr2tyqedxe3qGZW,2,1,liked,,2025-08-28T09:59:45Z,2025-08-28T09:59:45Z,,,,
6WBNnu9BhBxT0nGJQFBxRM,To Exit All False,Counting Hours,The Will,2020,2020,,doom metal,doom metal,2020-10-23,297733,False,,https://open.spotify.com/track/6WBNnu9BhBxT0nGJQFBxRM,0J0NgRbDUqzVdHF6T24d65,2RKyH1cOr2tyqedxe3qGZW,4,1,liked,,2025-08-28T09:49:47Z,2025-08-28T09:49:47Z,,,,
2xPOwYbqUOlNa3Ad1neTsm,Timeless Ones,Counting Hours,The Wishing Tomb,2024,2024,,doom metal,doom metal,2024-02-23,271445,False,,https://open.spotify.com/track/2xPOwYbqUOlNa3Ad1neTsm,1Y0TFCRKcrcn5KTLzeys3T,2RKyH1cOr2tyqedxe3qGZW,2,1,liked; playlist,FD top,2024-03-26T08:27:12Z,2025-07-25T20:07:20Z,,,,
3XN1e4I9U2QLWpaxhthD04,Away I Flow,Counting Hours,The Wishing Tomb,2024,2024,,doom metal,doom metal,2024-02-23,356991,False,,https://open.spotify.com/track/3XN1e4I9U2QLWpaxhthD04,1Y0TFCRKcrcn5KTLzeys3T,2RKyH1cOr2tyqedxe3qGZW,3,1,liked,,2025-08-28T09:51:18Z,2025-08-28T09:51:18Z,,,,
2rZY7P6tfn5wzmSAzejgts,Starlit / Lifeless,Counting Hours,The Wishing Tomb,2024,2024,,doom metal,doom metal,2024-02-23,285207,False,,https://open.spotify.com/track/2rZY7P6tfn5wzmSAzejgts,1Y0TFCRKcrcn5KTLzeys3T,2RKyH1cOr2tyqedxe3qGZW,5,1,liked,,2025-08-28T10:01:53Z,2025-08-28T10:01:53Z,,,,
0TgLjdXzKWMaknzhz4nlws,TOOL (No quarter),cover&covers,TOOL (No quarter),2024,2024,,heavy metal,heavy metal; hard rock; aor; glam,2024-05-09,672403,False,,https://open.spotify.com/track/0TgLjdXzKWMaknzhz4nlws,4fQvHl93ZO8Dhynfn2OsAV,1YE1hyMEN690R5G2NCjh7x,1,1,liked,,2024-09-17T11:06:54Z,2024-09-17T11:06:54Z,,,,
0OiONu7Cgk6ezrdDNxEJp6,Cruelty Brought Thee Orchids - Remixed and Remastered,Cradle Of Filth,Cruelty and the Beast - Re-Mistressed,2019,2019,,symphonic black metal,symphonic black metal; black metal; gothic metal; extreme gothic metal; extreme symphonic metal,2019-11-01,438360,False,,https://open.spotify.com/track/0OiONu7Cgk6ezrdDNxEJp6,1b7Yy5kprvU3YiJmRdt4Bf,0NTSMFFapnyZfvmCwzcYPd,3,1,liked,,2024-04-04T17:23:40Z,2024-04-04T17:23:40Z,,,,
2c0xqZVp66VShqaGLh8ScA,Beneath the Howling Stars - Remixed and Remastered,Cradle Of Filth,Cruelty and the Beast - Re-Mistressed,2019,2019,,symphonic black metal,symphonic black metal; black metal; gothic metal; extreme gothic metal; extreme symphonic metal,2019-11-01,457893,False,,https://open.spotify.com/track/2c0xqZVp66VShqaGLh8ScA,1b7Yy5kprvU3YiJmRdt4Bf,0NTSMFFapnyZfvmCwzcYPd,4,1,liked,,2024-04-04T17:23:31Z,2024-04-04T17:23:31Z,,,,
5dpjWJN35u6NWV7cctYTk3,Lustmord and Wargasm (The Lick of Carnivorous Winds) - Remixed and Remastered,Cradle Of Filth,Cruelty and the Beast - Re-Mistressed,2019,2019,,symphonic black metal,symphonic black metal; black metal; gothic metal; extreme gothic metal; extreme symphonic metal,2019-11-01,451280,False,,https://open.spotify.com/track/5dpjWJN35u6NWV7cctYTk3,1b7Yy5kprvU3YiJmRdt4Bf,0NTSMFFapnyZfvmCwzcYPd,10,1,liked,,2023-04-10T16:27:00Z,2023-04-10T16:27:00Z,,,,
39DF6MDR77oEsJUBo8x05D,The Trinity Of Shadows,Cradle Of Filth,The Screaming Of The Valkyries,2025,2025,,symphonic black metal,symphonic black metal; black metal; gothic metal; extreme gothic metal; extreme symphonic metal,2025-03-21,382840,False,,https://open.spotify.com/track/39DF6MDR77oEsJUBo8x05D,3qwLRjvY7IYpv6N248PIAi,0NTSMFFapnyZfvmCwzcYPd,3,1,liked,,2025-04-03T05:47:32Z,2025-04-03T05:47:32Z,,,,
3Xls4cNOwy01dtrNXb1inG,White Room,Cream,Wheels Of Fire,1968,1968,,blues rock,blues rock; hard rock; psychedelic rock; jam band; psychedelic pop,1968-07-01,298333,False,,https://open.spotify.com/track/3Xls4cNOwy01dtrNXb1inG,0zrtTZC7yY2TOEhnbJzSb9,74oJ4qxwOZvX6oSsu1DGnw,1,1,liked,,2023-04-10T16:27:00Z,2023-04-10T16:27:00Z,,,,
7h1N6ijC3H1i47Du5mzip0,Ramble Tamble,Creedence Clearwater Revival,Cosmo's Factory,1970,1970,,swamp rock,swamp rock; country rock; blues rock; roots rock; southern rock,1970-07-24,431188,False,,https://open.spotify.com/track/7h1N6ijC3H1i47Du5mzip0,5w2X5ZmdE4u0XGkOU7BiLG,3IYUhFvPQItj6xySrBmZkd,1,1,liked,,2025-09-17T10:12:00Z,2025-09-17T10:12:00Z,,,,
3gTnpcqOOWs2FvXA9OE7Z1,"Goodnight, Europe, Pt. II",Crippled Black Phoenix,"Goodnight, Europe, Pt. II",2024,2024,,progressive rock,progressive rock; psychedelic rock; post-rock; experimental rock; folk rock,2024-09-11,517052,False,,https://open.spotify.com/track/3gTnpcqOOWs2FvXA9OE7Z1,0mOrTaxyVXdf9GKCVH7S61,6WEyPcf9ezhNLm1xOBjbwH,1,1,liked,,2024-09-13T12:16:20Z,2024-09-13T12:16:20Z,,,,
1ztQD4IYMLiXsDDmzZhFGz,We Forgotten Who We Are,Crippled Black Phoenix,"I, Vigilante",2010,2010,,progressive rock,progressive rock; psychedelic rock; post-rock; experimental rock; folk rock,2010,647306,False,,https://open.spotify.com/track/1ztQD4IYMLiXsDDmzZhFGz,2cMxPNQgkmrDqCVCeZnKPA,6WEyPcf9ezhNLm1xOBjbwH,2,1,liked,,2023-04-24T07:44:05Z,2023-04-24T07:44:05Z,,,,
3Oza2kYkgDGKCizAUVEudY,"No!, Pt. 2",Crippled Black Phoenix,White Light Generator,2014,2014,,progressive rock,progressive rock; psychedelic rock; post-rock; experimental rock; folk rock,2014-03-17,584506,False,,https://open.spotify.com/track/3Oza2kYkgDGKCizAUVEudY,5mPReMFpBcYy8LINld3yhF,6WEyPcf9ezhNLm1xOBjbwH,3,1,liked,,2023-04-10T16:27:00Z,2023-04-10T16:27:00Z,,,,
0gCJkpD0RhF2rjiALLHBQL,Almost Cut My Hair,"Crosby, Stills, Nash & Young",Deja Vu,1970,1970,,folk rock,folk rock; pop rock; vocal jazz; dixieland; blues rock,1970-03-11,269173,False,,https://open.spotify.com/track/0gCJkpD0RhF2rjiALLHBQL,5bHkK1X4WEOzNvRhehvOcb,1CYsQCypByMVgnv17qsSbQ,3,1,liked,,2024-07-03T07:52:45Z,2024-07-03T07:52:45Z,,,,
5rZT3vLHimtz6B0jyvSlX8,THE LASTING DOSE,Crowbar,Sonic Excess In Its Purest Form,2003,2003,,sludge metal,sludge metal; sludge; doom metal; heavy metal,2003-02-11,252120,False,,https://open.spotify.com/track/5rZT3vLHimtz6B0jyvSlX8,2vyE4fvDCuvjUZdpZRJSGz,3xtIpqzIOfQUxKce8BU4Ka,1,1,liked,,2023-04-10T16:27:00Z,2023-04-10T16:27:00Z,,,,
0GchbAsC0xrNTJNQvVJC0K,To Invoke The Horned God,Cruachan,A Celtic Legacy,2007,2007,,folk metal,folk metal; celtic metal; black metal; celtic; blackened folk metal,2007-07-16,372640,False,,https://open.spotify.com/track/0GchbAsC0xrNTJNQvVJC0K,09HkNLnkEeXDhe7W7zxAqh,6QpbkfyEQJ3JiQw2AbTRUH,3,1,liked,,2023-04-10T16:27:00Z,2023-04-10T16:27:00Z,,,,
6Qx2cQ2eLaVhmoQIQU1Hnc,Death Of A Gael,Cruachan,Folk-Lore,2002,2002,,folk metal,folk metal; celtic metal; black metal; celtic; blackened folk metal,2002-02-04,338560,False,,https://open.spotify.com/track/6Qx2cQ2eLaVhmoQIQU1Hnc,5JAOzrws3pQh4hjFHUUW9r,6QpbkfyEQJ3JiQw2AbTRUH,3,1,liked,,2023-04-10T16:27:00Z,2023-04-10T16:27:00Z,,,,
6CkY2hPmAfQlArDG2hdqWM,Ossian's Return,Cruachan,Folk-Lore,2002,2002,,folk metal,folk metal; celtic metal; black metal; celtic; blackened folk metal,2002-02-04,284440,False,,https://open.spotify.com/track/6CkY2hPmAfQlArDG2hdqWM,5JAOzrws3pQh4hjFHUUW9r,6QpbkfyEQJ3JiQw2AbTRUH,5,1,liked,,2023-04-10T16:27:00Z,2023-04-10T16:27:00Z,,,,
1A7cp7bEenm3bRijF0WbDb,Ride On,Cruachan,Folk-Lore,2002,2002,,folk metal,folk metal; celtic metal; black metal; celtic; blackened folk metal,2002-02-04,281266,False,,https://open.spotify.com/track/1A7cp7bEenm3bRijF0WbDb,5JAOzrws3pQh4hjFHUUW9r,6QpbkfyEQJ3JiQw2AbTRUH,8,1,liked,,2023-04-10T16:27:00Z,2023-04-10T16:27:00Z,,,,
1uZWAkFwaoV94rs2GXPTcG,I Am Tuan,Cruachan,Nine Years of Blood,2018,2018,,folk metal,folk metal; celtic metal; black metal; celtic; blackened folk metal,2018-04-27,157398,False,,https://open.spotify.com/track/1uZWAkFwaoV94rs2GXPTcG,6rLwH7uyzyGxD8CBEw2kXF,6QpbkfyEQJ3JiQw2AbTRUH,1,1,liked,,2023-04-10T16:27:00Z,2023-04-10T16:27:00Z,,,,
0n8KEjHQXWYsGBHluTjLQT,Pagan,Cruachan,Pagan,2004,2004,,folk metal,folk metal; celtic metal; black metal; celtic; blackened folk metal,2004-04-01,307893,False,,https://open.spotify.com/track/0n8KEjHQXWYsGBHluTjLQT,5GAYes4byXUp51gyfT3A7x,6QpbkfyEQJ3JiQw2AbTRUH,2,1,liked,,2023-04-10T16:27:00Z,2023-04-10T16:27:00Z,,,,
7qmj9nL8wI3ZXyNmIJrQ9z,Whips-A-Swinging,Cruel Force,Whips-A-Swinging,2026,2026,,thrash metal,thrash metal; heavy metal; black metal; speed metal; blackened thrash metal,2026-01-30,241346,False,,https://open.spotify.com/track/7qmj9nL8wI3ZXyNmIJrQ9z,4zIG2d40eDIIfMrjeXfUlt,3K7CRDKsBBUjvIJsg6jtFn,1,1,liked,,2026-02-05T05:35:55Z,2026-02-05T05:35:55Z,,,,
79UmAmAsebSrMePH3VEvpt,Key of Solomon,Crypt Sermon,The Ruins of Fading Light,2019,2019,,epic doom metal,epic doom metal; doom metal; heavy metal; traditional doom metal,2019-09-13,354603,False,,https://open.spotify.com/track/79UmAmAsebSrMePH3VEvpt,4aoflNFxmOl42MD6tq6WSc,363ih5wuNGWBFcjeKFG8cc,2,1,liked,,2023-04-10T16:27:00Z,2023-04-10T16:27:00Z,,,,
7ptl1FrmMXDJQQWR1ajx9P,Hexagonal Eyes (Diverity Trepaphymphasyzm),Cryptic Shift,Overspace & Supertime,2026,2026,,technical death metal,technical death metal; technical thrash metal; thrash metal; progressive death metal; progressive metal,2026-02-27,605507,False,,https://open.spotify.com/track/7ptl1FrmMXDJQQWR1ajx9P,55BX8eXi3Z80NpZ8O7ZOKa,49Q7rQ1e651IkT2AHKYgnx,4,1,liked,,2026-03-07T09:37:11Z,2026-03-07T09:37:11Z,,,,
6vnqfU4piMJ77BRENrdXte,Crown of Horns,Cryptopsy,None So Vile,1996,1996,,technical death metal,technical death metal; brutal death metal; death metal; technical brutal death metal; deathcore,1996-07-03,237533,False,,https://open.spotify.com/track/6vnqfU4piMJ77BRENrdXte,0mZUAsioioz1zKB2ll6jFt,29PgYwTelpNl6370XLqFtN,1,1,liked,,2023-04-10T16:27:00Z,2023-04-10T16:27:00Z,,,,
5ToTpaQqJ2qJkn00g24oKa,Mountain Music (Part 1),Culpeper's Orchard,Culpeper’s Orchard,2010,2010,,progressive rock,progressive rock; psychedelic rock; country rock,2010-01-01,385106,False,,https://open.spotify.com/track/5ToTpaQqJ2qJkn00g24oKa,0kcunZ9qwNwAQxQ9RPcFBB,79GbfIcIrevJsY0wzkmtxv,2,1,liked,,2023-04-10T16:27:00Z,2023-04-10T16:27:00Z,,,,
4ai6VDeg24P1Aip51yvnOH,Ode To Resistance,Culpeper's Orchard,Culpeper’s Orchard,2010,2010,,progressive rock,progressive rock; psychedelic rock; country rock,2010-01-01,349080,False,,https://open.spotify.com/track/4ai6VDeg24P1Aip51yvnOH,0kcunZ9qwNwAQxQ9RPcFBB,79GbfIcIrevJsY0wzkmtxv,5,1,liked,,2023-04-10T16:27:00Z,2023-04-10T16:27:00Z,,,,
3Sf2SQ1jjeEHe8S52vmhfh,Classified Ads,Culpeper's Orchard,Culpeper’s Orchard,2010,2010,,progressive rock,progressive rock; psychedelic rock; country rock,2010-01-01,252253,False,,https://open.spotify.com/track/3Sf2SQ1jjeEHe8S52vmhfh,0kcunZ9qwNwAQxQ9RPcFBB,79GbfIcIrevJsY0wzkmtxv,12,1,liked,,2023-04-10T16:27:00Z,2023-04-10T16:27:00Z,,,,
1BvTISOy9ORYnnHD4PWdGX,Nightwalkers,Cult Of Luna,A Dawn to Fear,2019,2019,,post-metal,post-metal; sludge metal; atmospheric sludge metal; post metal; post-rock,2019-09-20,648666,False,,https://open.spotify.com/track/1BvTISOy9ORYnnHD4PWdGX,5wF8QXoGV5Woz6EzfZjMZC,7E7fJJpdVgr1F3pfAfRtHe,4,1,liked,,2023-04-10T16:27:00Z,2023-04-10T16:27:00Z,,,,
6BSRyxjaVTz9e5gAPy4sT6,Lights on the Hill,Cult Of Luna,A Dawn to Fear,2019,2019,,post-metal,post-metal; sludge metal; atmospheric sludge metal; post metal; post-rock,2019-09-20,907720,False,,https://open.spotify.com/track/6BSRyxjaVTz9e5gAPy4sT6,5wF8QXoGV5Woz6EzfZjMZC,7E7fJJpdVgr1F3pfAfRtHe,5,1,liked,,2023-04-10T16:27:00Z,2023-04-10T16:27:00Z,,,,
2zbBZPt6ZIEAnsZ3cUpKSx,Waiting For You,Cult Of Luna,Salvation,2004,2004,,post-metal,post-metal; sludge metal; atmospheric sludge metal; post metal; post-rock,2004,647413,False,,https://open.spotify.com/track/2zbBZPt6ZIEAnsZ3cUpKSx,1rdVGFcmOnQzjEsW4fI45P,7E7fJJpdVgr1F3pfAfRtHe,4,1,liked,,2023-04-10T16:27:00Z,2023-04-10T16:27:00Z,,,,
5PicWccABB6u19lRuMgqid,Cold Burn,Cult Of Luna,The Long Road North,2022,2022,,post-metal,post-metal; sludge metal; atmospheric sludge metal; post metal; post-rock,2022-02-11,581089,False,,https://open.spotify.com/track/5PicWccABB6u19lRuMgqid,0mFOKK4EHSie3Hu1bhOiIB,7E7fJJpdVgr1F3pfAfRtHe,1,1,liked,,2023-04-10T16:27:00Z,2023-04-10T16:27:00Z,,,,
1qkBgYtk5r2OHvdToRUNB8,The Wreck of S.S. Needle,Cult Of Luna; Julie Christmas,Mariner,2016,2016,,post-metal,post-metal; experimental; sludge metal; progressive; atmospheric sludge metal,2016-04-08,573506,False,,https://open.spotify.com/track/1qkBgYtk5r2OHvdToRUNB8,7s8GMmLooF7H6awoTjbl4Z,7E7fJJpdVgr1F3pfAfRtHe; 4rHZDNrVu2XkdO7eysOHei,3,1,liked,,2023-08-30T07:35:59Z,2023-08-30T07:35:59Z,,,,
1KJ7kulTSMokiUZKSpBZRU,Inside of a Dream,Cult Of Luna; Mark Lanegan,The Raging River,2021,2021,,post-metal,post-metal; alternative rock; sludge metal; folk rock; atmospheric sludge metal,2021-02-05,200480,False,,https://open.spotify.com/track/1KJ7kulTSMokiUZKSpBZRU,4AyosRz27DscmVHTLPpCM0,7E7fJJpdVgr1F3pfAfRtHe; 1fpXM23IoNckJ7NDAm8YJQ,3,1,liked,,2023-04-10T16:27:00Z,2023-04-10T16:27:00Z,,,,
2enPRFda84VE2wtI8c86Uf,Always Forever,Cults,Static,2013,2013,,indie pop,indie pop; twee pop,2013-10-15,223750,False,,https://open.spotify.com/track/2enPRFda84VE2wtI8c86Uf,6WnfWrfsfu7T9TXbHIFHX9,3Oim8XBPbznAa8Jj8QzNc8,3,1,liked,,2025-10-31T11:10:49Z,2025-10-31T11:10:49Z,,,,
7IT53mbDUqbEZUTbuHpuJS,All the Pretty Little Horsies,Current 93,All the Pretty Little Horses (The Inmost Light),1997,1997,,neofolk,neofolk; industrial; dark ambient; avant-folk; poetry,1997-04-12,155373,False,,https://open.spotify.com/track/7IT53mbDUqbEZUTbuHpuJS,6wgUZyqE6FjVY9eNBtrf48,7vF3DcPluq6lZI36VniagW,2,1,liked,,2023-04-10T16:27:00Z,2023-04-10T16:27:00Z,,,,
4vfK72EsKsdvlxgbp9F6jt,Norman Keep,Curta'n Wall,Georgie And The Dragon,2025,2025,,black metal,black metal; raw black metal; dungeon synth,2025-04-25,186580,False,,https://open.spotify.com/track/4vfK72EsKsdvlxgbp9F6jt,5L7v9G9CK7boGLQ9f0TUqN,7G03rJcqNOoJHSMU3655Ve,1,1,liked,,2025-05-05T06:00:41Z,2025-05-05T06:00:41Z,,,,
046ljRuWELl1AJ6lBMvr8p,Elephantry,Curta'n Wall,Siege Ubsessed!,2023,2023,,black metal,black metal; raw black metal; dungeon synth,2023-02-03,190780,False,,https://open.spotify.com/track/046ljRuWELl1AJ6lBMvr8p,5MO2NXI0n72j4QgxMOJdEm,7G03rJcqNOoJHSMU3655Ve,3,1,liked,,2024-10-07T08:42:29Z,2024-10-07T08:42:29Z,,,,
56NFprNSTMvD0EbwImjdzY,Unicorn's Horn,Curta'n Wall,Yr Gwyddbwll,2024,2024,,black metal,black metal; raw black metal; dungeon synth,2024-09-27,217350,False,,https://open.spotify.com/track/56NFprNSTMvD0EbwImjdzY,238kuKdDt8IYBFKy0PJcWk,7G03rJcqNOoJHSMU3655Ve,2,1,liked,,2024-10-07T07:12:29Z,2024-10-07T07:12:29Z,,,,
72GUD7ZA98E9lWhltp4bqb,The Dark Ages,Curta'n Wall; Elvya,Siege Ubsessed!,2023,2023,,black metal,black metal; raw black metal; dungeon synth,2023-02-03,329622,False,,https://open.spotify.com/track/72GUD7ZA98E9lWhltp4bqb,5MO2NXI0n72j4QgxMOJdEm,7G03rJcqNOoJHSMU3655Ve; 7nsHwDfvq2CVqfC2jt3Z9N,11,1,liked,,2024-10-07T11:19:43Z,2024-10-07T11:19:43Z,,,,
0SnqtELl1vwb3xytPxfso3,Welcome To My World,Curtis Harding,Face Your Fear,2017,2017,,singer-songwriter,singer-songwriter; soul; r&b,2017-10-27,216920,False,,https://open.spotify.com/track/0SnqtELl1vwb3xytPxfso3,3Can2qB9S1pOcElpkfExB1,0CUpzKPDfIVzYqMn47jiV3,8,1,liked,,2023-04-10T16:27:00Z,2023-04-10T16:27:00Z,,,,
5dLoqzzuODVURWKLe0Dksw,Metamorphosis,Curved Air,Air Cut,1973,1973,,progressive rock,progressive rock; folk rock,1973-10-22,640293,False,,https://open.spotify.com/track/5dLoqzzuODVURWKLe0Dksw,32hwkhETpgnxgaCbXyk59j,3UtSTTCQ0EMUQxmsfZ3Px1,3,1,liked,,2026-03-20T08:29:46Z,2026-03-20T08:29:46Z,,,,
3mC6ppgQpfyp0xk3jvre29,Celestial Voyage,Cynic,Focus,1993,1993,,progressive metal,progressive metal; progressive rock; jazz metal; death metal; progressive death metal,1993,217346,False,,https://open.spotify.com/track/3mC6ppgQpfyp0xk3jvre29,549e0F39N284sxDE7sqGi3,5nXldeedEas60jZnMi40p4,2,1,liked,,2026-03-31T10:45:13Z,2026-03-31T10:45:13Z,,,,
7voQ94Hu6yBpXjJzBvbh3e,Cosmos,Cynic,Focus [Expanded Edition],1993,1993,,progressive metal,progressive metal; progressive rock; jazz metal; death metal; progressive death metal,1993,258959,False,,https://open.spotify.com/track/7voQ94Hu6yBpXjJzBvbh3e,0WOKaY80Kbyo3NWGjz5zZm,5nXldeedEas60jZnMi40p4,12,1,liked,,2023-04-10T16:27:00Z,2023-04-10T16:27:00Z,,,,
0F00gGKAfwdrBeloZcR76X,Bitter,Cypress Hill,Stoned Raiders,2001,2001,,hip hop,hip hop; west coast hip hop; gangsta rap; rapcore; alternative rap,2001-12-04,265506,True,,https://open.spotify.com/track/0F00gGKAfwdrBeloZcR76X,3OTcdjKk357Z0YXeQY6z4V,4P0dddbxPil35MNN9G2MEX,5,1,liked,,2023-04-10T16:27:00Z,2023-04-10T16:27:00Z,,,,
33eDU1v4W7dSmEbVmA1dVG,Une couronne de branches,Cân Bardd,Devoured by the Oak,2021,2021,,atmospheric black metal,atmospheric black metal; black metal; folk metal; epic black metal; epic/atmospheric folk/black metal,2021-11-12,631000,False,,https://open.spotify.com/track/33eDU1v4W7dSmEbVmA1dVG,2AGK7OQrL0QaXig2MVS9aT,04wLDXvXFg0ZTn7BBGMBXH,2,1,liked,,2024-01-12T15:47:17Z,2024-01-12T15:47:17Z,,,,
6ZX7PVig5JREs4L1r39C0I,My Ancestors,Cân Bardd,Nature Stays Silent,2018,2018,,atmospheric black metal,atmospheric black metal; black metal; folk metal; epic black metal; epic/atmospheric folk/black metal,2018-04-06,428875,False,,https://open.spotify.com/track/6ZX7PVig5JREs4L1r39C0I,0c27JYFYzzsYvSPXRvq3lo,04wLDXvXFg0ZTn7BBGMBXH,2,1,liked,,2023-04-10T16:26:59Z,2023-04-10T16:26:59Z,,,,
1g2K2TP1uJONtGcNtTgztw,Stick To Your Guns,D.I.,Caseyology,2002,2002,,skate punk,skate punk,2002,136022,False,,https://open.spotify.com/track/1g2K2TP1uJONtGcNtTgztw,6Er3mpikJfTUAB321LHhC1,5oasYcG0IyAwjap9t3MWW0,2,1,liked,,2023-04-10T16:27:00Z,2023-04-10T16:27:00Z,,,,
0aps6Bvn9Lh1u2U7JxZ49M,Spiritual Law,D.I.,Horse Bites Dog Cries,1985,1985,,skate punk,skate punk,1985,200200,False,,https://open.spotify.com/track/0aps6Bvn9Lh1u2U7JxZ49M,6rK93uLfjkjhBSQG6IMm6k,5oasYcG0IyAwjap9t3MWW0,10,1,liked,,2023-04-10T16:27:00Z,2023-04-10T16:27:00Z,,,,
2Rng7xhw11lUCO72Qb5ZHC,Richard Hung Himself,D.I.,Team Goon,1987,1987,,skate punk,skate punk,1987-01-01,229732,False,,https://open.spotify.com/track/2Rng7xhw11lUCO72Qb5ZHC,4xknN2ZxRyrRMO10aTq9Gi,5oasYcG0IyAwjap9t3MWW0,4,1,liked,,2023-04-10T16:27:00Z,2023-04-10T16:27:00Z,,,,
7pdugh9tUAj5V2Fww5EaLH,Amber Eyes,Daevar,Amber Eyes,2024,2024,,doom metal,doom metal; stoner doom; heavy psych; sludge metal; stoner metal,2024-03-08,241591,False,,https://open.spotify.com/track/7pdugh9tUAj5V2Fww5EaLH,5rJhMgGNiinskuMju6m44Q,1gx2qE6PfH0X7JwGSAdJLs,1,1,liked,,2024-04-15T06:10:53Z,2024-04-15T06:10:53Z,,,,
5pDxqIpe7yxakl1lzYWkmX,Forgotten Tale,Daevar,Sub Rosa,2025,2025,,doom metal,doom metal; stoner doom; heavy psych; sludge metal; stoner metal,2025-03-28,279013,False,,https://open.spotify.com/track/5pDxqIpe7yxakl1lzYWkmX,5a073JQnEzyRIqnSt5DZIx,1gx2qE6PfH0X7JwGSAdJLs,6,1,liked,,2025-04-18T10:21:21Z,2025-04-18T10:21:21Z,,,,
09TlxralXOGX35LUutvw7I,End of Line,Daft Punk,TRON: Legacy - The Complete Edition (Original Motion Picture Soundtrack),2010,2010,,electronic,electronic; house; french house; dance; disco,2010-12-03,156486,False,,https://open.spotify.com/track/09TlxralXOGX35LUutvw7I,3AMXFnwHWXCvNr5NCCpLZI,4tZwfgrHOc3mvqYlEYSvVi,12,1,liked,,2023-04-10T16:27:01Z,2023-04-10T16:27:01Z,,,,
43b4I9oeNefJjKwNP6FV3a,Jellyfish Sunrise,Daikaiju,Phase 2,2010,2010,,surf rock,surf rock; post-rock; metal; progressive; psychedelic,2010-09-21,595881,False,,https://open.spotify.com/track/43b4I9oeNefJjKwNP6FV3a,5qTufgUAEF9dofHK2VPhR5,1boMjUeqvfISOyhMtR89QC,6,1,liked,,2023-04-10T16:27:00Z,2023-04-10T16:27:00Z,,,,
46gCdjwpWrKkaLUhBpuNSK,"Ой, у києві",DakhaBrakha,Yahudky,2014,2014,,folk,folk; experimental; world fusion; white voice,2014-01-04,572173,False,,https://open.spotify.com/track/46gCdjwpWrKkaLUhBpuNSK,0KyTYyyHjdkYS65d08fvYm,5hQYZqZaPcRceL82mFZTO5,5,1,liked,,2023-04-10T16:27:00Z,2023-04-10T16:27:00Z,,,,
7L04mYMgUfMffsWsZIClze,Mehana,Daliborovo Granje,Hainin,2020,2020,,experimental rock,experimental rock; post-rock; psychedelic rock; progressive rock; alternative rock,2020-11-24,444051,False,,https://open.spotify.com/track/7L04mYMgUfMffsWsZIClze,54N18QUANPfExF7diSygC8,3SIBRPTbsCtXee24RqF7zx,1,1,liked,,2023-04-10T16:27:00Z,2023-04-10T16:27:00Z,,,,
0pPWLsRLhHpxEvdDfgI2cd,Escape or Die,Damien Thorne,The Sign of the Jackal,1985,1985,,speed metal,speed metal; heavy metal,1985,254187,False,,https://open.spotify.com/track/0pPWLsRLhHpxEvdDfgI2cd,1v0EKFTLyvAbKQgM6lGVVG,4D65VHemNyiVfbwHqSe2Gh,6,1,liked,,2024-11-08T12:22:48Z,2024-11-08T12:22:48Z,,,,
6MmCpo0GytipNTU0mNwh4X,The Source,Dan Caine,Rivers,2020,2020,,post-rock,post-rock; chillout; ambient; new age,2020-12-04,330158,False,,https://open.spotify.com/track/6MmCpo0GytipNTU0mNwh4X,4v47S3SLTz4b0Wsnfs3gjq,0r5LxNZiRy5s6to6o2Uy5A,1,1,liked,,2023-04-10T16:27:00Z,2023-04-10T16:27:00Z,,,,
2FQgFcHRlA99l28mWwUCNH,As The Raven Flies - Live 1976,Dan Fogelberg,Holy And Humble (Live 1976),2022,2022,,folk rock,folk rock; soft rock; singer-songwriter; country; ballad,2022-01-08,608896,False,,https://open.spotify.com/track/2FQgFcHRlA99l28mWwUCNH,1IPhfV5h9b8tuTXN0Td1bt,0cA5Tg15TwARIRZeiNT1RO,3,1,liked,,2023-04-10T16:27:00Z,2023-04-10T16:27:00Z,,,,
0X40viuAoBG5LMMoWQxkWj,As the Raven Flies,Dan Fogelberg,Souvenirs,1974,1974,,folk rock,folk rock; soft rock; singer-songwriter; country; ballad,1974-10,270333,False,,https://open.spotify.com/track/0X40viuAoBG5LMMoWQxkWj,3rER5EzMnSZT75KT1UDHyq,0cA5Tg15TwARIRZeiNT1RO,7,1,liked,,2023-04-10T16:27:00Z,2023-04-10T16:27:00Z,,,,
0vRti8i5eUstYv21NNfKrv,Uncreation,Dan Swanö,Moontower,1998,1998,,progressive death metal,progressive death metal; death metal; technical prog metal,1998-01-01,340586,False,,https://open.spotify.com/track/0vRti8i5eUstYv21NNfKrv,3tjaVlDWRqPjNnxuRmK3zO,29S5Wdq7vN7hY5qZGCuj8E,3,1,liked,,2023-04-10T16:27:00Z,2023-04-10T16:27:00Z,,,,
1ZLpqfA3SoMSVQAeiYy9kY,Killer Wolf,Danzig,Danzig II: Lucifuge,1990,1990,,heavy metal,heavy metal; hard rock; horror punk,1990-01-01,239200,True,,https://open.spotify.com/track/1ZLpqfA3SoMSVQAeiYy9kY,3kPaVfOEEHBDOoAbOMWvRS,34c4iQ5tkaZKu6Sv28BTde,3,1,liked,,2023-04-10T16:27:00Z,2023-04-10T16:27:00Z,,,,
4XtywUcY2InXkgLL3OfDmp,Tired Of Being Alive,Danzig,Danzig II: Lucifuge,1990,1990,,heavy metal,heavy metal; hard rock; horror punk,1990-01-01,243533,True,,https://open.spotify.com/track/4XtywUcY2InXkgLL3OfDmp,3kPaVfOEEHBDOoAbOMWvRS,34c4iQ5tkaZKu6Sv28BTde,4,1,liked,,2023-04-10T16:27:00Z,2023-04-10T16:27:00Z,,,,
5ItmWsy6Jovy8OPDHRWEVA,As I Ascend,Dark Funeral,Where Shadows Forever Reign,2016,2016,,black metal,black metal; melodic black metal; black-metal,2016-06-03,378967,False,,https://open.spotify.com/track/5ItmWsy6Jovy8OPDHRWEVA,5nLV82NevjLuHTs1ZX67T9,21ojeH5LNADIGzJKc3hIlE,4,1,liked,,2026-01-13T07:13:42Z,2026-01-13T07:13:42Z,,,,
5qrxwp3kZfVwvijNAn0O73,The Only Young Ones Left,Dark Suns,Everchild,2016,2016,,doom metal,doom metal; post-metal; progressive metal,2016-06-03,371506,False,,https://open.spotify.com/track/5qrxwp3kZfVwvijNAn0O73,5CfSsuhgsSe72hatIn0PJv,725TVcN9QYnaZiG9VFBT7P,1,1,liked,,2025-02-20T10:42:28Z,2025-02-20T10:42:28Z,,,,
4OjkLvDYQemWwKrV0nxGvS,The Euphoric Sense,Dark Suns,Existence,2005,2005,,doom metal,doom metal; post-metal; progressive metal,2005-02-21,354026,False,,https://open.spotify.com/track/4OjkLvDYQemWwKrV0nxGvS,2u3cmAgBwfbkK2JStbDr0k,725TVcN9QYnaZiG9VFBT7P,3,1,liked,,2023-04-10T16:27:00Z,2023-04-10T16:27:00Z,,,,
24zlgnpgpUrIKa6EmmQeU7,Anemone,Dark Suns,Existence,2005,2005,,doom metal,doom metal; post-metal; progressive metal,2005-02-21,385053,False,,https://open.spotify.com/track/24zlgnpgpUrIKa6EmmQeU7,2u3cmAgBwfbkK2JStbDr0k,725TVcN9QYnaZiG9VFBT7P,6,1,liked,,2023-04-10T16:27:00Z,2023-04-10T16:27:00Z,,,,
0779IpKNtWVDzYPNno9e6j,Infiltration,Dark Suns,Swanlike,2005,2005,,doom metal,doom metal; post-metal; progressive metal,2005-02-21,332426,False,,https://open.spotify.com/track/0779IpKNtWVDzYPNno9e6j,3wAAst4JmuICuiPuZcOk0C,725TVcN9QYnaZiG9VFBT7P,2,1,liked,,2023-04-10T16:27:00Z,2023-04-10T16:27:00Z,,,,
010qYmw0G12pHC6v3O9AQa,Virtuous Dilemma,Dark Suns,Swanlike,2005,2005,,doom metal,doom metal; post-metal; progressive metal,2005-02-21,285920,False,,https://open.spotify.com/track/010qYmw0G12pHC6v3O9AQa,3wAAst4JmuICuiPuZcOk0C,725TVcN9QYnaZiG9VFBT7P,4,1,liked; playlist,FD top,2023-04-10T16:27:00Z,2025-07-31T11:59:31Z,,,,
0TnLi141NtYTvxLflzPOrg,In Silent Harmony II - Instrumental Conversion,Dark Suns,Swanlike,2005,2005,,doom metal,doom metal; post-metal; progressive metal,2005-02-21,187066,False,,https://open.spotify.com/track/0TnLi141NtYTvxLflzPOrg,3wAAst4JmuICuiPuZcOk0C,725TVcN9QYnaZiG9VFBT7P,7,1,liked,,2023-04-10T16:27:00Z,2023-04-10T16:27:00Z,,,,
0segPJ6qL9wFqiJDjvyd5z,Suffering - Bonustrack '98,Dark Suns,Swanlike,2005,2005,,doom metal,doom metal; post-metal; progressive metal,2005-02-21,864213,False,,https://open.spotify.com/track/0segPJ6qL9wFqiJDjvyd5z,3wAAst4JmuICuiPuZcOk0C,725TVcN9QYnaZiG9VFBT7P,8,1,liked; playlist,FD top,2023-04-10T16:27:00Z,2025-07-31T11:59:35Z,,,,
7yA5y6VZvsV6Iz0PRV6S1F,Apathetic,Dark Tranquillity,Construct,2013,2013,,melodic death metal,melodic death metal; gothenburg metal; death metal; gothic metal; melodic/death-metal,2013-05-28,209520,False,,https://open.spotify.com/track/7yA5y6VZvsV6Iz0PRV6S1F,3SmHc1W7u429tDf3hx3mYc,5EHvXKnNz78jkAVgTQLQ5O,5,1,liked,,2023-04-10T16:27:00Z,2023-04-10T16:27:00Z,,,,
1qY7zhfiiMVzb38kJ2806t,In the Shadow of the Horns - Studio,Darkthrone,A Blaze In The Northern Sky,1992,1992,,black metal,black metal; crust punk,1992-02-26,421680,True,,https://open.spotify.com/track/1qY7zhfiiMVzb38kJ2806t,4ywDt046dDB2OtWLqKwvMF,7kWnE981vITXDnAD2cZmCV,2,1,liked,,2023-04-10T16:27:01Z,2023-04-10T16:27:01Z,,,,
14BlU4CrEBxD8m8V2B5nHj,Those Treasures Will Never Befall You,Darkthrone,Circle The Wagons,2010,2010,,black metal,black metal; crust punk,2010-04-05,261026,False,,https://open.spotify.com/track/14BlU4CrEBxD8m8V2B5nHj,0M43d6s6l1b5x6SALQSrP0,7kWnE981vITXDnAD2cZmCV,1,1,liked,,2023-04-10T16:27:01Z,2023-04-10T16:27:01Z,,,,
3X8scjwiS9XwpgRpnraD8s,Running For Borders,Darkthrone,Circle The Wagons,2010,2010,,black metal,black metal; crust punk,2010-04-05,244213,False,,https://open.spotify.com/track/3X8scjwiS9XwpgRpnraD8s,0M43d6s6l1b5x6SALQSrP0,7kWnE981vITXDnAD2cZmCV,2,1,liked,,2023-04-10T16:27:01Z,2023-04-10T16:27:01Z,,,,
11irh6Ge4x1PS1i5Yb51uV,Stylized Corpse,Darkthrone,Circle The Wagons,2010,2010,,black metal,black metal; crust punk,2010-04-05,453426,False,,https://open.spotify.com/track/11irh6Ge4x1PS1i5Yb51uV,0M43d6s6l1b5x6SALQSrP0,7kWnE981vITXDnAD2cZmCV,4,1,liked,,2023-04-10T16:27:01Z,2023-04-10T16:27:01Z,,,,
4yf6kr6pFc26AzMkIoSs8A,Circle The Wagons,Darkthrone,Circle The Wagons,2010,2010,,black metal,black metal; crust punk,2010-04-05,166826,False,,https://open.spotify.com/track/4yf6kr6pFc26AzMkIoSs8A,0M43d6s6l1b5x6SALQSrP0,7kWnE981vITXDnAD2cZmCV,5,1,liked,,2023-04-10T16:27:00Z,2023-04-10T16:27:00Z,,,,
2QwonomKPJj2m4dDXMHnrN,Black Mountain Totem,Darkthrone,Circle The Wagons,2010,2010,,black metal,black metal; crust punk,2010-04-05,336226,False,,https://open.spotify.com/track/2QwonomKPJj2m4dDXMHnrN,0M43d6s6l1b5x6SALQSrP0,7kWnE981vITXDnAD2cZmCV,6,1,liked,,2023-04-10T16:27:00Z,2023-04-10T16:27:00Z,,,,
7MpfjLn02ygBsL4N5z6aY7,I Am The Working Class,Darkthrone,Circle The Wagons,2010,2010,,black metal,black metal; crust punk,2010-04-05,308853,False,,https://open.spotify.com/track/7MpfjLn02ygBsL4N5z6aY7,0M43d6s6l1b5x6SALQSrP0,7kWnE981vITXDnAD2cZmCV,7,1,liked,,2023-04-10T16:27:01Z,2023-04-10T16:27:01Z,,,,
5FMIn1rCQCy9fir7NDJ6kH,Eyes Burst At Dawn,Darkthrone,Circle The Wagons,2010,2010,,black metal,black metal; crust punk,2010-04-05,212640,False,,https://open.spotify.com/track/5FMIn1rCQCy9fir7NDJ6kH,0M43d6s6l1b5x6SALQSrP0,7kWnE981vITXDnAD2cZmCV,8,1,liked,,2023-04-10T16:27:00Z,2023-04-10T16:27:00Z,,,,
4zql6mqDZOvaaOSoDQ57TW,Bränn Inte Slottet,Darkthrone,Circle The Wagons,2010,2010,,black metal,black metal; crust punk,2010-04-05,277720,False,,https://open.spotify.com/track/4zql6mqDZOvaaOSoDQ57TW,0M43d6s6l1b5x6SALQSrP0,7kWnE981vITXDnAD2cZmCV,9,1,liked,,2023-04-10T16:27:00Z,2023-04-10T16:27:00Z,,,,
4HqNd2LxuZ8ByR7E4tKeLK,Hiking Metal Punks,Darkthrone,Dark Thrones & Black Flags,2008,2008,,black metal,black metal; crust punk,2008-10-20,201933,False,,https://open.spotify.com/track/4HqNd2LxuZ8ByR7E4tKeLK,3SF52OjYIi6yLcEB5LUsd7,7kWnE981vITXDnAD2cZmCV,3,1,liked,,2023-04-10T16:27:01Z,2023-04-10T16:27:01Z,,,,
7IQjBiSjclkJlwGW1RbOpn,His Masters Voice,Darkthrone,Eternal Hails......,2021,2021,,black metal,black metal; crust punk,2021-06-25,437546,False,,https://open.spotify.com/track/7IQjBiSjclkJlwGW1RbOpn,0ktSEj7BjykHXm9NJkIrtL,7kWnE981vITXDnAD2cZmCV,1,1,liked,,2023-04-10T16:27:01Z,2023-04-10T16:27:01Z,,,,
3n6uaKfmSH4gTrRU6y4T53,I Am the Graves of the 80s,Darkthrone,Introducing Darkthrone,1990,1990,,black metal,black metal; crust punk,1990,184826,False,,https://open.spotify.com/track/3n6uaKfmSH4gTrRU6y4T53,2ol6zWbcJey4sALVtyW73Y,7kWnE981vITXDnAD2cZmCV,8,2,liked,,2023-04-10T16:27:01Z,2023-04-10T16:27:01Z,,,,
6A4PPATwU1qKFU5FLYC59w,And In That Moment I Knew The Answer,Darkthrone,It Beckons Us All,2024,2024,,black metal,black metal; crust punk,2024-04-26,197649,False,,https://open.spotify.com/track/6A4PPATwU1qKFU5FLYC59w,5ywwP5EswnVYfYQESmbORn,7kWnE981vITXDnAD2cZmCV,4,1,liked,,2025-01-16T06:49:06Z,2025-01-16T06:49:06Z,,,,
57eO5u9HWcifKGw07rrGG4,So I Marched To The Sunken Empire,Darkthrone,Pre-Historic Metal,2026,2026,,black metal,black metal; crust punk,2026-05-08,201176,False,,https://open.spotify.com/track/57eO5u9HWcifKGw07rrGG4,2yJYLyYqZUnfnpv58WuZdO,7kWnE981vITXDnAD2cZmCV,6,1,liked,,2026-05-24T08:10:52Z,2026-05-24T08:10:52Z,,,,
7ky23sUgil5yYLHBsqd7YM,The Cult Of Goliath,Darkthrone,The Cult is Alive,2006,2006,,black metal,black metal; crust punk,2006-02-27,241986,True,,https://open.spotify.com/track/7ky23sUgil5yYLHBsqd7YM,1XzzaxK9FWQbdDxJ7fG99z,7kWnE981vITXDnAD2cZmCV,1,1,liked,,2023-04-10T16:27:01Z,2023-04-10T16:27:01Z,,,,
35CFdI6U61kcN61bA0CuZW,Atomic Coming,Darkthrone,The Cult is Alive,2006,2006,,black metal,black metal; crust punk,2006-02-27,290760,True,,https://open.spotify.com/track/35CFdI6U61kcN61bA0CuZW,1XzzaxK9FWQbdDxJ7fG99z,7kWnE981vITXDnAD2cZmCV,3,1,liked,,2023-04-10T16:27:00Z,2023-04-10T16:27:00Z,,,,
70RLwSIBClxedybDYa2XWy,Graveyard Slut,Darkthrone,The Cult is Alive,2006,2006,,black metal,black metal; crust punk,2006-02-27,243626,True,,https://open.spotify.com/track/70RLwSIBClxedybDYa2XWy,1XzzaxK9FWQbdDxJ7fG99z,7kWnE981vITXDnAD2cZmCV,4,1,liked,,2023-04-10T16:27:01Z,2023-04-10T16:27:01Z,,,,
3YFQpwxBPTuMvdpcwyGuyH,Underdogs and Overlords,Darkthrone,The Cult is Alive,2006,2006,,black metal,black metal; crust punk,2006-02-27,241800,True,,https://open.spotify.com/track/3YFQpwxBPTuMvdpcwyGuyH,1XzzaxK9FWQbdDxJ7fG99z,7kWnE981vITXDnAD2cZmCV,5,1,liked,,2023-04-10T16:27:01Z,2023-04-10T16:27:01Z,,,,
5qtwfCF6fpBYDmalyqZVbi,Whiskey Funeral,Darkthrone,The Cult is Alive,2006,2006,,black metal,black metal; crust punk,2006-02-27,239386,True,,https://open.spotify.com/track/5qtwfCF6fpBYDmalyqZVbi,1XzzaxK9FWQbdDxJ7fG99z,7kWnE981vITXDnAD2cZmCV,6,1,liked,,2023-04-10T16:27:01Z,2023-04-10T16:27:01Z,,,,
3V7OynSP61qLZsm3LYJO1t,De Underjordiske,Darkthrone,The Cult is Alive,2006,2006,,black metal,black metal; crust punk,2006-02-27,193613,True,,https://open.spotify.com/track/3V7OynSP61qLZsm3LYJO1t,1XzzaxK9FWQbdDxJ7fG99z,7kWnE981vITXDnAD2cZmCV,7,1,liked,,2023-04-10T16:27:00Z,2023-04-10T16:27:00Z,,,,
5gK1o5HtIRDj99UsvX5O78,Tyster På Gud,Darkthrone,The Cult is Alive,2006,2006,,black metal,black metal; crust punk,2006-02-27,188906,True,,https://open.spotify.com/track/5gK1o5HtIRDj99UsvX5O78,1XzzaxK9FWQbdDxJ7fG99z,7kWnE981vITXDnAD2cZmCV,8,1,liked,,2023-04-10T16:27:01Z,2023-04-10T16:27:01Z,,,,
1FZouqIwvy1C882gh1UqvR,Shut Up,Darkthrone,The Cult is Alive,2006,2006,,black metal,black metal; crust punk,2006-02-27,285613,True,,https://open.spotify.com/track/1FZouqIwvy1C882gh1UqvR,1XzzaxK9FWQbdDxJ7fG99z,7kWnE981vITXDnAD2cZmCV,9,1,liked,,2023-04-10T16:27:01Z,2023-04-10T16:27:01Z,,,,
1d5tb8yLMDNzlzFPNbcW3f,Forebyggende Krig,Darkthrone,The Cult is Alive,2006,2006,,black metal,black metal; crust punk,2006-02-27,221186,True,,https://open.spotify.com/track/1d5tb8yLMDNzlzFPNbcW3f,1XzzaxK9FWQbdDxJ7fG99z,7kWnE981vITXDnAD2cZmCV,10,1,liked,,2023-04-10T16:27:00Z,2023-04-10T16:27:00Z,,,,
6CMtI0XxoPqqkZH7W6LR1L,Valkyrie,Darkthrone,The Underground Resistance,2013,2013,,black metal,black metal; crust punk,2013-02-25,314013,False,,https://open.spotify.com/track/6CMtI0XxoPqqkZH7W6LR1L,2GbdKYnwbDn7KV37EcVQN1,7kWnE981vITXDnAD2cZmCV,2,1,liked,,2023-04-10T16:27:01Z,2023-04-10T16:27:01Z,,,,
3pLYLUTstvHF1DweX1xo2e,Lesser Men,Darkthrone,The Underground Resistance,2013,2013,,black metal,black metal; crust punk,2013-02-25,295400,False,,https://open.spotify.com/track/3pLYLUTstvHF1DweX1xo2e,2GbdKYnwbDn7KV37EcVQN1,7kWnE981vITXDnAD2cZmCV,3,1,liked,,2023-04-10T16:27:01Z,2023-04-10T16:27:01Z,,,,
4SsJnsDTjhlaj7nwZINbMi,Leave No Cross Unturned,Darkthrone,The Underground Resistance,2013,2013,,black metal,black metal; crust punk,2013-02-25,829493,False,,https://open.spotify.com/track/4SsJnsDTjhlaj7nwZINbMi,2GbdKYnwbDn7KV37EcVQN1,7kWnE981vITXDnAD2cZmCV,6,1,liked,,2023-04-10T16:27:01Z,2023-04-10T16:27:01Z,,,,
4zpE8eRPWNRwyCsq2K26pZ,Too Old Too Cold,Darkthrone,Too Old Too Cold,2006,2006,,black metal,black metal; crust punk,2006-01-16,181293,True,,https://open.spotify.com/track/4zpE8eRPWNRwyCsq2K26pZ,2yAjcPjpdBN9S97OiPA04F,7kWnE981vITXDnAD2cZmCV,1,1,liked,,2023-04-10T16:27:01Z,2023-04-10T16:27:01Z,,,,
4pnnYEcfdjS05p8tzxVmlX,The Dance of Eternal Shadows - Studio,Darkthrone,Under A Funeral Moon,1993,1993,,black metal,black metal; crust punk,1993-06-24,221693,True,,https://open.spotify.com/track/4pnnYEcfdjS05p8tzxVmlX,2TXZleYLiza8MszRBsDMsj,7kWnE981vITXDnAD2cZmCV,3,1,liked,,2025-09-09T05:35:12Z,2025-09-09T05:35:12Z,,,,
2SZF3qH7XF7205oNaeEs49,Guns Are Loaded,Daron Malakian and Scars On Broadway,Dictator,2018,2018,,alternative metal,alternative metal; alternative rock; rock and indie,2018-07-20,256586,True,,https://open.spotify.com/track/2SZF3qH7XF7205oNaeEs49,4cUVZzT8zNBkHjBfd4WiWS,5vbtZfRJjn2QLhPhtYpiqi,5,1,liked,,2023-04-10T16:27:01Z,2023-04-10T16:27:01Z,,,,
5gQTdwbLvhRHtMcyWxl3y2,Good Riddance (Eurydice Solo),Darren Korb; Ashley Barrett,Hades: Original Soundtrack,2020,2020,,electronic,electronic; alternative rock; folk rock; metalcore,2020-09-16,177322,False,,https://open.spotify.com/track/5gQTdwbLvhRHtMcyWxl3y2,5jTYZA6b4VoSRnR5TMldgb,0ZMWrgLff357yxLyEU77a1; 5x5ymm4vyLlpwWOXmOJ7zg,9,1,liked,,2023-04-10T16:28:05Z,2023-04-10T16:28:05Z,,,,
3ITGICyYHC13EkB7efdr8K,#41,Dave Matthews Band,Crash,1996,1996,,alternative rock,alternative rock; jazz rock; jam band; pop rock; acoustic rock,1996-04-30,399800,False,,https://open.spotify.com/track/3ITGICyYHC13EkB7efdr8K,0cwWluUf9fqYyUPWVJ8tAN,2TI7qyDE0QfyOlnbtfDo7L,5,1,liked,,2023-04-10T16:27:01Z,2023-04-10T16:27:01Z,,,,
6mib3N4E8PZHAGQ3xy7bho,Moonage Daydream - 2012 Remaster,David Bowie,The Rise and Fall of Ziggy Stardust and the Spiders from Mars (2012 Remaster),1972,1972,,glam rock,glam rock; art rock; alternative rock; art pop; new wave,1972-06-06,279693,False,,https://open.spotify.com/track/6mib3N4E8PZHAGQ3xy7bho,48D1hRORqJq52qsnUYZX56,0oSGxfWSnnOXhD2fKuz2Gy,3,1,liked,,2023-04-10T16:27:01Z,2023-04-10T16:27:01Z,,,,
6vEsARqRHApKQ25XRIE8j8,There's No Way out of Here - 2006 Remaster,David Gilmour,David Gilmour,1978,1978,,progressive rock,progressive rock; blues rock; psychedelic rock; art rock; soft rock,1978-01-01,323786,False,,https://open.spotify.com/track/6vEsARqRHApKQ25XRIE8j8,1mB3W1RMqjFGLSvJNOfGPI,2FcC4sDMXme2ziI7tGKMK8,2,1,liked,,2023-04-10T16:27:01Z,2023-04-10T16:27:01Z,,,,
1qXc2FY0ObqyTdJNfzO9iE,deceiver,Dax Riggs,Deceiver,2024,2024,,grunge,grunge; blues rock,2024-10-14,243733,False,,https://open.spotify.com/track/1qXc2FY0ObqyTdJNfzO9iE,3vWsqMHPNQbYzB32GK8vC3,62cbRT8HTVpFfiA7e2jJO0,1,1,liked,,2024-10-15T10:48:34Z,2024-10-15T10:48:34Z,,,,
55J5F2XC6dlyyjURsYlSyi,Dismantling Devotion,Daylight Dies,Dismantling Devotion,2006,2006,,death-doom metal,death-doom metal; melodic death metal; death metal; doom metal; death doom metal,2006-03-07,419586,False,,https://open.spotify.com/track/55J5F2XC6dlyyjURsYlSyi,0mc9UjH8nqBXCaXQozH243,1Q5tzg3ZO6RcuafA9msCCm,8,1,liked,,2023-04-10T16:27:01Z,2023-04-10T16:27:01Z,,,,
0Dg2BfGZv5P9Jkcv95Aa0e,Dismantling Devotion,Daylight Dies,Dismantling Devotion,2006,2006,,death-doom metal,death-doom metal; melodic death metal; death metal; doom metal; death doom metal,2006-07-03,419586,False,,https://open.spotify.com/track/0Dg2BfGZv5P9Jkcv95Aa0e,5A6JXHszSxHhIWAj7z4sp8,1Q5tzg3ZO6RcuafA9msCCm,8,1,playlist,FD top,2025-07-12T19:47:47Z,2025-07-12T19:47:47Z,,,,
3TnTciilJuvyLl44I03ElS,"Touch, Peel & Stand",Days Of The New,Hitman Hart: Wrestling With Shadows (Original Soundtrack),1999,1999,,post-grunge,post-grunge; acoustic rock; alternative rock; grunge,1999-10-19,296720,False,,https://open.spotify.com/track/3TnTciilJuvyLl44I03ElS,7MtVspK1OWjv5pwfaNjUci,07jc1IMGtecDZzOL9cP50t,10,1,liked,,2023-04-10T16:27:01Z,2023-04-10T16:27:01Z,,,,
2EfeO7PsGhALk7eH0tDDkt,Noemata,De Arma,Towards the Shores of the End,2011,2011,,gothic rock,gothic rock; atmospheric black metal; post-rock; darkwave; black metal,2011,542160,False,,https://open.spotify.com/track/2EfeO7PsGhALk7eH0tDDkt,3Nydb6gaXUWPje6QAqesO6,0o8bjfXoG4poMNrg0TLEzS,6,1,liked,,2023-04-10T16:27:01Z,2023-04-10T16:27:01Z,,,,
6XA39TFF1SyWMmvdunLuwu,Un Sanctuaire De Cendres,De l'Abîme Naît l'Aube,Un Sanctuaire De Cendres,2026,2026,,doom metal,doom metal,2026-01-14,777200,False,,https://open.spotify.com/track/6XA39TFF1SyWMmvdunLuwu,6KAKPgSSfuBWLxluovR7py,29F4GNAQqIjNbdmTwgKPG8,1,1,liked,,2026-01-23T07:31:07Z,2026-01-23T07:31:07Z,,,,
2O5qtLfhDcyAX9zQUX7tkv,Cantara,Dead Can Dance,A Passage in Time,1991,1991,,dark wave,dark wave; ethereal wave; gothic; neoclassical dark wave; new age,1991-10-14,352960,False,,https://open.spotify.com/track/2O5qtLfhDcyAX9zQUX7tkv,1OKkXhRuKQGiphASZB8Z7k,6sq7prp0tj9Abn89khmfja,4,1,liked,,2023-04-10T16:27:01Z,2023-04-10T16:27:01Z,,,,
7bhKtEjtvHgp7lQtlfJdDb,Opium,Dead Can Dance,Anastasis,2012,2012,,dark wave,dark wave; ethereal wave; gothic; neoclassical dark wave; new age,2012-08-13,344768,False,,https://open.spotify.com/track/7bhKtEjtvHgp7lQtlfJdDb,5VoH0HNtcY5efo9TsE4lCc,6sq7prp0tj9Abn89khmfja,6,1,liked,,2023-04-10T16:27:01Z,2023-04-10T16:27:01Z,,,,
6f7KNNrULdITYojMmRLHle,Anywhere Out of the World - Remastered,Dead Can Dance,Within the Realm of a Dying Sun (Remastered),1987,1987,,dark wave,dark wave; ethereal wave; gothic; neoclassical dark wave; new age,1987-07-27,307306,False,,https://open.spotify.com/track/6f7KNNrULdITYojMmRLHle,4WGpRBfDu7OJ4Rimkzu9jp,6sq7prp0tj9Abn89khmfja,1,1,liked,,2023-04-10T16:27:01Z,2023-04-10T16:27:01Z,,,,
6HktRUThHh5qPCfV2o4jEM,Windfall - Remastered,Dead Can Dance,Within the Realm of a Dying Sun (Remastered),1987,1987,,dark wave,dark wave; ethereal wave; gothic; neoclassical dark wave; new age,1987-07-27,211346,False,,https://open.spotify.com/track/6HktRUThHh5qPCfV2o4jEM,4WGpRBfDu7OJ4Rimkzu9jp,6sq7prp0tj9Abn89khmfja,2,1,liked,,2023-04-10T16:27:01Z,2023-04-10T16:27:01Z,,,,
3i5HhdTmvubC6Ivw0mLbaf,Xavier - Remastered,Dead Can Dance,Within the Realm of a Dying Sun (Remastered),1987,1987,,dark wave,dark wave; ethereal wave; gothic; neoclassical dark wave; new age,1987-07-27,375280,False,,https://open.spotify.com/track/3i5HhdTmvubC6Ivw0mLbaf,4WGpRBfDu7OJ4Rimkzu9jp,6sq7prp0tj9Abn89khmfja,4,1,liked,,2023-04-10T16:27:01Z,2023-04-10T16:27:01Z,,,,
3roPWY0GHTY7OaKNpNSGpq,Promulgation of the Fall,Dead Congregation,Promulgation of the Fall,2014,2014,,death metal,death metal,2014-05-20,220146,False,,https://open.spotify.com/track/3roPWY0GHTY7OaKNpNSGpq,0BBv5VPSXSXlO3hzcaUSij,5PBErxkQsE0lzNQPrn5oK3,2,1,liked,,2025-08-20T06:13:27Z,2025-08-20T06:13:27Z,,,,
53mtfZSPLLfvIkwYa0fXHr,The Garden Route,Deafheaven,Lonely People With Power,2025,2025,,blackgaze,blackgaze; shoegaze; post-metal; atmospheric black metal; black metal,2025-03-28,348400,False,,https://open.spotify.com/track/53mtfZSPLLfvIkwYa0fXHr,5Eh3xMVdGFAUiYwuoPOzXc,4XpPveeg7RuYS3CgLo75t9,4,1,liked,,2026-03-16T17:53:27Z,2026-03-16T17:53:27Z,,,,
3zdMs3UPyhMUCmXOsbFzQ7,Amethyst,Deafheaven,Lonely People With Power,2025,2025,,blackgaze,blackgaze; shoegaze; post-metal; atmospheric black metal; black metal,2025-03-28,494500,False,,https://open.spotify.com/track/3zdMs3UPyhMUCmXOsbFzQ7,5Eh3xMVdGFAUiYwuoPOzXc,4XpPveeg7RuYS3CgLo75t9,6,1,liked,,2026-03-16T17:38:21Z,2026-03-16T17:38:21Z,,,,
794bicUnAgsMFeCArdMDkD,Perennial Quest,Death,Symbolic (Remastered Version),1995,1995,,death metal,death metal; technical death metal; progressive death metal; progressive metal; thrash metal,1995-03-19,501360,False,,https://open.spotify.com/track/794bicUnAgsMFeCArdMDkD,1QgFthItpbxvMXlgGjvhBR,4f5V3PQ66nIrBCqugJtaGn,9,1,liked,,2023-04-10T16:27:01Z,2023-04-10T16:27:01Z,,,,
21whloemotjEi7Uy7wV51E,Bored,Death Angel,Frolic Through The Park,1988,1988,,thrash metal,thrash metal; heavy metal; technical thrash metal,1988,208146,False,,https://open.spotify.com/track/21whloemotjEi7Uy7wV51E,2Hwjv0pZd0zfr2HFe5XsOl,6KVc8Llznru8n9LVCYe9dz,4,1,liked,,2023-04-10T16:27:01Z,2023-04-10T16:27:01Z,,,,
2lJfJyIH30g35UotTZtRhM,Behind Thyme,Death Hawks,Sun Future Moon,2015,2015,,psychedelic rock,psychedelic rock,2015-11-13,280400,False,,https://open.spotify.com/track/2lJfJyIH30g35UotTZtRhM,7BDeHt9svC8DWbIhxkigZf,0x2ktQVEo3hmwjR1UMgpb1,4,1,liked,,2023-04-10T16:27:01Z,2023-04-10T16:27:01Z,,,,
533TkzaDW5vZKqVwPGw54w,All Pigs Must Die,Death In June,All Pigs Must Die,2001,2001,,neofolk,neofolk; martial industrial; post-punk; post-industrial; singer-songwriter,2001-11-23,180604,False,,https://open.spotify.com/track/533TkzaDW5vZKqVwPGw54w,2VoASiNmYnnn5EJX5WtAFf,68wK3u9MnoZj5fFOFNTfwy,1,1,liked,,2023-04-10T16:27:01Z,2023-04-10T16:27:01Z,,,,
2Td1ILDxeQAp8AMxJMSJzT,Little Black Angel,Death In June,"But, What Ends When the Symbols Shatter?",1992,1992,,neofolk,neofolk; martial industrial; post-punk; post-industrial; singer-songwriter,1992-08-25,259986,False,,https://open.spotify.com/track/2Td1ILDxeQAp8AMxJMSJzT,7JmRt4qAHnHLaYiTzNxlNa,68wK3u9MnoZj5fFOFNTfwy,5,1,liked,,2023-04-10T16:27:01Z,2023-04-10T16:27:01Z,,,,
311beai01TCIRJBffHNEEY,Ku Ku Ku,Death In June,"But, What Ends When the Symbols Shatter?",1992,1992,,neofolk,neofolk; martial industrial; post-punk; post-industrial; singer-songwriter,1992-08-25,114586,False,,https://open.spotify.com/track/311beai01TCIRJBffHNEEY,7JmRt4qAHnHLaYiTzNxlNa,68wK3u9MnoZj5fFOFNTfwy,8,1,liked,,2023-04-10T16:27:01Z,2023-04-10T16:27:01Z,,,,
2b0vdhvO4Tvc96h8LKDEo1,Evil Blood,Deathhammer,Forever Ripping Fast,2008,2008,,thrash metal,thrash metal,2008-10-10,254053,True,,https://open.spotify.com/track/2b0vdhvO4Tvc96h8LKDEo1,4Qa9R9VEDFZSFz4t3elphK,5mVI4OOATqklEKc0ZOFomS,4,1,liked,,2023-04-10T16:27:01Z,2023-04-10T16:27:01Z,,,,
5lpDAHGne3yWphLa5pio5J,Out of Time,Deb Never,House on Wheels EP,2019,2019,,alternative pop,alternative pop; alternative r&b,2019-08-30,186500,True,,https://open.spotify.com/track/5lpDAHGne3yWphLa5pio5J,7IyFhV0KhpQOMCTFj4C3yp,55EarwWraRQY9diMo9Oeul,3,1,liked,,2023-04-10T16:27:01Z,2023-04-10T16:27:01Z,,,,
1YuAWGWaTpl2zeL8Vm2h9U,Tahoe,Dedekind Cut,Tahoe,2018,2018,,electronic,electronic; ambient,2018-02-23,299816,False,,https://open.spotify.com/track/1YuAWGWaTpl2zeL8Vm2h9U,7Gho5GVXZq6kZZ79tGu0XE,5pYKi522166TkjkwTbEqQS,3,1,liked,,2025-09-22T13:57:16Z,2025-09-22T13:57:16Z,,,,
4f2Mreghv4pgUIWVDJG0X7,Bloodsucker - 1995 Remaster,Deep Purple,Deep Purple in Rock (Anniversary Edition),1970,1970,,hard rock,hard rock; heavy metal; progressive rock; blues rock; classic rock,1970-06-03,253466,False,,https://open.spotify.com/track/4f2Mreghv4pgUIWVDJG0X7,2bjTVISSsvwia7uxrrEsuQ,568ZhdwyaiCyOGJRtNYhWf,2,1,liked,,2023-04-10T16:27:01Z,2023-04-10T16:27:01Z,,,,
5xu6aPH06QRtfTqwckG7Pb,Stormbringer - 2009 Digital Remaster,Deep Purple,Stormbringer (Remastered),1974,1974,,hard rock,hard rock; heavy metal; progressive rock; blues rock; classic rock,1974-11,246773,False,,https://open.spotify.com/track/5xu6aPH06QRtfTqwckG7Pb,3k4Sw1t7tzEaE0LAR1J4YU,568ZhdwyaiCyOGJRtNYhWf,1,1,liked,,2023-04-10T16:27:01Z,2023-04-10T16:27:01Z,,,,
3I0S6fO1aypYu55X3M2cHL,The Gypsy - 2009 Digital Remaster,Deep Purple,Stormbringer (Remastered),1974,1974,,hard rock,hard rock; heavy metal; progressive rock; blues rock; classic rock,1974-11,245400,False,,https://open.spotify.com/track/3I0S6fO1aypYu55X3M2cHL,3k4Sw1t7tzEaE0LAR1J4YU,568ZhdwyaiCyOGJRtNYhWf,8,1,liked,,2023-04-10T16:27:01Z,2023-04-10T16:27:01Z,,,,
5advEe2ajphfKOguJCt3Gp,Twenty Miles,Deer Tick,The Black Dirt Sessions,2010,2010,,folk rock,folk rock,2010-06-09,223933,False,,https://open.spotify.com/track/5advEe2ajphfKOguJCt3Gp,7un6ilrjxO0KfVGj4mz0H2,3rT8xTwSOMDURtWpPyoKIO,2,1,liked,,2023-04-10T16:27:01Z,2023-04-10T16:27:01Z,,,,
14irPxTJLePlTfUd9U5hWL,Baltimore Blues No. 1,Deer Tick,War Elephant,2007,2007,,folk rock,folk rock,2007-09-04,181186,False,,https://open.spotify.com/track/14irPxTJLePlTfUd9U5hWL,2jMilAyC3RBmAoWr1JZ7MR,3rT8xTwSOMDURtWpPyoKIO,7,1,liked,,2023-04-10T16:27:01Z,2023-04-10T16:27:01Z,,,,
3E9FvAWOuByxkatUiohvb3,"Photograph - Live At The LA Forum, USA / 1983",Def Leppard,Pyromania (Deluxe),1983,1983,,hard rock,hard rock; glam metal; heavy metal; nwobhm; pop rock,1983-01-20,243160,False,,https://open.spotify.com/track/3E9FvAWOuByxkatUiohvb3,3MJoDIkQxY0MTXE8fqzmPu,6H1RjVyNruCmrBEWRbD0VZ,8,2,liked,,2023-04-10T16:27:01Z,2023-04-10T16:27:01Z,,,,
512k3ktqdw04ot1Ic4c0yd,Unexplainable,Defacement,Doomed,2025,2025,,black metal,black metal; death metal; dissonant death metal; dissonant black metal,2025-08-22,533901,False,,https://open.spotify.com/track/512k3ktqdw04ot1Ic4c0yd,4vicDrGaNPWezlPZ8kC3LW,4gjZ52UQ4SBqWobOKGNjYs,3,1,liked,,2025-08-27T08:55:11Z,2025-08-27T08:55:11Z,,,,
1158ckiB5S4cpsdYHDB9IF,My Own Summer (Shove It),Deftones,Around the Fur,1997,1997,,alternative metal,alternative metal; nu metal; alternative rock; shoegaze; stoner rock,1997-10-27,214760,False,,https://open.spotify.com/track/1158ckiB5S4cpsdYHDB9IF,7o4UsmV37Sg5It2Eb7vHzu,6Ghvu1VvMGScGpOUJBAHNH,1,1,liked,,2023-04-10T16:27:01Z,2023-04-10T16:27:01Z,,,,
3PG7z14GnTJ34lwfk5UIdC,Delving,delving,Hirschbrunnen,2021,2021,,psychedelic rock,psychedelic rock; progressive rock; stoner rock; electronic rock; ambient prog,2021-06-11,420942,False,,https://open.spotify.com/track/3PG7z14GnTJ34lwfk5UIdC,2KG51JDtjZGfxM2usME9SM,3s596fAjCmoXEGdAZLy8EW,2,1,liked,,2023-04-10T16:27:01Z,2023-04-10T16:27:01Z,,,,
6Axm9F42ba7Ygnl00jnmae,The Reflecting Pool,delving,Hirschbrunnen,2021,2021,,psychedelic rock,psychedelic rock; progressive rock; stoner rock; electronic rock; ambient prog,2021-06-11,570026,False,,https://open.spotify.com/track/6Axm9F42ba7Ygnl00jnmae,2KG51JDtjZGfxM2usME9SM,3s596fAjCmoXEGdAZLy8EW,3,1,liked,,2023-04-10T16:27:01Z,2023-04-10T16:27:01Z,,,,
3V1ILOKAzr4S5W7dtA4yx5,Hirschbrunnen,delving,Hirschbrunnen,2021,2021,,psychedelic rock,psychedelic rock; progressive rock; stoner rock; electronic rock; ambient prog,2021-06-11,574083,False,,https://open.spotify.com/track/3V1ILOKAzr4S5W7dtA4yx5,2KG51JDtjZGfxM2usME9SM,3s596fAjCmoXEGdAZLy8EW,5,1,liked,,2023-04-10T16:27:01Z,2023-04-10T16:27:01Z,,,,
6MMOGw03jPe3J8z4DqlbGO,Funnel of Love,Demented Are Go,Hellucifernation,1999,1999,,psychobilly,psychobilly,1999-05-14,141440,False,,https://open.spotify.com/track/6MMOGw03jPe3J8z4DqlbGO,09G1f64kbdVJxBkUOCRIiX,7fvToIpjDfwtLhAoZdVF5W,14,1,liked,,2023-04-10T16:27:01Z,2023-04-10T16:27:01Z,,,,
3NLNi9kG2mrDVO3HDUzmF9,Pervy in the Park,Demented Are Go,The Best Of... (2004 Version),2010,2010,,psychobilly,psychobilly,2010-10-18,147906,True,,https://open.spotify.com/track/3NLNi9kG2mrDVO3HDUzmF9,1UY3hFF8ehZQqyCnHqWtNd,7fvToIpjDfwtLhAoZdVF5W,1,1,liked,,2023-04-10T16:27:01Z,2023-04-10T16:27:01Z,,,,
0YC1SrY8urb9sbwcUj3MaK,Retard Whore,Demented Are Go,Welcome Back To Insanity Hall,2012,2012,,psychobilly,psychobilly,2012-03-26,145973,False,,https://open.spotify.com/track/0YC1SrY8urb9sbwcUj3MaK,5pYc0q0qCPcASzOLi03U9k,7fvToIpjDfwtLhAoZdVF5W,4,1,liked,,2023-04-10T16:27:01Z,2023-04-10T16:27:01Z,,,,
5pB3Uufgpqg8NvOclXZPGK,Drikke Ens Skal,Den Saakaldte,All Hail Pessimism,2009,2009,,black metal,black metal,2009-07-20,465373,False,,https://open.spotify.com/track/5pB3Uufgpqg8NvOclXZPGK,3aOFMWXYBnZZt18cfJqyoy,6bLnDWJfPQ4CAoXdOxR3L0,7,1,liked,,2023-04-10T16:27:01Z,2023-04-10T16:27:01Z,,,,
4nLJAOmnsL24ZpXNyo3spu,För Långt Ut,Den Stora Vilan,Förvandling,2012,2012,,psychedelic rock,psychedelic rock; folk rock,2012-12-05,289863,False,,https://open.spotify.com/track/4nLJAOmnsL24ZpXNyo3spu,67V2Q6jPqoXJWc2FO5HveY,77mEqEu61AaJYdCRiY4Wn7,4,1,liked,,2023-04-10T16:27:01Z,2023-04-10T16:27:01Z,,,,
2dyOz726bsqXUynaRO1XRd,Single Minded People,Denham Audio; Coco Bryce,Denham Audio & Friends,2021,2021,,jungle,jungle; uk garage,2021-04-23,305816,False,,https://open.spotify.com/track/2dyOz726bsqXUynaRO1XRd,42xpRc6lrJwY7yeXyhiOy9,2gyrzIEBDddx6GsW60DnW1; 08hjAM9XAD28O0nWVKmlx5,1,1,liked,,2023-06-02T18:25:53Z,2023-06-02T18:25:53Z,,,,
14QxhGb8ZvNyyzjlkKzVEF,Enjoy the Silence Type O Negative style,Denis Pauna,Enjoy the Silence Type O Negative style,2025,2025,,metal,metal,2025-02-22,377333,False,,https://open.spotify.com/track/14QxhGb8ZvNyyzjlkKzVEF,5x9ADJg9wYIcJKpjb2zxUd,2RkurttzfgMvZ6kkNnKG79,1,1,liked,,2025-03-03T05:43:14Z,2025-03-03T05:43:14Z,,,,
1kd6npJu7EOLZhfN5EyHKA,Friday Night,Dennis Wilson,Pacific Ocean Blue & Bambu - 2 CD Deluxe Legacy Edition,1977,1977,,classic rock,classic rock; pop/rock; classic pop and rock,1977,190386,False,,https://open.spotify.com/track/1kd6npJu7EOLZhfN5EyHKA,08CyNpU6VJMtGmR7DYjNmQ,5gl6pfPwJ1coivVUMZPiS9,4,1,liked,,2023-04-10T16:27:01Z,2023-04-10T16:27:01Z,,,,
1opa6ghSZwjIB23Zi0nWfe,Forlorn,Der Weg einer Freiheit,Innern,2025,2025,,black metal,black metal; atmospheric black metal; progressive black metal,2025-09-12,463586,False,,https://open.spotify.com/track/1opa6ghSZwjIB23Zi0nWfe,2iRGpguQOAuL4mT7W7CZ7M,7e823b0KQoVtLG86Ui5xGD,6,1,liked,,2026-03-07T07:15:48Z,2026-03-07T07:15:48Z,,,,
0hl0UM5enucZtKhSfRxlhr,Look At Them,Descendants Of Cain,Atziluth,2000,2000,,gothic rock,gothic rock; goth rock,2000-01-01,309315,False,,https://open.spotify.com/track/0hl0UM5enucZtKhSfRxlhr,5mf0cWnJpgVOh7qYzZlBFj,2dzBKCW7f4Bq6KWOgQaGIT,3,1,liked,,2023-10-10T16:06:57Z,2023-10-10T16:06:57Z,,,,
47pHXkRzt8WUGdHu3R8ijk,Turbo Killer,Destinity,Turbo Killer,2023,2023,,melodic death metal,melodic death metal; french metal,2023-10-13,225493,False,,https://open.spotify.com/track/47pHXkRzt8WUGdHu3R8ijk,7oVuoTUT6sZkHuLcFwQerQ,553eIV3aSzE17cxgVVG7o6,1,1,liked,,2024-03-28T18:05:29Z,2024-03-28T18:05:29Z,,,,
139Zy07GZi5QQLw2dKm7Ku,Consumed by Your Greed,Detestation,The Agony of Living,1997,1997,,punk,punk,1997-07-14,181840,True,,https://open.spotify.com/track/139Zy07GZi5QQLw2dKm7Ku,6LCysvAJp2uBrFhWCBCeBC,5o6OZkFGuM7Qu7Ml6lX07h,3,1,liked,,2025-08-05T12:08:36Z,2025-08-05T12:08:36Z,,,,
2FqGxV5nbFyl0qsSuliZBc,Storm,Devin Townsend,Accelerated Evolution,2003,2003,,progressive metal,progressive metal; ambient; progressive rock; industrial metal; death metal,2003-03-31,278333,False,,https://open.spotify.com/track/2FqGxV5nbFyl0qsSuliZBc,7hAY6clrlx1YCakDKwydH2,6uejjWIOshliv2Ho0OJAQN,2,1,liked,,2024-09-08T06:59:37Z,2024-09-08T06:59:37Z,,,,
4p2LZ4fKl4SbbWZ6GG2a7Y,Deadhead,Devin Townsend,Accelerated Evolution,2003,2003,,progressive metal,progressive metal; ambient; progressive rock; industrial metal; death metal,2003-03-31,485000,False,,https://open.spotify.com/track/4p2LZ4fKl4SbbWZ6GG2a7Y,7hAY6clrlx1YCakDKwydH2,6uejjWIOshliv2Ho0OJAQN,4,1,liked,,2024-09-08T06:59:41Z,2024-09-08T06:59:41Z,,,,
1XltjE6LRw3WTcuI99EgUR,Hyperdrive!,Devin Townsend,Ziltoid the Omniscient,2007,2007,,progressive metal,progressive metal; ambient; progressive rock; industrial metal; death metal,2007-05-18,227920,False,,https://open.spotify.com/track/1XltjE6LRw3WTcuI99EgUR,1LdhhWOOnNPV1tY4hQQnUM,6uejjWIOshliv2Ho0OJAQN,5,1,liked,,2024-09-08T20:55:35Z,2024-09-08T20:55:35Z,,,,
3wa3Weotu81VcL3wGqxh7f,Storm,Devin Townsend Band; Devin Townsend,Accelerated Evolution,2003,2003,,progressive metal,progressive metal; progressive rock; ambient; progressive; post-metal,2003,278333,False,,https://open.spotify.com/track/3wa3Weotu81VcL3wGqxh7f,49WiVhHrs9fhmp4MFkLD48,571aCWzg7bObPJl5RAs0ZZ; 6uejjWIOshliv2Ho0OJAQN,2,1,liked,,2024-09-08T07:10:22Z,2024-09-08T07:10:22Z,,,,
3LHda8vKJRDhOL6wNtp9XI,Deadhead,Devin Townsend Band; Devin Townsend,Accelerated Evolution,2003,2003,,progressive metal,progressive metal; progressive rock; ambient; progressive; post-metal,2003,485000,False,,https://open.spotify.com/track/3LHda8vKJRDhOL6wNtp9XI,49WiVhHrs9fhmp4MFkLD48,571aCWzg7bObPJl5RAs0ZZ; 6uejjWIOshliv2Ho0OJAQN,4,1,liked,,2023-07-16T11:48:14Z,2023-07-16T11:48:14Z,,,,
7mRHd7RUHuKEIUXVa7lnrz,Deadhead - live in Plovdiv 2017,Devin Townsend Project; Devin Townsend,Ocean Machine - Live at the Ancient Roman Theatre Plovdiv,2018,2018,,progressive metal,progressive metal; progressive rock; ambient; experimental; industrial metal,2018-07-06,504086,False,,https://open.spotify.com/track/7mRHd7RUHuKEIUXVa7lnrz,57etnQS2eN2GqXoN5CMK7u,54Xuca1P5nDqfKYZGDfHxl; 6uejjWIOshliv2Ho0OJAQN,7,1,liked,,2023-04-10T16:27:01Z,2023-04-10T16:27:01Z,,,,
25YMeLtFhM6UfC1hAoDDyv,Stormbending,Devin Townsend Project; Devin Townsend,Transcendence (Deluxe Edition),2016,2016,,progressive metal,progressive metal; progressive rock; ambient; experimental; industrial metal,2016-09-09,322549,False,,https://open.spotify.com/track/25YMeLtFhM6UfC1hAoDDyv,3C3x7g8DmzmnXd6Busxugp,54Xuca1P5nDqfKYZGDfHxl; 6uejjWIOshliv2Ho0OJAQN,2,1,liked,,2023-04-10T16:27:01Z,2023-04-10T16:27:01Z,,,,
7JuqNiRZcLsPqa33eMFwyP,Life on Mars,Dexter Wansel,Life on Mars,1976,1976,,r&b,r&b; soul,1976-07-01,349706,False,,https://open.spotify.com/track/7JuqNiRZcLsPqa33eMFwyP,2AWYJNKdCCLaOPsAA96IC8,7azp9wRyXcxIq5vZnJgYvt,2,1,liked,,2026-01-31T09:48:49Z,2026-01-31T09:48:49Z,,,,
14mh1WorGXQdVjnICdigYc,Mu,Dhyana,Mu,2025,2025,,drone,drone; sludge metal; drone metal; ambient; stoner rock,2025-09-20,811948,False,,https://open.spotify.com/track/14mh1WorGXQdVjnICdigYc,6evYJqvuQiQgfKNoSa4Ltw,6T871iNu1HsiawNketAxeD,8,1,liked,,2025-09-26T04:38:51Z,2025-09-26T04:38:51Z,,,,
5J8yrdDqWOgvhDJPlszD7R,"Elfin Dance, Op. 12, No. 4",Diane Hidy & Keith Snell,Grieg: Selected Lyric Pieces for the Piano,1997,1997,,classical,classical; piano,1997-01-24,68920,False,,https://open.spotify.com/track/5J8yrdDqWOgvhDJPlszD7R,1mAChCM2svl30j6hMx7c7e,6Yp9cvq8EWQaI2c2m4rsOR,2,1,liked,,2023-04-10T16:27:02Z,2023-04-10T16:27:02Z,,,,
4Y55T05g57LJu1HuggKVLp,Wenn Ich Träume,Die Apokalyptischen Reiter,Riders on the Storm,2006,2006,,death metal,death metal; heavy metal; thrash metal; folk metal; melodic metal,2006-08-25,188200,False,,https://open.spotify.com/track/4Y55T05g57LJu1HuggKVLp,1K7fo2WJibUxVsRn1LjR2W,04L8hbMJRQ5vFnLeDgA8xn,6,1,liked,,2023-04-10T16:27:01Z,2023-04-10T16:27:01Z,,,,
2pSXDxYDm0SEUNPTEz3Ntu,Black River,Digital Moss; Vladimir Frith,Black River,2023,2023,,rock,rock; heavy metal,2023-08-18,221935,False,,https://open.spotify.com/track/2pSXDxYDm0SEUNPTEz3Ntu,4e0jdZItNqv2gD8CxPLdF5,56m25Ot58GnKosZoB220kB; 0dUt0UzKnaJM6SpkXUmzrm,1,1,liked,,2023-08-18T06:11:01Z,2023-08-18T06:11:01Z,,,,
1RlstRnDWwqLhOWtL16Iqy,Taker,DIIV,Deceiver,2019,2019,,indie rock,indie rock; dream pop; krautrock; shoegaze; post-punk,2019-10-04,268800,False,,https://open.spotify.com/track/1RlstRnDWwqLhOWtL16Iqy,5FFuado5azIt5lxMLQjCPS,4OrizGCKhOrW6iDDJHN9xd,5,1,liked,,2023-04-10T16:27:01Z,2023-04-10T16:27:01Z,,,,
30uvCVEYqgktyLfDcI76Hx,Doused,DIIV,Oshin,2012,2012,,indie rock,indie rock; dream pop; krautrock; shoegaze; post-punk,2012-06-26,222973,False,,https://open.spotify.com/track/30uvCVEYqgktyLfDcI76Hx,1OgEi1Ss26Aq9S5sK848fh,4OrizGCKhOrW6iDDJHN9xd,12,1,liked,,2023-04-10T16:27:01Z,2023-04-10T16:27:01Z,,,,
5DyCkWgql5R9qKAp6HiTJV,Landskein,DIM,Compendium II,2019,2019,,dungeon synth,dungeon synth,2019-01-03,272000,False,,https://open.spotify.com/track/5DyCkWgql5R9qKAp6HiTJV,0BcQaNQJpqMG7759XhsZzZ,4Qsmgh8bI0lIG3WP9xMEO1,7,1,liked,,2025-05-03T12:13:53Z,2025-05-03T12:13:53Z,,,,
2hSjuG3BmWEy6c9AL84fHt,The Boulder in the Shade,DIM,Compendium Reliquiae,2021,2021,,dungeon synth,dungeon synth,2021-04-24,254117,False,,https://open.spotify.com/track/2hSjuG3BmWEy6c9AL84fHt,0r26c4Sy57BajrRJVaFkhK,4Qsmgh8bI0lIG3WP9xMEO1,5,1,liked,,2025-05-01T05:45:10Z,2025-05-01T05:45:10Z,,,,
6ftIeiD4i2KlNww5pk868s,Caught In The Middle,Dio,Holy Diver,1983,1983,,heavy metal,heavy metal; hard rock; classic rock,1983,251733,False,,https://open.spotify.com/track/6ftIeiD4i2KlNww5pk868s,1QJmLRcuIMMjZ49elafR3K,4CYeVo5iZbtYGBN4Isc3n6,4,1,liked,,2024-11-08T12:32:45Z,2024-11-08T12:32:45Z,,,,
37Tmv4NnfQeb0ZgUC4fOJj,Sultans Of Swing,Dire Straits,Dire Straits,1978,1978,,soft rock,soft rock; classic rock; pop rock; roots rock; blues rock,1978-10-07,348400,False,,https://open.spotify.com/track/37Tmv4NnfQeb0ZgUC4fOJj,2rCS6Xwx32V27pvgFzLzlT,0WwSkZ7LtFUFjGjMZBMt6T,6,1,liked,,2023-04-10T16:27:01Z,2023-04-10T16:27:01Z,,,,
1xiuakt5BCiUkU62QOOvVX,The Unequaled Response Mechanism,Disharmonic Orchestra,Expositionsprophylaxe (Re-Mastered),2020,2020,,grindcore,grindcore; thrash metal; melodic death metal; deathgrind; death metal,2020-09-07,122584,False,,https://open.spotify.com/track/1xiuakt5BCiUkU62QOOvVX,2j3YozpxJEZaDiUlK2rs6h,7LNEbd8qrjt24KZR5DjgQk,12,1,liked,,2023-04-10T16:28:06Z,2023-04-10T16:28:06Z,,,,
4qIwoFHTPRi2Fh4iHOUiuF,Alea,Disillusion,Alea,2016,2016,,progressive metal,progressive metal; melodic death metal; death metal; progressive death metal,2016-10-07,620066,False,,https://open.spotify.com/track/4qIwoFHTPRi2Fh4iHOUiuF,0Z48qpdiIeczm0l3sN0BvE,0WB89hYs9ZY6HpuK59lJIQ,1,1,liked,,2023-06-12T08:42:42Z,2023-06-12T08:42:42Z,,,,
1INHc3dadho2VfMelO4VbQ,The Grief Prophecy / Shadows over a Lost Kingdom,Dissection,The Somberlain,1993,1993,,melodic black metal,melodic black metal; melodic death metal; black metal; blackened death metal,1993-04-27,211800,True,,https://open.spotify.com/track/1INHc3dadho2VfMelO4VbQ,3mIbmrD3xW9NFSRMa2D8GX,6qpmcQfxhmNxNMCJUrpHwe,9,1,liked,,2023-04-10T16:27:01Z,2023-04-10T16:27:01Z,,,,
1zw4RtbQz4TCN0YM9hE2IA,What Lies Under Here,Dissolved Girl,What Lies Under Here,2025,2025,,electronica,electronica; indie folk; trip hop,2025-09-12,262418,False,,https://open.spotify.com/track/1zw4RtbQz4TCN0YM9hE2IA,3wylFp8zW7xxbRwM49Uzkd,1rDWCIEA1SRvFilXzq9Png,1,1,liked,,2025-11-05T08:06:41Z,2025-11-05T08:06:41Z,,,,
0fsVM2bc1q0ICWZna9GASw,Return Of The Hooligans,DJ Normal 4,Needs 005,2018,2018,,breakbeat,breakbeat; electro; techno,2018-12-24,595797,False,,https://open.spotify.com/track/0fsVM2bc1q0ICWZna9GASw,3f1OG9Z4xD5FZDeYKM4nfj,51OqqZ5saXIOyjY4Ue0BKR,1,1,liked,,2024-09-06T09:26:46Z,2024-09-06T09:26:46Z,,,,
6CUDUdhYaF5TO2gBVDlokB,Return Of The Hooligans,DJ Normal 4,Needs 005,2018,2018,,breakbeat,breakbeat; electro; techno,2018-12-24,595797,False,,https://open.spotify.com/track/6CUDUdhYaF5TO2gBVDlokB,6vnGSW4dFJbBvymBHUhATW,51OqqZ5saXIOyjY4Ue0BKR,1,1,liked; playlist,DJ Blackheart,2023-04-10T16:27:01Z,2025-07-20T17:00:41Z,,,,
4JTUa7SzxNyq8X5nToQdmz,Det svartner paa likbleik hud,Djevel,Blant Svarte Graner,2018,2018,,black metal,black metal; atmospheric black metal,2018-03-23,407521,False,,https://open.spotify.com/track/4JTUa7SzxNyq8X5nToQdmz,174rFZugWoPP0uSlhiC61w,2eEuZMHC3LdWsxogUqlI3y,6,1,liked,,2023-04-10T16:27:01Z,2023-04-10T16:27:01Z,,,,
5owcm72cYjo7kPoEe2deqk,Djevelheim,Djevel,Dodssanger,2011,2011,,black metal,black metal; atmospheric black metal,2011-06-06,300827,False,,https://open.spotify.com/track/5owcm72cYjo7kPoEe2deqk,2YxkFwHeG3JdHdjAA11pAX,2eEuZMHC3LdWsxogUqlI3y,2,1,liked,,2023-04-10T16:27:01Z,2023-04-10T16:27:01Z,,,,
73ms4OULqWwXpE5wpNl6Oe,Da Kvinnene Brant,Djevel,Dodssanger,2011,2011,,black metal,black metal; atmospheric black metal,2011-06-06,395837,False,,https://open.spotify.com/track/73ms4OULqWwXpE5wpNl6Oe,2YxkFwHeG3JdHdjAA11pAX,2eEuZMHC3LdWsxogUqlI3y,4,1,liked,,2023-04-10T16:27:01Z,2023-04-10T16:27:01Z,,,,
3PONE83jN6HrE0B2xFFsqB,Alone Again,Dokken,80's Rock Anthems,2021,2021,,glam metal,glam metal; hard rock; heavy metal; glam,2021-04-23,260066,False,,https://open.spotify.com/track/3PONE83jN6HrE0B2xFFsqB,4QjZqPVC5OSsmST2aSjk0N,09hNSPPOxDop4FRdr6UEnq,18,1,liked; playlist,80's,2023-04-10T16:27:01Z,2024-07-24T18:17:21Z,,,,
6Dwahul5BIUfUiKYir2FXz,Любовь,Dolphin,Глубина резкости,1999,1999,,electronic,electronic; hip hop; breaks,1999-01-01,259413,False,,https://open.spotify.com/track/6Dwahul5BIUfUiKYir2FXz,70GQe37gMb2QhVLfkzdCHt,2pktDyTJxrLJo7dL2qT1pA,4,1,liked; playlist,Русское поле экспериментов,2023-08-12T10:19:41Z,2024-07-24T18:06:35Z,,,,
16s07AzsIWbQywqbaoOZGU,Весна,Dolphin,Звезда,2004,2004,,alternative rock,alternative rock,2004-01-01,291320,False,,https://open.spotify.com/track/16s07AzsIWbQywqbaoOZGU,1KDWi2d83yHUTMe58he1Fc,2pktDyTJxrLJo7dL2qT1pA,4,1,liked; playlist,Русское поле экспериментов,2023-04-10T16:27:01Z,2023-08-03T11:09:07Z,,,,
0Vx8xT5rrfbnz2vQLy3SLg,Ольга,Dolphin,Плавники,2000,2000,,electronic,electronic; alternative rock,2000-11-23,243253,False,,https://open.spotify.com/track/0Vx8xT5rrfbnz2vQLy3SLg,3iTOoFTl3JWm4jZx9sK7R8,2pktDyTJxrLJo7dL2qT1pA,8,1,liked; playlist,Русское поле экспериментов,2023-04-10T16:27:01Z,2024-07-24T18:17:05Z,,,,
4wXUhfW8mXFbvga8KVcozJ,Railroad Cancellation,Don Caballero,World Class Listening Problem,2006,2006,,math rock,math rock; post-hardcore; slowcore; post-rock; indie rock,2006-05-16,316213,False,,https://open.spotify.com/track/4wXUhfW8mXFbvga8KVcozJ,6NQ2rof0OEKvQklJ4GO1Xk,30h1cDhDvSG9RZlfBHmt9C,7,1,liked,,2023-04-10T16:27:01Z,2023-04-10T16:27:01Z,,,,
7mjF9Zd8U7JLnit2IXNlLx,Meat Suit,Doodseskader,Meat Suit,2020,2020,,hip hop,hip hop; sludge metal; metalcore; rap; grunge,2020-11-18,302460,False,,https://open.spotify.com/track/7mjF9Zd8U7JLnit2IXNlLx,3cxBj2xqaRRqZg6PLnelEp,3NFvorn4wvIOqrDLJbXroK,1,1,liked,,2023-04-10T16:27:01Z,2023-04-10T16:27:01Z,,,,
5fAphZNQiNu2Anc4i9uNvv,Another Black Day Under the Dead Sun,Doomraiser,Erasing the Remembrance,2011,2011,,doom,doom; doom metal,2011-09-12,606200,False,,https://open.spotify.com/track/5fAphZNQiNu2Anc4i9uNvv,00mAG3gZNwG4wgoCrAUL9g,5QQZxLIqMnAzNnpkTdv0Nl,2,1,liked,,2023-04-10T16:27:01Z,2023-04-10T16:27:01Z,,,,
6vYSkqCAnvu3WiveQv9w14,Code Red One,Dope Smoker,Code Red One,2015,2015,,doom,doom; desert rock; grunge; lo-fi; psychedelic rock,2015-03-23,268621,False,,https://open.spotify.com/track/6vYSkqCAnvu3WiveQv9w14,77ozkj8whwl69TWsguT5qb,5MsYlytV6rgcW1BB261xBS,1,1,liked,,2023-04-10T16:27:01Z,2023-04-10T16:27:01Z,,,,
6BmP6002CTrzUs4IpTKkir,Shattered,Doug Spears,Shattered,2024,2024,,teen pop,teen pop; dance-pop; electropop; electro house; dance,2024-06-07,295727,False,,https://open.spotify.com/track/6BmP6002CTrzUs4IpTKkir,64mtCbcU0sOLEKdPxG9hJR,4PTaIVFQ1AFw8tpX2Gz00w,1,1,liked,,2024-10-28T07:54:10Z,2024-10-28T07:54:10Z,,,,
3rdQ7JjhnY7alXFig5v95Y,Darker,Doves,The Places Between : The Best Of Doves,2010,2010,,indie rock,indie rock; alternative rock; post-britpop; britpop; trip hop,2010-01-01,350613,False,,https://open.spotify.com/track/3rdQ7JjhnY7alXFig5v95Y,7rNIac2Puj0csKytvLJ80K,0LVrQUinPUBFvVD5pLqmWY,4,2,liked,,2023-04-10T16:27:01Z,2023-04-10T16:27:01Z,,,,
26C4dNjoAxFk6PhZGeuyGO,Alone,Downface,Confidence,1998,1998,,alternative rock,alternative rock; post-grunge,1998,233133,False,,https://open.spotify.com/track/26C4dNjoAxFk6PhZGeuyGO,4bAM1RVr4Woi7UkPCIT1ct,5mhzOmngdC4RpOGjerls6D,3,1,liked,,2023-04-10T16:27:01Z,2023-04-10T16:27:01Z,,,,
2a0fkN8dbA5Kh8SR7cvl3D,(Everybody Wanna Get Rich) Rite Away,Dr. John,Desitively Bonnaroo,1974,1974,,psychedelic rock,psychedelic rock; funk; new orleans r&b; jazz; folk,1974,163933,False,,https://open.spotify.com/track/2a0fkN8dbA5Kh8SR7cvl3D,4sdOFqfNcL5ge657ScJDXn,320TrJub4arztwXRm7kqVO,6,1,liked,,2023-04-10T16:26:59Z,2023-04-10T16:26:59Z,,,,
78nmjVLiJVksvuqEPpFxjB,"My Children, My Angels",Dr. John,Locked Down,2012,2012,,psychedelic rock,psychedelic rock; funk; new orleans r&b; jazz; folk,2012-03-30,306560,False,,https://open.spotify.com/track/78nmjVLiJVksvuqEPpFxjB,2HhSjSa5X3TQSIkS4CpFyu,320TrJub4arztwXRm7kqVO,9,1,liked,,2023-04-10T16:27:01Z,2023-04-10T16:27:01Z,,,,
5CpEybMobGMJJJQlSSTI0i,Mr. Freeze,Dr. Know,Nardcore Hardcore,1985,1985,,hardcore,hardcore; hardcore punk; crossover thrash; thrash metal,1985,187293,True,,https://open.spotify.com/track/5CpEybMobGMJJJQlSSTI0i,7x3wIDfpSTfWt61fncuzIm,1aKAy6QfmE1qVmCGdHXYIv,2,1,liked,,2023-04-10T16:27:01Z,2023-04-10T16:27:01Z,,,,
5a95pmsi8rfvZdYIxfgT0E,Tighten The Tourniquet,Dr. Shrinker,The Eponym,2022,2022,,death metal,death metal,2022-12-09,271618,False,,https://open.spotify.com/track/5a95pmsi8rfvZdYIxfgT0E,24whMoU1duW24OmQovIiIH,35r7ASYxux2Rt23yr7fOcE,1,1,liked,,2025-08-06T07:00:36Z,2025-08-06T07:00:36Z,,,,
5219a5PCoREgdVNrkCMrCU,39 by Design,Drab Majesty,The Demonstration,2017,2017,,dark wave,dark wave; electronic rock,2017-01-20,300099,False,,https://open.spotify.com/track/5219a5PCoREgdVNrkCMrCU,2OjnZ8zI3lfjaOvi7xXAHP,2CSEKlTT9empsZ8vZWsrKO,3,1,liked,,2025-06-05T15:53:07Z,2025-06-05T15:53:07Z,,,,
6MhINTgLBVBlYGIlYOSgdu,Lustrous Heart,Draconian,Under a Godless Veil,2020,2020,,gothic metal,gothic metal; doom metal; gothic-doom metal; death-doom metal,2020-10-30,287906,False,,https://open.spotify.com/track/6MhINTgLBVBlYGIlYOSgdu,4piC4Fef3riuaqWsywyKri,1TX9g1uSl0B0DQIE9lBqmU,3,1,liked,,2023-04-10T16:27:01Z,2023-04-10T16:27:01Z,,,,
6UnwBoRd49U9ZK4wDFJ3oC,Black Edifice,Dream Death,Journey Into Mystery,1987,1987,,thrash metal,thrash metal; death metal; doom metal; death-doom metal; death doom metal,1987,283800,False,,https://open.spotify.com/track/6UnwBoRd49U9ZK4wDFJ3oC,5w5mpyceciNOrS5NR1S5zo,3uLI3xV10p0rM8UMsLcqcN,4,1,liked,,2024-11-15T05:47:13Z,2024-11-15T05:47:13Z,,,,
71p7rnfNo2gjDdKsQ9Sz9A,Same Ol' Road,Dredg,El Cielo,2002,2002,,post-rock,post-rock; alternative rock; progressive rock; experimental rock; crossover prog,2002-01-01,314853,False,,https://open.spotify.com/track/71p7rnfNo2gjDdKsQ9Sz9A,4xzzmQZfCz1keTBkIgQZFc,1DsdDxHs1zAwOgWDPgNS7l,2,1,liked,,2023-04-10T16:27:01Z,2023-04-10T16:27:01Z,,,,
0WY9ns1IxKUlq3XjBhfLrZ,Ode To The Sun - Live,Dredg,Live At The Fillmore,2006,2006,,post-rock,post-rock; alternative rock; progressive rock; experimental rock; crossover prog,2006-01-01,218786,False,,https://open.spotify.com/track/0WY9ns1IxKUlq3XjBhfLrZ,1ce8zYkHxxTuCx0SdEnw9k,1DsdDxHs1zAwOgWDPgNS7l,3,1,liked,,2023-04-10T16:27:01Z,2023-04-10T16:27:01Z,,,,
14kqmTF7wgo3loO92KHjsD,SHIKOBA,DROTT,SHIKOBA,2021,2021,,alternative rock,alternative rock; electronic; indie rock; synth-pop; pop rock,2021-02-05,355970,False,,https://open.spotify.com/track/14kqmTF7wgo3loO92KHjsD,2Wrc5XtVT83huOZHaxcLFd,7MuJ3ZCCx8ICaE7RVtZ8Dx,1,1,liked,,2023-04-15T10:32:19Z,2023-04-15T10:32:19Z,,,,
67EdIjjk7HO48fM6SzBFr2,Wind of the Night Forests - Вітер Нічних Лісів,Drudkh,Autumn Aurora,2009,2009,,black metal,black metal; atmospheric black metal; pagan black metal; folk metal; contemporary folk,2009-11-16,586000,False,,https://open.spotify.com/track/67EdIjjk7HO48fM6SzBFr2,5CXrZiNSw4wQaJsmitefNn,4q5mj9YpaYesKvHzN8XYve,5,1,liked,,2023-04-10T16:27:01Z,2023-04-10T16:27:01Z,,,,
6u2R5X6CMy5Vla1Eye1X8o,Betrayer,Druids Cross,Time Immemorial,2024,2024,,doom metal,doom metal; heavy metal; stoner metal,2024-09-02,193400,False,,https://open.spotify.com/track/6u2R5X6CMy5Vla1Eye1X8o,0WiRvLUXS8yNHKhqf6jAPE,2jVVMPmrGIpsNYR2WkE1ZI,1,1,liked,,2024-09-17T07:52:55Z,2024-09-17T07:52:55Z,,,,
15udCJREqWL6Yhu9ISOqU5,Majestic Thou in Ruin,Dusk,Majestic Thou in Ruin,1995,1995,,black metal,black metal,1995-03-01,484000,False,,https://open.spotify.com/track/15udCJREqWL6Yhu9ISOqU5,2bKXHnFXnnRfX40BmB1PFX,6xYDWfOLiYd9f3nxQl633k,1,1,liked,,2023-04-10T16:27:01Z,2023-04-10T16:27:01Z,,,,
6RrxpL1QOgTCtQZ5XvfVEa,Pull Away/So Many Times,Dust,Hard Attack/Dust,1972,1972,,hard rock,hard rock; heavy psych; blues rock,1972,299666,False,,https://open.spotify.com/track/6RrxpL1QOgTCtQZ5XvfVEa,3Ww8RkWszWDXOp8fDL1x9d,6RRMDZDsUYLdzRCck2x2NI,1,1,liked,,2023-04-10T16:27:01Z,2023-04-10T16:27:01Z,,,,
26BaT5XfYGBVE1ITxdmzlo,Nocturnal Fire,Dödsrit,Nocturnal Fire,2024,2024,,black metal,black metal; crust punk; blackened crust,2024-01-05,483306,True,,https://open.spotify.com/track/26BaT5XfYGBVE1ITxdmzlo,0TK8dEYFT2BYkzdXlMa7Bd,1ZR1y4fCztcaoliwAIbEAb,1,1,liked,,2024-02-02T10:08:45Z,2024-02-02T10:08:45Z,,,,
50RNdoPjJePpHnuM77eUAC,Det Tomme Kalde Mørke,Dødheimsgard,Black Medium Current,2023,2023,,black metal,black metal; industrial metal; avant-garde metal; progressive metal,2023-04-14,455086,False,,https://open.spotify.com/track/50RNdoPjJePpHnuM77eUAC,6lJ8c7QFGE0x32KaslsRCE,4EzPNgGmh8l2xPoTEgivT8,7,1,liked,,2023-04-21T05:49:30Z,2023-04-21T05:49:30Z,,,,
4JsIOzKKGZuFwZza2x132Y,En Krig a Seire,Dødheimsgard,Kronet Til Konge,1995,1995,,black metal,black metal; industrial metal; avant-garde metal; progressive metal,1995,298826,False,,https://open.spotify.com/track/4JsIOzKKGZuFwZza2x132Y,1DdWhbxCVpSbpIWLl4CQWw,4EzPNgGmh8l2xPoTEgivT8,3,1,liked,,2024-11-20T09:58:41Z,2024-11-20T09:58:41Z,,,,
3jNgnCngtBrsGJqiG6cmAP,Opiate The Sun,E-L-R,Opiate The Sun,2022,2022,,doom metal,doom metal; post-metal; psychedelic metal,2022-02-23,726097,False,,https://open.spotify.com/track/3jNgnCngtBrsGJqiG6cmAP,4nGvIYWn2g7k43LXiMPeAA,6tPliZXONLp6mDj0GCHXdO,1,1,liked,,2023-04-10T16:27:01Z,2023-04-10T16:27:01Z,,,,
1Vo2yuwPAyMoqabc2uyeFc,When I Loose Your Love,e-Love,"Springbreeze Exotic Lounge Traxx, Vol. 3 (Cafe Del Buddah Chill Out Edition)",2013,2013,,electronic,electronic; house; deep house; lounge,2013,367333,False,,https://open.spotify.com/track/1Vo2yuwPAyMoqabc2uyeFc,0GSGRkzU2fI8Q2WYCN0tV7,6QBG8el5MQ1t3UOCWoqGfc,16,1,liked,,2023-04-10T16:27:01Z,2023-04-10T16:27:01Z,,,,
47vFyxAv24QxAOfdMuE3oV,Nara (Theme to Cold Case),E.S. Posthumus,Unearthed,2001,2001,,orchestral,orchestral,2001-01-01,291026,False,,https://open.spotify.com/track/47vFyxAv24QxAOfdMuE3oV,5dO8FBozMXBNXRwuGbYt12,1CqW2UkLsaZvByLwkOaNsH,6,1,liked,,2023-04-10T16:27:01Z,2023-04-10T16:27:01Z,,,,
08HibA7HSvc02g8C1hBRqJ,Shotgun,Earl Greyhound,Suspicious Package,2010,2010,,hard rock,hard rock; indie rock; garage rock,2010-07-23,288893,False,,https://open.spotify.com/track/08HibA7HSvc02g8C1hBRqJ,4NIWutMJP3B1cxfN4gnJgY,0P9JnbvZEtGD8vgRkBU8qn,5,1,liked,,2023-04-10T16:27:01Z,2023-04-10T16:27:01Z,,,,
09uVTKAKTHnLKDZHfwfLTI,Old Black,Earth,Live at Third Man Records,2017,2017,,funk,funk; soul; disco; r&b; jazz,2017-11-24,518146,False,,https://open.spotify.com/track/09uVTKAKTHnLKDZHfwfLTI,3N6Ag3uzXOVb1o82xfx49H,4mTFQE6aiehScgvreB9llC,3,1,liked,,2023-04-10T16:27:01Z,2023-04-10T16:27:01Z,,,,
1TtWRtu117MTLAxM0LR7PY,Imagination,"Earth, Wind & Fire",Spirit,1976,1976,,funk,funk; soul; disco; r&b; jazz,1976-09,316304,False,,https://open.spotify.com/track/1TtWRtu117MTLAxM0LR7PY,4p7Fp1dbgVOT4WVxKPpKHM,4QQgXkCYTt3BlENzhyNETg,3,1,liked,,2023-04-10T16:27:01Z,2023-04-10T16:27:01Z,,,,
6NitnfUkmFWyCvvi9zUZmu,Uluru Rock,Earthless,From the Ages,2018,2018,,stoner rock,stoner rock; psychedelic rock; psychedelic; stoner metal; jam band,2018-11-02,848346,False,,https://open.spotify.com/track/6NitnfUkmFWyCvvi9zUZmu,3H0DAHNLi9Jp6fs5YnVPv9,0nsphA9KDqbJ64duYRoEBi,2,1,liked,,2023-04-10T16:27:01Z,2023-04-10T16:27:01Z,,,,
5cGEgU6ADdTcVT9nDYQnPo,The Closest I've Come,Earthside,A Dream in Static,2015,2015,,progressive rock,progressive rock; post-rock; progressive metal,2015-10-23,480640,False,,https://open.spotify.com/track/5cGEgU6ADdTcVT9nDYQnPo,5j2NSIw1IvrpgPKuvl8pJv,6mRDRKsNautYuxybddnvgg,1,1,liked,,2025-05-12T13:01:24Z,2025-05-12T13:01:24Z,,,,
7nEEVfrkxGoUDxnc1htVph,Tachi,Ed Harrison,Neotokyo,2009,2009,,electronic,electronic; idm; electronica,2009-01-01,330586,False,,https://open.spotify.com/track/7nEEVfrkxGoUDxnc1htVph,6gNyXr6nNjX0JVQd5VCUM6,4NyWqUzbs6gmlo1GlIoq1O,7,1,liked,,2023-04-10T16:27:01Z,2023-04-10T16:27:01Z,,,,
6N5DRCQUSXT1qQqmqsO92B,Party All the Time,Eddie Murphy,How Could It Be,1985,1985,,comedy,comedy,1985-02-05,253293,False,,https://open.spotify.com/track/6N5DRCQUSXT1qQqmqsO92B,2ghvihRomDb37X59VK6hp5,1Zq8pfBl4ejCMrWdeAdphc,5,1,liked,,2023-04-10T16:27:01Z,2023-04-10T16:27:01Z,,,,
6WctfxYNQr63DC3nQ9NjT9,"Crimson, Pt. 1",Edge Of Sanity,Crimson,1996,1996,,melodic death metal,melodic death metal; death metal; progressive death metal; progressive metal,1996,293826,False,,https://open.spotify.com/track/6WctfxYNQr63DC3nQ9NjT9,1NdKZrDhts3ADPdfycdnLO,1Mcy1ngqEXUXXEQEpUDGix,1,1,liked,,2024-04-22T09:02:44Z,2024-04-22T09:02:44Z,,,,
4RYkB5AcRyHFdt4CBK1U5k,Crimson. Pt. 3,Edge Of Sanity,Crimson,1996,1996,,melodic death metal,melodic death metal; death metal; progressive death metal; progressive metal,1996-04-02,297438,False,,https://open.spotify.com/track/4RYkB5AcRyHFdt4CBK1U5k,2QLveouHyJdBWY23wMlMiu,1Mcy1ngqEXUXXEQEpUDGix,3,1,liked,,2026-03-07T07:36:23Z,2026-03-07T07:36:23Z,,,,
67R9qEW5Vf2HEFbxdK7wL5,Immortal Souls - Live,Edge Of Sanity,Kur-Nu-Gi-A,2012,2012,,melodic death metal,melodic death metal; death metal; progressive death metal; progressive metal,2012-02-20,252346,False,,https://open.spotify.com/track/67R9qEW5Vf2HEFbxdK7wL5,601qwpeFV0ehnzLKURKoTV,1Mcy1ngqEXUXXEQEpUDGix,8,1,liked,,2023-04-10T16:27:01Z,2023-04-10T16:27:01Z,,,,
3c9YFWlrmKBwupp46m2piK,Maze of Existence,Edge Of Sanity,Nothing but Death Remains,1991,1991,,melodic death metal,melodic death metal; death metal; progressive death metal; progressive metal,1991-01-01,256933,False,,https://open.spotify.com/track/3c9YFWlrmKBwupp46m2piK,2wKzc7WJuL3kMY2LpcvRtG,1Mcy1ngqEXUXXEQEpUDGix,3,1,liked,,2023-04-10T16:27:01Z,2023-04-10T16:27:01Z,,,,
2BBHkqiZErGEDJSKkyD4Ml,Impulsive Necroplasma,Edge Of Sanity,Nothing but Death Remains,1991,1991,,melodic death metal,melodic death metal; death metal; progressive death metal; progressive metal,1991-01-01,185000,False,,https://open.spotify.com/track/2BBHkqiZErGEDJSKkyD4Ml,2wKzc7WJuL3kMY2LpcvRtG,1Mcy1ngqEXUXXEQEpUDGix,7,1,liked,,2023-04-10T16:27:01Z,2023-04-10T16:27:01Z,,,,
0VXRa40y6QssAvNMtaxv11,Enigma - Remix 2025,Edge Of Sanity,Unorthodox (Remix 2025),2025,2025,,melodic death metal,melodic death metal; death metal; progressive death metal; progressive metal,2025-12-05,424156,False,,https://open.spotify.com/track/0VXRa40y6QssAvNMtaxv11,4lxP5qGjloSSveOGp18VH9,1Mcy1ngqEXUXXEQEpUDGix,2,1,liked,,2025-12-05T06:04:01Z,2025-12-05T06:04:01Z,,,,
7e3X68cctVmvsQFRKKAj8c,"Stirdur Saknur - Live at Nordic House, Faroe Islands, Sep 2020",Eivør,"Segl Live in Concert (Live at Nordic House, Faroe Islands, Sep 2020)",2021,2021,,singer-songwriter,singer-songwriter; jazz; electronica; worldbeat; medieval,2021-11-12,335893,False,,https://open.spotify.com/track/7e3X68cctVmvsQFRKKAj8c,1lauue2xxOmvoCt9FM2B0E,2dB4ya2W1Gvng8gjWSPu2H,9,1,liked,,2023-04-10T16:27:01Z,2023-04-10T16:27:01Z,,,,
1UrbkvITJv2e2EuOq17xcN,Return of Darkness,Eldamar,A Dark Forgotten Past,2017,2017,,atmospheric black metal,atmospheric black metal; black metal; black ambient,2017-12-01,523146,False,,https://open.spotify.com/track/1UrbkvITJv2e2EuOq17xcN,7gtPnEabb5TuGYn9pGLiz8,0mZRMbP7xU91E1FGvKbxhF,1,1,liked,,2025-04-07T07:28:21Z,2025-04-07T07:28:21Z,,,,
779yzSKfuVgQhwS5Kuj247,Dead Roots Stirring,Elder,Dead Roots Stirring,2011,2011,,stoner metal,stoner metal; heavy psych; doom metal; stoner rock; progressive rock,2011-09-06,719917,False,,https://open.spotify.com/track/779yzSKfuVgQhwS5Kuj247,4N5iqXMXJUZMUzhxDqYQxp,1687IqXRdWmbRshgn194tT,2,1,liked,,2023-04-10T16:27:01Z,2023-04-10T16:27:01Z,,,,
3uIFMpr1nZRAQpu2ihNcIW,Liminality,Elder,Liminality / Dream State Return,2025,2025,,stoner metal,stoner metal; heavy psych; doom metal; stoner rock; progressive rock,2025-09-22,790320,False,,https://open.spotify.com/track/3uIFMpr1nZRAQpu2ihNcIW,1G7EkxmnRQ5kk2uhAoxMro,1687IqXRdWmbRshgn194tT,1,1,liked,,2026-02-11T05:48:44Z,2026-02-11T05:48:44Z,,,,
4cQoLN88Czh68CjxwcUPVD,Sanctuary,Elder,Reflections of a Floating World,2017,2017,,stoner metal,stoner metal; heavy psych; doom metal; stoner rock; progressive rock,2017-06-02,673666,False,,https://open.spotify.com/track/4cQoLN88Czh68CjxwcUPVD,3KHAbIF4DHori5AW2nWdUA,1687IqXRdWmbRshgn194tT,1,1,liked,,2023-06-13T06:24:48Z,2023-06-13T06:24:48Z,,,,
4DNnvqntWrVn42qLrhrOqT,Satanic Rites Of Drugula,Electric Wizard,Witchcult Today,2007,2007,,doom metal,doom metal; stoner metal; heavy psych; stoner rock; stoner-doom metal,2007-11-12,367773,False,,https://open.spotify.com/track/4DNnvqntWrVn42qLrhrOqT,58sqqnhsiCuuDwHTjLFB6z,4htjQW3lgIwL6fEJlTOez4,3,1,liked,,2023-04-10T16:27:01Z,2023-04-10T16:27:01Z,,,,
5vzlLqTXyhG7CVUB5sMKnH,Faceless,Elephant Tree,Habits,2020,2020,,stoner rock,stoner rock; blues rock; stoner metal; doom metal; heavy rock,2020-04-24,398951,False,,https://open.spotify.com/track/5vzlLqTXyhG7CVUB5sMKnH,12jxNALacoqTxvElnKlVDT,79z0Z8E5uY2Fc7HO4VGerm,3,1,liked,,2025-08-20T12:25:39Z,2025-08-20T12:25:39Z,,,,
1tgcBA9rmu3Dtb0OHRxuVe,Nur,Ellende,Zerfall,2026,2026,,atmospheric black metal,atmospheric black metal; post-metal; depressive black metal; post-black metal,2026-01-02,154962,False,,https://open.spotify.com/track/1tgcBA9rmu3Dtb0OHRxuVe,4kVVMwcVvfDY4sBrxOrPBK,1iLdVM2KFAHUbpaC5wpMbO,1,1,liked,,2026-01-16T11:26:17Z,2026-01-16T11:26:17Z,,,,
6jQNrWP4jOZuubkl9FB0NA,Poseidon's Creation,Eloy,Ocean (Remastered 2019),1977,1977,,progressive rock,progressive rock; space rock; hard rock; symphonic prog; krautrock,1977-10-26,701960,False,,https://open.spotify.com/track/6jQNrWP4jOZuubkl9FB0NA,055oBGhGjcZixkBREWdav2,00ZLLJ51l9Ir5gyaGSUYxL,1,1,liked,,2023-04-10T16:27:01Z,2023-04-10T16:27:01Z,,,,
3DW1BXUHalgmS7QfcS1TnY,Time To Turn,Eloy,Time To Turn,1982,1982,,progressive rock,progressive rock; space rock; hard rock; symphonic prog; krautrock,1982-01-01,274933,False,,https://open.spotify.com/track/3DW1BXUHalgmS7QfcS1TnY,24xpef77qNidD1GoWXBHLf,00ZLLJ51l9Ir5gyaGSUYxL,3,1,liked,,2023-04-10T16:27:01Z,2023-04-10T16:27:01Z,,,,
6vRCSKf1fFwbgnAphESiga,Spikeroog,Elyndrax,Spikeroog,2026,2026,,atmospheric black metal,atmospheric black metal; black metal,2026-02-28,226831,False,,https://open.spotify.com/track/6vRCSKf1fFwbgnAphESiga,4G5Uk7TkEguojuR3kDWTQ4,2ACLGhQ2rsXWU81MBDHFD0,1,1,liked,,2025-06-02T16:29:36Z,2025-06-02T16:29:36Z,,,,
53oc5U2cz4MydANM35abYV,Darkhorse,Emma Ruth Rundle,On Dark Horses,2018,2018,,singer-songwriter,singer-songwriter; contemporary folk; ambient; dream pop; post-rock,2018-09-14,372456,False,,https://open.spotify.com/track/53oc5U2cz4MydANM35abYV,1vcWwbIr1mePnssmxYvmGH,34gLicNdz493863yZTanvC,3,1,liked,,2023-04-10T16:27:01Z,2023-04-10T16:27:01Z,,,,
7hoaK7WIFRhMfgbRoWyGo7,Hollywood,Emma Ruth Rundle; Thou,Hollywood,2020,2020,,singer-songwriter,singer-songwriter; doom metal; contemporary folk; sludge metal; ambient,2020-12-10,315466,False,,https://open.spotify.com/track/7hoaK7WIFRhMfgbRoWyGo7,3GZhfdmU86nzvtm4R6g56G,34gLicNdz493863yZTanvC; 4KoZpKiPeX4jIi7Euwcfuo,1,1,liked,,2024-06-05T11:21:57Z,2024-06-05T11:21:57Z,,,,
3cHTq4lFccHLfeAOmTsF56,The Valley,Emma Ruth Rundle; Thou,May Our Chambers Be Full,2020,2020,,singer-songwriter,singer-songwriter; doom metal; contemporary folk; sludge metal; ambient,2020-10-30,538213,False,,https://open.spotify.com/track/3cHTq4lFccHLfeAOmTsF56,383HIXuM9TBUq1aVVFVyoc,34gLicNdz493863yZTanvC; 4KoZpKiPeX4jIi7Euwcfuo,7,1,liked,,2025-12-08T05:24:14Z,2025-12-08T05:24:14Z,,,,
6GUGUvAKaFk4BxwYHa8Kh1,Stoky 335,Endless Dive,Falltime,2019,2019,,post-rock,post-rock,2019-01-18,255325,False,,https://open.spotify.com/track/6GUGUvAKaFk4BxwYHa8Kh1,74CUTSmvjw3UupBYrg8fTQ,6umn07qRw90ZsIT3BRKEwz,8,1,liked,,2025-12-17T11:12:05Z,2025-12-17T11:12:05Z,,,,
2olDad2bhaU0jXZP6mCjlp,Silent Hour / The Conjugation,Enforcer,Death by Fire,2013,2013,,heavy metal,heavy metal; speed metal; thrash metal; traditional heavy metal; heavy/speed-metal,2013-02-01,390362,False,,https://open.spotify.com/track/2olDad2bhaU0jXZP6mCjlp,6cKkoIkBjp8AhtdZLd4ygR,6nQ7NZbr43lnKpLYBvLf7A,8,1,liked,,2024-11-20T06:30:24Z,2024-11-20T06:30:24Z,,,,
4vZ9BoROm4g5PMzLDYWmMV,Unshackle Me,Enforcer,Nostalgia,2023,2023,,heavy metal,heavy metal; speed metal; thrash metal; traditional heavy metal; heavy/speed-metal,2023-05-05,217547,False,,https://open.spotify.com/track/4vZ9BoROm4g5PMzLDYWmMV,6fK73XeJneVXkMMuYHLXJG,6nQ7NZbr43lnKpLYBvLf7A,2,1,liked,,2024-09-30T15:15:55Z,2024-09-30T15:15:55Z,,,,
7dri9p0nK0WBupiaXSym0O,Chiusella's Waters - Original Mix,Enisum,Arpitanian Lands,2015,2015,,atmospheric black metal,atmospheric black metal; ambient; black metal,2015-11-16,330118,False,,https://open.spotify.com/track/7dri9p0nK0WBupiaXSym0O,4NpERKvb7392ceWMVh7UJs,0NnzRoaRPWmhsKWgo5AN9l,3,1,liked,,2025-08-25T17:58:34Z,2025-08-25T17:58:34Z,,,,
7aZK7sVetSqU9cwyhNmakR,Shimmering,Enshine,Elevation,2026,2026,,melodic death metal,melodic death metal; atmospheric doom metal; doom metal; melodic doom metal,2026-01-03,338306,False,,https://open.spotify.com/track/7aZK7sVetSqU9cwyhNmakR,3livqZhilYjx8iIsXhgGVz,1arVCqhiz6dQgWcYrT3MY8,1,1,liked,,2026-02-02T08:26:51Z,2026-02-02T08:26:51Z,,,,
2Dc8EnIAU9n3o5hOahnwRK,As Fire Swept Clean The Earth,Enslaved,Below The Lights,2003,2003,,black metal,black metal; progressive metal; viking metal,2003,395400,False,,https://open.spotify.com/track/2Dc8EnIAU9n3o5hOahnwRK,3uei5LFX4boIwVER1zdLD8,2HmtB6wVRRi3z0JwZHtkiD,1,1,liked,,2023-04-10T16:27:01Z,2023-04-10T16:27:01Z,,,,
0Zm2m5Si6lVk0RaHqB5vRO,The Dead Stare,Enslaved,Below The Lights,2003,2003,,black metal,black metal; progressive metal; viking metal,2003,337240,False,,https://open.spotify.com/track/0Zm2m5Si6lVk0RaHqB5vRO,3uei5LFX4boIwVER1zdLD8,2HmtB6wVRRi3z0JwZHtkiD,2,1,liked,,2023-04-10T16:27:01Z,2023-04-10T16:27:01Z,,,,
7dwyshUCEWfTQCfSqXROTZ,The Crossing,Enslaved,Below The Lights,2003,2003,,black metal,black metal; progressive metal; viking metal,2003,551986,False,,https://open.spotify.com/track/7dwyshUCEWfTQCfSqXROTZ,3uei5LFX4boIwVER1zdLD8,2HmtB6wVRRi3z0JwZHtkiD,3,1,liked,,2023-04-10T16:27:01Z,2023-04-10T16:27:01Z,,,,
5PiU2BbSoCsDSjUpU8GXvc,Queen Of Night,Enslaved,Below The Lights,2003,2003,,black metal,black metal; progressive metal; viking metal,2003,359173,False,,https://open.spotify.com/track/5PiU2BbSoCsDSjUpU8GXvc,3uei5LFX4boIwVER1zdLD8,2HmtB6wVRRi3z0JwZHtkiD,4,1,liked,,2023-04-10T16:27:01Z,2023-04-10T16:27:01Z,,,,
5XsxbIQeESqlp2BwHyZ8x7,Havenless,Enslaved,Below The Lights,2003,2003,,black metal,black metal; progressive metal; viking metal,2003,335333,False,,https://open.spotify.com/track/5XsxbIQeESqlp2BwHyZ8x7,3uei5LFX4boIwVER1zdLD8,2HmtB6wVRRi3z0JwZHtkiD,5,1,liked,,2023-04-10T16:27:01Z,2023-04-10T16:27:01Z,,,,
6xTfPsE1ZGN8B4KiN70fuH,Ridicule Swarm,Enslaved,Below The Lights,2003,2003,,black metal,black metal; progressive metal; viking metal,2003,378773,False,,https://open.spotify.com/track/6xTfPsE1ZGN8B4KiN70fuH,3uei5LFX4boIwVER1zdLD8,2HmtB6wVRRi3z0JwZHtkiD,6,1,liked,,2023-04-10T16:27:01Z,2023-04-10T16:27:01Z,,,,
4Lm5JhtpkIq1q1krO2c07K,A Darker Place,Enslaved,Below The Lights,2003,2003,,black metal,black metal; progressive metal; viking metal,2003,421880,False,,https://open.spotify.com/track/4Lm5JhtpkIq1q1krO2c07K,3uei5LFX4boIwVER1zdLD8,2HmtB6wVRRi3z0JwZHtkiD,7,1,liked,,2023-04-10T16:27:01Z,2023-04-10T16:27:01Z,,,,
0btyKixiyrXzzpYFLQoMyS,I Lenker Til Ragnarok - In Chains Until Ragnarok,Enslaved,Blodhemn,1998,1998,,black metal,black metal; progressive metal; viking metal,1998-06-01,339600,False,,https://open.spotify.com/track/0btyKixiyrXzzpYFLQoMyS,3BXI5u6ukjK3JmWI53hbzl,2HmtB6wVRRi3z0JwZHtkiD,2,1,liked,,2023-04-10T16:27:01Z,2023-04-10T16:27:01Z,,,,
0IvoBVmBaWk0Az8b5A3WH1,Urtical Gods,Enslaved,Blodhemn,1998,1998,,black metal,black metal; progressive metal; viking metal,1998-06-01,200600,False,,https://open.spotify.com/track/0IvoBVmBaWk0Az8b5A3WH1,3BXI5u6ukjK3JmWI53hbzl,2HmtB6wVRRi3z0JwZHtkiD,3,1,liked,,2023-04-10T16:27:01Z,2023-04-10T16:27:01Z,,,,
6cg6DAgN7n1HIHptjxEVIF,Ansuz Astral,Enslaved,Blodhemn,1998,1998,,black metal,black metal; progressive metal; viking metal,1998-06-01,295560,False,,https://open.spotify.com/track/6cg6DAgN7n1HIHptjxEVIF,3BXI5u6ukjK3JmWI53hbzl,2HmtB6wVRRi3z0JwZHtkiD,4,1,liked,,2023-04-10T16:27:01Z,2023-04-10T16:27:01Z,,,,
4huwFiSxVVvrmoLbnESj6W,Nidingaslakt,Enslaved,Blodhemn,1998,1998,,black metal,black metal; progressive metal; viking metal,1998-06-01,203306,False,,https://open.spotify.com/track/4huwFiSxVVvrmoLbnESj6W,3BXI5u6ukjK3JmWI53hbzl,2HmtB6wVRRi3z0JwZHtkiD,5,1,liked,,2023-04-10T16:27:01Z,2023-04-10T16:27:01Z,,,,
2XTqfvDSpsZj4us9SzFPFJ,Eit Auga Til Mimir - An Eye For Mimir,Enslaved,Blodhemn,1998,1998,,black metal,black metal; progressive metal; viking metal,1998-06-01,265600,False,,https://open.spotify.com/track/2XTqfvDSpsZj4us9SzFPFJ,3BXI5u6ukjK3JmWI53hbzl,2HmtB6wVRRi3z0JwZHtkiD,6,1,liked,,2023-04-10T16:27:01Z,2023-04-10T16:27:01Z,,,,
0PQttkKz8HAqPzHCIjD5me,Blodhemn,Enslaved,Blodhemn,1998,1998,,black metal,black metal; progressive metal; viking metal,1998-06-01,333026,False,,https://open.spotify.com/track/0PQttkKz8HAqPzHCIjD5me,3BXI5u6ukjK3JmWI53hbzl,2HmtB6wVRRi3z0JwZHtkiD,7,1,liked,,2023-04-10T16:27:01Z,2023-04-10T16:27:01Z,,,,
2jP9BTJZo7OSou42o7Jcy4,Brisinghamen,Enslaved,Blodhemn,1998,1998,,black metal,black metal; progressive metal; viking metal,1998-06-01,212040,False,,https://open.spotify.com/track/2jP9BTJZo7OSou42o7Jcy4,3BXI5u6ukjK3JmWI53hbzl,2HmtB6wVRRi3z0JwZHtkiD,8,1,liked,,2023-04-10T16:27:01Z,2023-04-10T16:27:01Z,,,,
19EmOYHsf8pAJCX8wKXJMy,Hiindsiight,Enslaved,E,2017,2017,,black metal,black metal; progressive metal; viking metal,2017-10-13,572853,False,,https://open.spotify.com/track/19EmOYHsf8pAJCX8wKXJMy,4I62KutcTuOqExb7fDeJU3,2HmtB6wVRRi3z0JwZHtkiD,6,1,liked,,2023-04-10T16:27:01Z,2023-04-10T16:27:01Z,,,,
6C4rlLs6IlTlPspyo3wxW5,793 (Slaget Om Lindisfarne),Enslaved,Eld,1997,1997,,black metal,black metal; progressive metal; viking metal,1997,970653,False,,https://open.spotify.com/track/6C4rlLs6IlTlPspyo3wxW5,7DMbJmJnbuv5EGFsNPfh6K,2HmtB6wVRRi3z0JwZHtkiD,1,1,liked,,2023-04-10T16:27:01Z,2023-04-10T16:27:01Z,,,,
2G9DDmbnROWioHtuHeA5Dr,Hordalendingen,Enslaved,Eld,1997,1997,,black metal,black metal; progressive metal; viking metal,1997,319213,False,,https://open.spotify.com/track/2G9DDmbnROWioHtuHeA5Dr,7DMbJmJnbuv5EGFsNPfh6K,2HmtB6wVRRi3z0JwZHtkiD,2,1,liked,,2023-04-10T16:27:01Z,2023-04-10T16:27:01Z,,,,
6JxJv7evietYI4aMSnVQDu,Alfablot,Enslaved,Eld,1997,1997,,black metal,black metal; progressive metal; viking metal,1997,393080,False,,https://open.spotify.com/track/6JxJv7evietYI4aMSnVQDu,7DMbJmJnbuv5EGFsNPfh6K,2HmtB6wVRRi3z0JwZHtkiD,3,1,liked,,2023-04-10T16:27:01Z,2023-04-10T16:27:01Z,,,,
2J7l55fBzN3pR4OjVuk0MX,Kvasirs Blod,Enslaved,Eld,1997,1997,,black metal,black metal; progressive metal; viking metal,1997,471413,False,,https://open.spotify.com/track/2J7l55fBzN3pR4OjVuk0MX,7DMbJmJnbuv5EGFsNPfh6K,2HmtB6wVRRi3z0JwZHtkiD,4,1,liked,,2023-04-10T16:27:01Z,2023-04-10T16:27:01Z,,,,
2d6DrRbxn58o0IxLIa43HM,For Lenge Siden,Enslaved,Eld,1997,1997,,black metal,black metal; progressive metal; viking metal,1997,488920,False,,https://open.spotify.com/track/2d6DrRbxn58o0IxLIa43HM,7DMbJmJnbuv5EGFsNPfh6K,2HmtB6wVRRi3z0JwZHtkiD,5,1,liked,,2023-04-10T16:27:01Z,2023-04-10T16:27:01Z,,,,
0tnTuXZGw0E6RXmGr0KVT6,Glemt,Enslaved,Eld,1997,1997,,black metal,black metal; progressive metal; viking metal,1997,484533,False,,https://open.spotify.com/track/0tnTuXZGw0E6RXmGr0KVT6,7DMbJmJnbuv5EGFsNPfh6K,2HmtB6wVRRi3z0JwZHtkiD,6,1,liked,,2023-04-10T16:27:01Z,2023-04-10T16:27:01Z,,,,
27vcwfCcgCaso2A0hifBT9,Loke,Enslaved,Frost,1994,1994,,black metal,black metal; progressive metal; viking metal,1994,261920,False,,https://open.spotify.com/track/27vcwfCcgCaso2A0hifBT9,788vAauAwMdVMkdlgiyzMx,2HmtB6wVRRi3z0JwZHtkiD,2,1,liked,,2023-04-10T16:27:01Z,2023-04-10T16:27:01Z,,,,
6tmJSsTQ2KShyigcycO8Nq,Jotunblod,Enslaved,Frost,1994,1994,,black metal,black metal; progressive metal; viking metal,1994,247346,False,,https://open.spotify.com/track/6tmJSsTQ2KShyigcycO8Nq,788vAauAwMdVMkdlgiyzMx,2HmtB6wVRRi3z0JwZHtkiD,6,1,liked,,2023-04-10T16:27:01Z,2023-04-10T16:27:01Z,,,,
6Mtq8jookGcEK052RgUnlc,Slaget I Skogen Bortenfor,Enslaved,Hordanes Land,1993,1993,,black metal,black metal; progressive metal; viking metal,1993,790266,False,,https://open.spotify.com/track/6Mtq8jookGcEK052RgUnlc,58z1NipwZEqGQyn0wv1XOM,2HmtB6wVRRi3z0JwZHtkiD,1,1,liked,,2023-04-10T16:27:01Z,2023-04-10T16:27:01Z,,,,
2xct83OIAOrnq3FX7QS43T,Neogenesis,Enslaved,Isa,2004,2004,,black metal,black metal; progressive metal; viking metal,2004-10-18,718386,False,,https://open.spotify.com/track/2xct83OIAOrnq3FX7QS43T,3E7YxHaWlOHiqTBHRtZL7D,2HmtB6wVRRi3z0JwZHtkiD,9,1,liked,,2023-04-10T16:27:01Z,2023-04-10T16:27:01Z,,,,
0uysqXykfblDEQyIKgcLdq,Storre Enn Tid,Enslaved,Mardraum,2000,2000,,black metal,black metal; progressive metal; viking metal,2000,606693,False,,https://open.spotify.com/track/0uysqXykfblDEQyIKgcLdq,3yybpj4kjYUA7EQ2IpvLM1,2HmtB6wVRRi3z0JwZHtkiD,1,1,liked,,2023-04-10T16:27:01Z,2023-04-10T16:27:01Z,,,,
45w3eEoOyLxscCQbNVI3r6,Daudningekvida,Enslaved,Mardraum,2000,2000,,black metal,black metal; progressive metal; viking metal,2000,210173,False,,https://open.spotify.com/track/45w3eEoOyLxscCQbNVI3r6,3yybpj4kjYUA7EQ2IpvLM1,2HmtB6wVRRi3z0JwZHtkiD,2,1,liked,,2023-04-10T16:27:01Z,2023-04-10T16:27:01Z,,,,
3wLaoNkRU2efeizAn43yAn,Entrance- Escape,Enslaved,Mardraum,2000,2000,,black metal,black metal; progressive metal; viking metal,2000,462000,False,,https://open.spotify.com/track/3wLaoNkRU2efeizAn43yAn,3yybpj4kjYUA7EQ2IpvLM1,2HmtB6wVRRi3z0JwZHtkiD,3,1,liked,,2023-04-10T16:27:01Z,2023-04-10T16:27:01Z,,,,
2TrmxyLSnSCrkNEmiAeCo6,Ormgard,Enslaved,Mardraum,2000,2000,,black metal,black metal; progressive metal; viking metal,2000,328493,False,,https://open.spotify.com/track/2TrmxyLSnSCrkNEmiAeCo6,3yybpj4kjYUA7EQ2IpvLM1,2HmtB6wVRRi3z0JwZHtkiD,4,1,liked,,2023-04-10T16:27:01Z,2023-04-10T16:27:01Z,,,,
3i7OcamfkKQ4umlIXb05b0,Aeges Draum,Enslaved,Mardraum,2000,2000,,black metal,black metal; progressive metal; viking metal,2000,282506,False,,https://open.spotify.com/track/3i7OcamfkKQ4umlIXb05b0,3yybpj4kjYUA7EQ2IpvLM1,2HmtB6wVRRi3z0JwZHtkiD,5,1,liked,,2023-04-10T16:27:01Z,2023-04-10T16:27:01Z,,,,
2pQcoAL35pOwEtK5dZUTiF,Det Endelege Riket,Enslaved,Mardraum,2000,2000,,black metal,black metal; progressive metal; viking metal,2000,318960,False,,https://open.spotify.com/track/2pQcoAL35pOwEtK5dZUTiF,3yybpj4kjYUA7EQ2IpvLM1,2HmtB6wVRRi3z0JwZHtkiD,7,1,liked,,2023-04-10T16:27:01Z,2023-04-10T16:27:01Z,,,,
5r6FPSROTJJa9exkMjn3iC,Ormgard Ii -kvalt I Kysk Hogsong,Enslaved,Mardraum,2000,2000,,black metal,black metal; progressive metal; viking metal,2000,223973,False,,https://open.spotify.com/track/5r6FPSROTJJa9exkMjn3iC,3yybpj4kjYUA7EQ2IpvLM1,2HmtB6wVRRi3z0JwZHtkiD,8,1,liked,,2023-04-10T16:27:01Z,2023-04-10T16:27:01Z,,,,
78ZrP4DOVLsNmcjtNkSDEF,Krigaren Eg Ikkie Kjende,Enslaved,Mardraum,2000,2000,,black metal,black metal; progressive metal; viking metal,2000,391800,False,,https://open.spotify.com/track/78ZrP4DOVLsNmcjtNkSDEF,3yybpj4kjYUA7EQ2IpvLM1,2HmtB6wVRRi3z0JwZHtkiD,9,1,liked,,2023-04-10T16:27:01Z,2023-04-10T16:27:01Z,,,,
1OLVRfvyc3nqjxblNL72wm,Stjerneheimen,Enslaved,Mardraum,2000,2000,,black metal,black metal; progressive metal; viking metal,2000,346026,False,,https://open.spotify.com/track/1OLVRfvyc3nqjxblNL72wm,3yybpj4kjYUA7EQ2IpvLM1,2HmtB6wVRRi3z0JwZHtkiD,10,1,liked,,2023-04-10T16:27:01Z,2023-04-10T16:27:01Z,,,,
2VrwTuDaKdeqxo4qe89p6N,Froyas Smykke,Enslaved,Mardraum,2000,2000,,black metal,black metal; progressive metal; viking metal,2000,114440,False,,https://open.spotify.com/track/2VrwTuDaKdeqxo4qe89p6N,3yybpj4kjYUA7EQ2IpvLM1,2HmtB6wVRRi3z0JwZHtkiD,11,1,liked,,2023-04-10T16:27:01Z,2023-04-10T16:27:01Z,,,,
7rk1HRzAjC5IOmgFMbxjAL,Convoys To Nothingness,Enslaved,Monumension,2001,2001,,black metal,black metal; progressive metal; viking metal,2001,478200,False,,https://open.spotify.com/track/7rk1HRzAjC5IOmgFMbxjAL,2u7LOAgv5j5h543CgViXfw,2HmtB6wVRRi3z0JwZHtkiD,1,1,liked,,2023-04-10T16:27:01Z,2023-04-10T16:27:01Z,,,,
0EbiNEE0CW7n8s5DeyMBoJ,The Voices,Enslaved,Monumension,2001,2001,,black metal,black metal; progressive metal; viking metal,2001,367000,False,,https://open.spotify.com/track/0EbiNEE0CW7n8s5DeyMBoJ,2u7LOAgv5j5h543CgViXfw,2HmtB6wVRRi3z0JwZHtkiD,2,1,liked,,2023-04-10T16:27:01Z,2023-04-10T16:27:01Z,,,,
1Ogyx4C0WJrGWqxhzKYblB,Vision : Sphere Of The Elements - A Monument Part Ii,Enslaved,Monumension,2001,2001,,black metal,black metal; progressive metal; viking metal,2001,298800,False,,https://open.spotify.com/track/1Ogyx4C0WJrGWqxhzKYblB,2u7LOAgv5j5h543CgViXfw,2HmtB6wVRRi3z0JwZHtkiD,3,1,liked,,2023-04-10T16:27:01Z,2023-04-10T16:27:01Z,,,,
78299sIZuKFeRDEnJZvAbh,Hollow Inside,Enslaved,Monumension,2001,2001,,black metal,black metal; progressive metal; viking metal,2001,338466,False,,https://open.spotify.com/track/78299sIZuKFeRDEnJZvAbh,2u7LOAgv5j5h543CgViXfw,2HmtB6wVRRi3z0JwZHtkiD,4,1,liked,,2023-04-10T16:27:01Z,2023-04-10T16:27:01Z,,,,
4oNvWdJ9D2sOoQGQ0kpdKT,The Cromlech Gate,Enslaved,Monumension,2001,2001,,black metal,black metal; progressive metal; viking metal,2001,415026,False,,https://open.spotify.com/track/4oNvWdJ9D2sOoQGQ0kpdKT,2u7LOAgv5j5h543CgViXfw,2HmtB6wVRRi3z0JwZHtkiD,5,1,liked,,2023-04-10T16:27:01Z,2023-04-10T16:27:01Z,,,,
2pwGMMiTwrs80EiAY8ge9c,Enemy I,Enslaved,Monumension,2001,2001,,black metal,black metal; progressive metal; viking metal,2001,316533,False,,https://open.spotify.com/track/2pwGMMiTwrs80EiAY8ge9c,2u7LOAgv5j5h543CgViXfw,2HmtB6wVRRi3z0JwZHtkiD,6,1,liked,,2023-04-10T16:27:01Z,2023-04-10T16:27:01Z,,,,
4O2gt5MV5tvIyii5faUO6p,Smirr,Enslaved,Monumension,2001,2001,,black metal,black metal; progressive metal; viking metal,2001,266040,False,,https://open.spotify.com/track/4O2gt5MV5tvIyii5faUO6p,2u7LOAgv5j5h543CgViXfw,2HmtB6wVRRi3z0JwZHtkiD,7,1,liked,,2023-04-10T16:27:01Z,2023-04-10T16:27:01Z,,,,
3IYvOnv165AESQEhLbpdC4,The Sleep: Floating Diversity - A Monument Part III,Enslaved,Monumension,2001,2001,,black metal,black metal; progressive metal; viking metal,2001,492933,False,,https://open.spotify.com/track/3IYvOnv165AESQEhLbpdC4,2u7LOAgv5j5h543CgViXfw,2HmtB6wVRRi3z0JwZHtkiD,8,1,liked,,2023-04-10T16:27:01Z,2023-04-10T16:27:01Z,,,,
1vCRTnBhTXuWcImxkbJSRL,Death in the Eyes of Dawn,Enslaved,Riitiir,2012,2012,,black metal,black metal; progressive metal; viking metal,2012-09-28,496720,False,,https://open.spotify.com/track/1vCRTnBhTXuWcImxkbJSRL,2rxV4vZNulqUeounxZWE33,2HmtB6wVRRi3z0JwZHtkiD,2,1,liked,,2023-04-10T16:27:01Z,2023-04-10T16:27:01Z,,,,
2sz3xZaCbKsJDzFraztQ1k,Heimvegen,Enslaved,The Sleeping Gods - Thorn,2016,2016,,black metal,black metal; progressive metal; viking metal,2016-11-11,337933,False,,https://open.spotify.com/track/2sz3xZaCbKsJDzFraztQ1k,58qq6lSrqozXezBVnrLfBB,2HmtB6wVRRi3z0JwZHtkiD,1,1,liked,,2023-04-10T16:27:01Z,2023-04-10T16:27:01Z,,,,
6KXtRXUVJoyNXKHLi7cZ4G,The Sleeping Gods,Enslaved,The Sleeping Gods - Thorn,2016,2016,,black metal,black metal; progressive metal; viking metal,2016-11-11,339590,False,,https://open.spotify.com/track/6KXtRXUVJoyNXKHLi7cZ4G,58qq6lSrqozXezBVnrLfBB,2HmtB6wVRRi3z0JwZHtkiD,5,1,liked,,2023-04-10T16:27:01Z,2023-04-10T16:27:01Z,,,,
5lv3nYamEQyEq9VDJ9MOvt,Homebound,Enslaved,Utgard,2020,2020,,black metal,black metal; progressive metal; viking metal,2020-10-02,329586,False,,https://open.spotify.com/track/5lv3nYamEQyEq9VDJ9MOvt,3pyE8Jz0N0OyRGyYVyu86s,2HmtB6wVRRi3z0JwZHtkiD,4,1,liked,,2023-04-10T16:27:01Z,2023-04-10T16:27:01Z,,,,
6FCveBKULCeSD6igPeU3za,Distant Seasons,Enslaved,Utgard,2020,2020,,black metal,black metal; progressive metal; viking metal,2020-10-02,271173,False,,https://open.spotify.com/track/6FCveBKULCeSD6igPeU3za,3pyE8Jz0N0OyRGyYVyu86s,2HmtB6wVRRi3z0JwZHtkiD,9,1,liked,,2026-01-16T07:01:53Z,2026-01-16T07:01:53Z,,,,
7kLRR1bVJSmTmzaTIY6KOG,Norvegr,Enslaved,Vikingligr Veldi,1994,1994,,black metal,black metal; progressive metal; viking metal,1994,656320,False,,https://open.spotify.com/track/7kLRR1bVJSmTmzaTIY6KOG,57OaCjNI4k5JrnKuJW2J2h,2HmtB6wVRRi3z0JwZHtkiD,5,1,liked,,2023-04-10T16:27:01Z,2023-04-10T16:27:01Z,,,,
7uNk8ooelGnfV060aEIvMS,Fire Marengo,Enslaved; Storm Weather Shanty Choir,Enslaved & Storm Weather Shanty Choir,2026,2026,,black metal,black metal; progressive metal; viking metal,2026-03-27,229275,False,,https://open.spotify.com/track/7uNk8ooelGnfV060aEIvMS,4MjAKGTzhtqaSPnzwNDqNH,2HmtB6wVRRi3z0JwZHtkiD; 0okdQDzOszSXXqigrEv6wF,1,1,liked,,2026-03-28T10:27:29Z,2026-03-28T10:27:29Z,,,,
4F6YaNy5lvHnj7VHeFeRLx,Evil Church,Enthroned,Towards The Skullthrone Of Satan,1997,1997,,black metal,black metal,1997-01-01,279133,False,,https://open.spotify.com/track/4F6YaNy5lvHnj7VHeFeRLx,5SqZjTDXF71ADwqOMn8KYo,5lmT6zZl7aPNg8hv5UrJGz,4,1,liked,,2025-02-10T11:22:48Z,2025-02-10T11:22:48Z,,,,
5faD0zZ9fMa3J5ZN3lIWtp,Left Hand Path,Entombed,Left Hand Path,1990,1990,,death metal,death metal; death 'n' roll; filk; death-metal / death 'n' roll,1990,399093,False,,https://open.spotify.com/track/5faD0zZ9fMa3J5ZN3lIWtp,5nrZejD99ZmAXrmrouIJcU,2pnezMcaiTHfGmgmGQjLsB,1,1,liked,,2024-10-25T11:48:43Z,2024-10-25T11:48:43Z,,,,
6WBdwdLLif4kuG3s6ot8uB,Wolverine Blues,Entombed,Wolverine Blues,1993,1993,,death metal,death metal; death 'n' roll; filk; death-metal / death 'n' roll,1993-10-04,133066,False,,https://open.spotify.com/track/6WBdwdLLif4kuG3s6ot8uB,1CZwyjL96gGx4PryOIFNYn,2pnezMcaiTHfGmgmGQjLsB,3,1,liked,,2023-04-10T16:27:02Z,2023-04-10T16:27:02Z,,,,
2nKcythNgNkBXO8RIHx7Ug,The Kingdom is Ours,Erang; Fief,The Kingdom is Ours,2024,2024,,dungeon synth,dungeon synth; electronic; ambient; black metal; neo-medieval folk,2024-08-16,303513,False,,https://open.spotify.com/track/2nKcythNgNkBXO8RIHx7Ug,4aOaskwVBcIs1XjTdxLsgJ,084f5VMGkCRs4mV96QhJUM; 6wrcXTfXvKpP1HMpox9612,6,1,liked,,2025-01-19T16:09:56Z,2025-01-19T16:09:56Z,,,,
3DF5BOE6H1DPBHFsMxCG1o,Awakening,Ereb Altor,By Honour,2008,2008,,viking metal,viking metal; black metal; doom metal; viking/black-metal,2008-06-20,487373,False,,https://open.spotify.com/track/3DF5BOE6H1DPBHFsMxCG1o,3utzwHg53r9uCokntuDd9U,11sL6ZJmmfutSoWopcXbFm,2,1,liked,,2023-04-10T16:27:02Z,2023-04-10T16:27:02Z,,,,
6qvtiA4wQQliK6K7oRdovk,Green Eyes,Erykah Badu,Mama's Gun,2000,2000,,soul,soul; contemporary r&b; hip hop; funk; neo soul,2000-10-31,604973,True,,https://open.spotify.com/track/6qvtiA4wQQliK6K7oRdovk,3cADvHRdKniF9ELCn1zbGH,7IfculRW2WXyzNQ8djX8WX,14,1,liked,,2023-04-10T16:27:02Z,2023-04-10T16:27:02Z,,,,
5m078lgULhHDTKOUkyl1Al,Slow Wave,Esben and the Witch,Wash the Sins Not Only the Face,2013,2013,,post-rock,post-rock; indie rock; shoegaze; post-punk; alternative rock,2013-01-21,275720,False,,https://open.spotify.com/track/5m078lgULhHDTKOUkyl1Al,4rNhJ9spDTFSXo95Ce4jFw,5e9048O5CDVvCgSmUEJA06,2,1,liked,,2023-04-10T16:27:02Z,2023-04-10T16:27:02Z,,,,
7j0XcnG68d0W3Voaj6AMWE,Shimmering,Esben and the Witch,Wash the Sins Not Only the Face,2013,2013,,post-rock,post-rock; indie rock; shoegaze; post-punk; alternative rock,2013-01-21,273853,False,,https://open.spotify.com/track/7j0XcnG68d0W3Voaj6AMWE,4rNhJ9spDTFSXo95Ce4jFw,5e9048O5CDVvCgSmUEJA06,4,1,liked,,2023-04-10T16:27:02Z,2023-04-10T16:27:02Z,,,,
1SZhIxhUU7Q0fhElyTQn7n,Friend of War,Eternal Champion,Friend of War,2026,2026,,heavy metal,heavy metal; epic heavy metal; american metal; epic metal; true metal,2026-03-06,789453,False,,https://open.spotify.com/track/1SZhIxhUU7Q0fhElyTQn7n,5q5lDkv3b6iQA17qTQbPbD,29xyQODvISPKNLgvvPqsA9,1,1,liked,,2026-03-20T07:07:06Z,2026-03-20T07:07:06Z,,,,
7l62ZHGGXNLiNVRprmTuzg,Yslsl,Eternal Champion,Friend of War,2026,2026,,heavy metal,heavy metal; epic heavy metal; american metal; epic metal; true metal,2026-03-06,1083819,False,,https://open.spotify.com/track/7l62ZHGGXNLiNVRprmTuzg,5q5lDkv3b6iQA17qTQbPbD,29xyQODvISPKNLgvvPqsA9,2,1,liked,,2026-03-21T06:24:24Z,2026-03-21T06:24:24Z,,,,
3orX7EjW9C6tr1nHRfx6C2,The River Flows Frozen,Eternal Tears Of Sorrow,A Virgin And A Whore,2001,2001,,melodic death metal,melodic death metal; death metal; symphonic metal,2001-01-01,347200,False,,https://open.spotify.com/track/3orX7EjW9C6tr1nHRfx6C2,3jP2LK5eNSqMqqKhond11q,3rdFnKhyWhTivuBFSH4YT3,5,1,liked,,2023-04-10T16:27:02Z,2023-04-10T16:27:02Z,,,,
3E7UC3uH27jQEhpnbx4WXB,Sgt. Says Kill,Evil Army,Evil Army,2010,2010,,thrash metal,thrash metal,2010-05-01,111786,False,,https://open.spotify.com/track/3E7UC3uH27jQEhpnbx4WXB,2XnUrnlalf74SVaLS4CqBc,6S0yjr3yo6qMQBxGSaspPx,6,1,liked,,2024-11-08T12:40:05Z,2024-11-08T12:40:05Z,,,,
7dS7SGRjyddX82qEFAwLAl,My Journey into Cold Infinity,Evilfeast,Isenheimen,2018,2018,,atmospheric black metal,atmospheric black metal,2018-11-23,602920,False,,https://open.spotify.com/track/7dS7SGRjyddX82qEFAwLAl,0Rg7FM7ePk4gatEDtCk6yM,5wnDSNOpVzG3iMuBd2kvjK,3,1,liked,,2023-04-10T16:27:02Z,2023-04-10T16:27:02Z,,,,
4yiiY4ZsXFFpzacCv419cD,Matins,Evoken,Matins,2025,2025,,funeral doom metal,funeral doom metal; death metal; doom metal; death doom metal; death-doom metal,2025-08-18,595700,False,,https://open.spotify.com/track/4yiiY4ZsXFFpzacCv419cD,6xzgcrgmMeOFBnPjAEVg9E,1LCcrzGpwygmH6pxvLXI3i,1,1,liked,,2025-09-05T07:42:36Z,2025-09-05T07:42:36Z,,,,
4iK7LoPc3IVoFeygvbXkWG,Set Yourself Apart (Demo Version),Excel,Split Image,2014,2014,,crossover thrash,crossover thrash; hardcore punk; alternative metal; hardcore; thrash metal,2014-09-30,143373,False,,https://open.spotify.com/track/4iK7LoPc3IVoFeygvbXkWG,2EAOyM8IXcOew0ZbvZRh3K,7a6NJqMhOHFRgKb61tNm2P,17,1,liked,,2026-01-28T07:18:05Z,2026-01-28T07:18:05Z,,,,
5ovHCQuqOG0VZp2PoUKeBD,A Crutch for Consolation,Execration,Odes of the Occult,2011,2011,,death metal,death metal,2011-08-15,677533,False,,https://open.spotify.com/track/5ovHCQuqOG0VZp2PoUKeBD,688kStTHFG4UXX9M5EH4ys,42qpYEkV8ntVLixBhmlPM9,5,1,liked,,2023-04-10T16:27:02Z,2023-04-10T16:27:02Z,,,,
5cWI997lM9oKlX9y3urHcm,Shovelhead,Exhumed,Red Asphalt,2026,2026,,death metal,death metal; grindcore; goregrind; deathgrind,2026-02-20,174986,False,,https://open.spotify.com/track/5cWI997lM9oKlX9y3urHcm,1jY4W3qRjVJVCrpvZrShDu,2OjtmMho2pBS86zQ1PliRu,4,1,liked,,2026-03-07T09:37:12Z,2026-03-07T09:37:12Z,,,,
1iJRCfV3qbbCrxzpAcqMvY,Dambala,Exuma,"Exuma, The Obeah Man",1970,1970,,junkanoo,junkanoo; avant-folk,1970-01-01,339066,False,,https://open.spotify.com/track/1iJRCfV3qbbCrxzpAcqMvY,5aLromUeRYqVHVX55ZfKjm,00WeoVQbYetdrq9rbkVoLj,2,1,liked,,2023-04-10T16:27:02Z,2023-04-10T16:27:02Z,,,,
2O1cAE5g9CNU5j9JWQs1fD,New Orleans Is the New Vietnam,Eyehategod,New Orleans Is the New Vietnam,2012,2012,,sludge metal,sludge metal,2012-09-11,248453,False,,https://open.spotify.com/track/2O1cAE5g9CNU5j9JWQs1fD,3p9arL3eBsmV2Wkkxkvjrv,3BRjxpDVT56Y2G5dS3xYZS,1,1,liked,,2023-10-24T07:00:10Z,2023-10-24T07:00:10Z,,,,
3hxOUdnf1zeY2RoH7ozob5,Iron Gate,Faetooth,Labyrinthine,2025,2025,,doom metal,doom metal; stoner metal; sludge metal; shoegaze; fairy-doom metal,2025-09-05,241114,False,,https://open.spotify.com/track/3hxOUdnf1zeY2RoH7ozob5,3WOLRTjNMQBPzHB1wgFYev,6bAM7jeIX4pI5lZ0QoSZjt,1,1,liked,,2025-09-15T12:21:15Z,2025-09-15T12:21:15Z,,,,
13oX4vWjcoZNczS6AF7RT9,It feels like i start over again,Faience Knife,ἀλκυών,2021,2021,,noise,noise; shoegaze; ambient; experimental; dream pop,2021-09-07,193337,False,,https://open.spotify.com/track/13oX4vWjcoZNczS6AF7RT9,3lqLIts5JnWxgspFALGkE1,4hQOWxvWv9RG1J2kpR8ZDv,1,1,liked,,2023-04-10T16:27:02Z,2023-04-10T16:27:02Z,,,,
5zyO4oCgMIFGGbFhktMyc9,Genesis Hall,Fairport Convention,Unhalfbricking,1969,1969,,folk rock,folk rock; british folk-rock; british folk rock; psychedelic folk; electric folk,1969-07,217840,False,,https://open.spotify.com/track/5zyO4oCgMIFGGbFhktMyc9,7isYifHXAT7wbuxbJziBG3,2LIdnZDzySb04oH40be1fR,1,1,liked,,2023-04-10T16:27:02Z,2023-04-10T16:27:02Z,,,,
1gJ102uytr61D94SPsnUab,Last Cup of Sorrow,Faith No More,Album of the Year,1997,1997,,alternative metal,alternative metal; alternative rock; funk metal; experimental; post-punk,1997-06-03,260733,False,,https://open.spotify.com/track/1gJ102uytr61D94SPsnUab,15eiCGvldXlDbIz9ZQLmw6,6GbCJZrI318Ybm8mY36Of5,3,1,liked,,2023-04-10T16:27:02Z,2023-04-10T16:27:02Z,,,,
0cLH7BXqfm0RqnjueCPLfW,Evidence,Faith No More,"King for a Day, Fool for a Lifetime",1995,1995,,alternative metal,alternative metal; alternative rock; funk metal; experimental; post-punk,1995-04-25,294240,False,,https://open.spotify.com/track/0cLH7BXqfm0RqnjueCPLfW,198GsVgwHgoas39b8TcPYp,6GbCJZrI318Ybm8mY36Of5,3,1,liked,,2023-04-10T16:27:02Z,2023-04-10T16:27:02Z,,,,
34j1Xz5yNumb4Yh5IoXTio,Vanadis,Falkenbach,OK Nefna Tysvar Ty,2003,2003,,folk metal,folk metal; viking metal; black metal; pagan black metal; pagan metal,2003-11-03,565346,False,,https://open.spotify.com/track/34j1Xz5yNumb4Yh5IoXTio,1O2MvpABx8qGoUDAPUXPrM,2RyAx3MPzx4ESZOJOod2Hj,1,1,liked,,2023-04-10T16:27:02Z,2023-04-10T16:27:02Z,,,,
5cgpsZHqPMr0sFHinDfsRy,Banished,Falls of Rauros,The Light That Dwells in Rotten Wood,2016,2016,,black metal,black metal; folk metal; atmospheric black metal,2016-06-03,647266,False,,https://open.spotify.com/track/5cgpsZHqPMr0sFHinDfsRy,3KTvpVPF3pW8mso2Vji9tv,4Y5CKbAT8fHWEbpLGFNygB,2,1,liked,,2023-04-10T16:27:02Z,2023-04-10T16:27:02Z,,,,
3PBNyHiDhIBKfsU7GqMew3,Syrinx,Fauna,Avifauna,2012,2012,,atmospheric black metal,atmospheric black metal; black metal; dark ambient,2012-12-21,1364100,False,,https://open.spotify.com/track/3PBNyHiDhIBKfsU7GqMew3,0jy59YrQg6ey8Fxm88xNxw,4vUzaNmqmEXu5kuDTthbtu,3,1,liked,,2023-04-10T16:27:02Z,2023-04-10T16:27:02Z,,,,
1xHiEfJOdRuyN7Pcz77LVd,Enhanced Reality,Fear Factory,Genexus,2015,2015,,industrial metal,industrial metal; death metal; alternative metal; groove metal; industrial,2015-08-07,336386,False,,https://open.spotify.com/track/1xHiEfJOdRuyN7Pcz77LVd,3F26tyiW5NcQeluq3sLjSA,74Hj7BmnUXyx2udrIEIKwX,12,1,liked,,2025-08-04T08:29:12Z,2025-08-04T08:29:12Z,,,,
2nZTTxx05RW5MRpYFlxXEC,Carrier of echoes,Fen,Epoch,2011,2011,,atmospheric black metal,atmospheric black metal; black metal; blackgaze; post-metal; post-rock,2011-01-20,638333,False,,https://open.spotify.com/track/2nZTTxx05RW5MRpYFlxXEC,7LExoe3y3EEIUKtCZsDsUP,1MlFNDlH2naWutA9C0nNVB,5,1,liked,,2023-04-10T16:27:02Z,2023-04-10T16:27:02Z,,,,
45rN3Q2gHrclBPblh9O2Jl,"Jon Carter, Man on Mars",Fenriz Red Planet,Engangsgrill,2012,2012,,heavy metal,heavy metal; hard rock,2012-05-25,336173,False,,https://open.spotify.com/track/45rN3Q2gHrclBPblh9O2Jl,7azA5di4oD1FzHIp9A7SWD,0uHxKtSV7cjggX0zaxl0g4,2,1,liked,,2023-04-10T16:27:02Z,2023-04-10T16:27:02Z,,,,
0xhyLELHOsmVnxUk07dl5z,Tesuque,FERNDOM,Tesuque,2026,2026,,dark ambient,dark ambient; neofolk,2026-02-20,126000,False,,https://open.spotify.com/track/0xhyLELHOsmVnxUk07dl5z,2x9Gaj6PAdqmlU0270hzoF,3soqEELQhS2q1aAm1IWRFi,4,1,liked,,2026-03-16T12:41:43Z,2026-03-16T12:41:43Z,,,,
5SyrOyKWsERUBZXUZuYcwz,If I Had a Heart,Fever Ray,If I Had a Heart,2009,2009,,electronic,electronic; art pop; electropop; trip hop; idm,2009-01-01,228893,False,,https://open.spotify.com/track/5SyrOyKWsERUBZXUZuYcwz,0YH7mxL4tiZuyDItTwa9o3,5hE6NCoobhyEu6TRSbjOJY,1,1,liked,,2023-04-10T16:27:02Z,2023-04-10T16:27:02Z,,,,
1yDYHl8cCbzbd4YRN3cDdJ,Festival of the Whirling Blades,Fief,VI,2024,2024,,dungeon synth,dungeon synth; electronic; ambient; neo-medieval folk,2024-11-15,281286,False,,https://open.spotify.com/track/1yDYHl8cCbzbd4YRN3cDdJ,53nJevYGzaVr9wiTf2Zyqf,6wrcXTfXvKpP1HMpox9612,5,1,liked,,2025-05-12T13:06:47Z,2025-05-12T13:06:47Z,,,,
00Lx2f8NRiFKMGWa0GBGEt,And There Will Your Heart Be Also,Fields Of The Nephilim,Elizium,1990,1990,,gothic rock,gothic rock; goth rock; post-punk; classic pop and rock,1990,457040,False,,https://open.spotify.com/track/00Lx2f8NRiFKMGWa0GBGEt,5hFGua73w06tkEYkvA03kB,3m8KqUjgKDwmJ9L9uBHMMs,8,1,liked,,2023-04-10T16:27:02Z,2023-04-10T16:27:02Z,,,,
2s89ZQAWR4ClynVUjX8xA1,Bringing on the Heartbreak,Fiend Without A Face,Fiend Without a Face,2017,2017,,rockabilly,rockabilly; psychobilly; surf; surf rock,2017-08-25,266053,False,,https://open.spotify.com/track/2s89ZQAWR4ClynVUjX8xA1,0rdqT91lrYo34i6NL8waye,1ot1JEuPQ4UI0FS3RJiXTe,3,1,liked,,2023-04-10T16:27:02Z,2023-04-10T16:27:02Z,,,,
36VJjV2BL2fvxQT8wEjchZ,The Apparition,Final Gasp,New Day Symptoms,2026,2026,,punk,punk; metal,2026-02-27,258997,False,,https://open.spotify.com/track/36VJjV2BL2fvxQT8wEjchZ,6TqVNtcJLE0OonDrunjPBN,37fUpnBI9H1N6BLTs5nkcD,3,1,liked,,2026-03-07T08:32:23Z,2026-03-07T08:32:23Z,,,,
5e9TFTbltYBg2xThimr0rU,The Chain - 2004 Remaster,Fleetwood Mac,Rumours (Super Deluxe),1977,1977,,soft rock,soft rock; blues rock; pop rock; british blues; folk rock,1977-02-04,270213,False,,https://open.spotify.com/track/5e9TFTbltYBg2xThimr0rU,0BwWUstDMUbgq2NYONRqlu,08GQAI4eElDnROBrJRGE0X,7,1,liked,,2023-04-10T16:27:02Z,2023-04-10T16:27:02Z,,,,
1hRRp3uMap1ZfN7ulNal3T,"This, If Anything",Fleshwater,Demo,2020,2020,,alternative metal,alternative metal; shoegaze; post-hardcore,2020-02-14,159434,False,,https://open.spotify.com/track/1hRRp3uMap1ZfN7ulNal3T,2yWdfejXTvMsUOafpKs4gI,6P5ccCJCe8A4s9tDSTNFzF,2,1,liked,,2024-07-06T19:02:19Z,2024-07-06T19:02:19Z,,,,
2RUAwA8adRUuDKcyiQROEA,Fragmenter Av En Fremtid - Remastered,Fleurety,Min Tid Skal Komme (Remastered),1995,1995,,avant-garde metal,avant-garde metal; progressive metal; avant-garde black metal; black metal; poetry,1995-01-01,336000,False,,https://open.spotify.com/track/2RUAwA8adRUuDKcyiQROEA,32WAKipjpiiUzpHMCoTc36,2MBR2GJputTa6en1jxH6LO,5,1,liked,,2023-04-10T16:27:02Z,2023-04-10T16:27:02Z,,,,
7idtF4Y7u4E46vIQFLGZb8,Picking Flax,Flickers from the Fen,Stoned in Gielinor,2023,2023,,ambient,ambient; dungeon synth,2023-03-03,161957,False,,https://open.spotify.com/track/7idtF4Y7u4E46vIQFLGZb8,0VXQ70KjRXr542LBUlc3jL,4wZ80S3wn5noPn1t8wwC2F,7,1,liked,,2025-09-20T13:34:11Z,2025-09-20T13:34:11Z,,,,
5XclQDDBhhO7CRxH42NwCb,Swords for All,Flickers from the Fen,Stoned in Gielinor III,2026,2026,,ambient,ambient; dungeon synth,2026-02-20,136952,False,,https://open.spotify.com/track/5XclQDDBhhO7CRxH42NwCb,0wDGDuVfDoYFMF1px1bcbH,4wZ80S3wn5noPn1t8wwC2F,9,1,liked,,2026-03-10T06:28:53Z,2026-03-10T06:28:53Z,,,,
1QPZqqiNG7kXhBeJFa7WxX,Echoes of Journeys Past,Flight,Echoes of Journeys Past,2023,2023,,heavy metal,heavy metal; hard rock; progressive rock,2023-05-11,257250,False,,https://open.spotify.com/track/1QPZqqiNG7kXhBeJFa7WxX,2lvgazU3YJZf6lgEsXuZW9,5vJq40wjazb7eDp3sh9twD,1,1,liked,,2024-12-04T05:30:33Z,2024-12-04T05:30:33Z,,,,
6eQe3ggyJgiP50GhcSPg68,Mystic Mountain: The Gates of the Destroyer / Transformation / Return to Forever / Stardust,Flight,Echoes of Journeys Past,2023,2023,,heavy metal,heavy metal; hard rock; progressive rock,2023-07-28,568000,False,,https://open.spotify.com/track/6eQe3ggyJgiP50GhcSPg68,6DiT3GBF6igHnC66WTpAzE,5vJq40wjazb7eDp3sh9twD,7,1,liked,,2024-10-20T15:00:54Z,2024-10-20T15:00:54Z,,,,
1g87jFbDHTUZyPTzVTM16z,Merlin,Flowing Tears,Serpentine,2002,2002,,gothic metal,gothic metal,2002-07-16,203693,False,,https://open.spotify.com/track/1g87jFbDHTUZyPTzVTM16z,0GNt9ijQYG6gADNALOV66S,0BwzmuzuA4X6IMBeltvFdL,10,1,liked,,2024-01-23T07:14:01Z,2024-01-23T07:14:01Z,,,,
1DxNQ3H3sIRnMHkaR2wGL4,Nasleep,Fluisteraars,Bloem,2020,2020,,black metal,black metal; atmospheric black metal; post-black metal,2020-02-28,464666,False,,https://open.spotify.com/track/1DxNQ3H3sIRnMHkaR2wGL4,3DdVMCnYuR5MdB0uAxEvJc,51xjQsqn95MC8DlAVEO4cm,2,1,liked,,2023-04-10T16:27:02Z,2023-04-10T16:27:02Z,,,,
6hXdDxSd0GsRIRgkVLbuzx,Bowie Knife,FLY!,Bowie Knife,2025,2025,,rap,rap; hip hop; southern hip hop; memphis rap,2025-04-16,202346,False,,https://open.spotify.com/track/6hXdDxSd0GsRIRgkVLbuzx,0zn1gki5q2YuXdZJEWlpkv,7hGDGZ4RQPCdqfLcRbyyxM,1,1,liked,,2026-01-30T12:25:42Z,2026-01-30T12:25:42Z,,,,
0K6U1cwEYZyoWRuf9ItuIE,Cadence,Flying Colors,Third Degree,2019,2019,,progressive rock,progressive rock; eclectic prog; prog related,2019-10-04,460325,False,,https://open.spotify.com/track/0K6U1cwEYZyoWRuf9ItuIE,36tjJmRAztF6E0JOsMgK4o,7vdTrczuBydSrfUcoruaeX,3,1,liked,,2023-04-10T16:27:02Z,2023-04-10T16:27:02Z,,,,
0LiyqVSNN07YMBKdnPhI8A,City Lights,FM Attack,City Lights,2022,2022,,synthwave,synthwave,2022-07-15,200019,False,,https://open.spotify.com/track/0LiyqVSNN07YMBKdnPhI8A,3mw1X0nqWBSSWlGrbBYkCc,6nPggL1KGOD5Ba0yK0cxmb,1,1,liked,,2024-07-28T06:46:15Z,2024-07-28T06:46:15Z,,,,
6DTp1lInphWvQtCNbJoJ2N,Spell-woven,Fogweaver,Fogweaver,2019,2019,,dungeon synth,dungeon synth; ambient; medieval ambient; fantasy ambient; medieval,2019-04-12,268442,False,,https://open.spotify.com/track/6DTp1lInphWvQtCNbJoJ2N,6nloPKnprygekON1obuN1E,1NZxAcu6tVvGjKWNkSxzaP,1,1,liked,,2024-12-22T08:50:19Z,2024-12-22T08:50:19Z,,,,
6yFTE59RCc9iA5dJlWwcL1,Rites of the Nameless Ones,Fogweaver,Labyrinthine,2022,2022,,dungeon synth,dungeon synth; ambient; medieval ambient; fantasy ambient; medieval,2022-02-18,312901,False,,https://open.spotify.com/track/6yFTE59RCc9iA5dJlWwcL1,4Q2VEMtymLyPLGH6y4xIro,1NZxAcu6tVvGjKWNkSxzaP,1,1,liked,,2023-04-10T16:27:02Z,2023-04-10T16:27:02Z,,,,
7cxqXMPGjsd0NnIEbcNKHa,Ten Years,Follow Fashion Monkeys,Inner Ear Infection,2010,2010,,punk,punk,2010-01-01,136586,False,,https://open.spotify.com/track/7cxqXMPGjsd0NnIEbcNKHa,1ApBvigPRhowp7FzsiuD6k,2yXBlMEgYMicUT7HHegWFb,1,1,liked,,2026-01-30T06:20:34Z,2026-01-30T06:20:34Z,,,,
5QbDGQdwnrfxWuBDhNMVMN,Greven,Fontän,Fontän,2017,2017,,krautrock,krautrock; neo-psychedelia; balearic beat,2017-05-26,365797,False,,https://open.spotify.com/track/5QbDGQdwnrfxWuBDhNMVMN,0kyJHCH5zr45XB4ZXnl9cg,6EXurtehkPBoE9zRRHW9sO,2,1,liked,,2023-04-10T16:27:02Z,2023-04-10T16:27:02Z,,,,
7v0mtl6oInUtHOmTk2b0gC,Rope,Foo Fighters,Wasting Light,2011,2011,,alternative rock,alternative rock; post-grunge; hard rock; grunge; indie rock,2011-04-12,258039,False,,https://open.spotify.com/track/7v0mtl6oInUtHOmTk2b0gC,5lnQLEUiVDkLbFJHXHQu9m,7jy3rLJdDQY21OgRLCZ9sD,2,1,liked,,2023-04-10T16:27:02Z,2023-04-10T16:27:02Z,,,,
08onVqQ8YicJ98Ycm1qoLf,Urgent,Foreigner,4 (Expanded),1981,1981,,pop rock,pop rock; hard rock; soft rock; aor; classic rock,1981,271200,False,,https://open.spotify.com/track/08onVqQ8YicJ98Ycm1qoLf,2Pw51hAGvWpTA3AYl2WVuu,6IRouO5mvvfcyxtPDKMYFN,6,1,liked; playlist,80's,2023-04-10T16:27:02Z,2023-05-21T09:33:40Z,,,,
0WapisGaQAkdtuGEJjWSC2,Girl on the Moon,Foreigner,4 (Expanded),1981,1981,,pop rock,pop rock; hard rock; soft rock; aor; classic rock,1981,232800,False,,https://open.spotify.com/track/0WapisGaQAkdtuGEJjWSC2,2Pw51hAGvWpTA3AYl2WVuu,6IRouO5mvvfcyxtPDKMYFN,9,1,liked,,2023-04-10T16:27:02Z,2023-04-10T16:27:02Z,,,,
68jT1KrfRPGAtpg0f5ESPi,Submission,Forest of Shadows,Six Waves of Woe,2009,2009,,funeral doom metal,funeral doom metal; doom metal,2009-01-01,409386,False,,https://open.spotify.com/track/68jT1KrfRPGAtpg0f5ESPi,0oUPePLNy7B7MT7nN5SbKF,0gBqFCwMICDkZe31IQSQeS,1,1,liked,,2023-04-10T16:27:02Z,2023-04-10T16:27:02Z,,,,
2Okj8y3ILlXHLfhFV7OKJV,Arcane Mystic,Forming the Void,Rift,2018,2018,,ambient rock,ambient rock; stoner; hard rock; desert rock; doom,2018-08-17,295521,False,,https://open.spotify.com/track/2Okj8y3ILlXHLfhFV7OKJV,6QIg45ngAVi9Ic2pzcKWf6,4VSEqckiFLO2SOuSKAlXTv,3,1,liked,,2024-03-28T16:49:19Z,2024-03-28T16:49:19Z,,,,
7Iqhyrcr6ZhxscqokCZmdn,Faen!,Formloff,Spyhorelandet,2012,2012,,avant-garde metal,avant-garde metal; black metal,2012-03-12,223653,False,,https://open.spotify.com/track/7Iqhyrcr6ZhxscqokCZmdn,3cky693Lzb40cLCdaLFp1n,4oR2mkYhQ4dSXHCYAXnx4R,4,1,liked,,2023-04-10T16:27:02Z,2023-04-10T16:27:02Z,,,,
5ytgjZ60n0LjsYavcCd0OE,Drokkne I Ei Flo Ta Åske,Formloff,Spyhorelandet,2012,2012,,avant-garde metal,avant-garde metal; black metal,2012-03-12,442560,False,,https://open.spotify.com/track/5ytgjZ60n0LjsYavcCd0OE,3cky693Lzb40cLCdaLFp1n,4oR2mkYhQ4dSXHCYAXnx4R,9,1,liked,,2023-04-11T15:59:14Z,2023-04-11T15:59:14Z,,,,
05bqkMhjyiQ4jgA59RULsX,Den grymma hästen,Forndom,Dauðra Dura,2016,2016,,ritual ambient,ritual ambient; neo-pagan folk; neofolk; pagan folk; swedish folk,2016-01-29,318000,False,,https://open.spotify.com/track/05bqkMhjyiQ4jgA59RULsX,4ClO0DoakAfPKSVxGsbPtF,1DO3ytbfXlJUOoy77yH7IH,2,1,liked,,2024-05-23T06:56:47Z,2024-05-23T06:56:47Z,,,,
0kMEWRJbERBFZyFxV6ut6Z,Pygmy Twylyte - Live,Frank Zappa,A Token Of His Extreme (Live),2013,2013,,art rock,art rock; jazz fusion; experimental rock,2013-11-21,466506,False,,https://open.spotify.com/track/0kMEWRJbERBFZyFxV6ut6Z,4GVOwJE90fDg16WWnttarn,6ra4GIOgCZQZMOaUECftGN,6,1,liked,,2023-04-10T16:27:02Z,2023-04-10T16:27:02Z,,,,
0wh63gq8I3UkBszJOsFCnd,Don't Eat The Yellow Snow - Single Edit,Frank Zappa,Apostrophe (') [50th Anniversary Super Deluxe],2024,2024,,art rock,art rock; jazz fusion; experimental rock,2024-09-13,216880,False,,https://open.spotify.com/track/0wh63gq8I3UkBszJOsFCnd,3xDdgUwmR5LqrFS5GmGR7W,6ra4GIOgCZQZMOaUECftGN,22,3,liked,,2024-09-20T06:54:40Z,2024-09-20T06:54:40Z,,,,
3rdooRuApEUfcOyH7ibvK0,Whipping Post - Live At The Palladium - 10/31/81 - Show 1,Frank Zappa,Halloween 81,2020,2020,,art rock,art rock; jazz fusion; experimental rock,2020-10-02,426426,False,,https://open.spotify.com/track/3rdooRuApEUfcOyH7ibvK0,04zuj09fa5q1lpJYsf7z7M,6ra4GIOgCZQZMOaUECftGN,12,2,liked,,2023-04-10T16:27:02Z,2023-04-10T16:27:02Z,,,,
33CKvLNPtswEBhtHhxGrpY,If Only She Woulda,Frank Zappa,You Are What You Is,1981,1981,,art rock,art rock; jazz fusion; experimental rock,1981-09-23,227546,False,,https://open.spotify.com/track/33CKvLNPtswEBhtHhxGrpY,2pY7S6zvkALbtQU7qSwc2d,6ra4GIOgCZQZMOaUECftGN,19,1,liked,,2023-04-10T16:27:02Z,2023-04-10T16:27:02Z,,,,
0yPOyauznj1eDGsEJZeUiD,"I Ain’t Got No Heart - Live At Nassau Coliseum, Uniondale, NY 3/25/88",Frank Zappa,Zappa '88: The Last U.S. Show,2021,2021,,art rock,art rock; jazz fusion; experimental rock,2021-06-18,119200,False,,https://open.spotify.com/track/0yPOyauznj1eDGsEJZeUiD,4tZnzmbfXRwgz7RcqeCKSa,6ra4GIOgCZQZMOaUECftGN,3,1,liked,,2023-04-10T16:27:02Z,2023-04-10T16:27:02Z,,,,
2KfjGQ3MjL1PlRsf2xUH5s,Muffin Man,Frank Zappa; Captain Beefheart; The Mothers,Bongo Fury (Live),1975,1975,,art rock,art rock; jazz fusion; experimental rock,1975-10-02,337733,False,,https://open.spotify.com/track/2KfjGQ3MjL1PlRsf2xUH5s,0u4GsfF3p8pt7BVSHIZq2N,6ra4GIOgCZQZMOaUECftGN; 2ebK4ueGwhVaXUm060m1BS; 6O2r6FHJL6hRJxBI5TUn0K,9,1,liked,,2023-04-10T16:27:02Z,2023-04-10T16:27:02Z,,,,
6Ln5KqJbn672z67ZowD2pu,Camarillo Brillo,Frank Zappa; The Mothers,Over-Nite Sensation,1973,1973,,art rock,art rock; jazz fusion; experimental rock,1973-09-07,239760,False,,https://open.spotify.com/track/6Ln5KqJbn672z67ZowD2pu,3QrEk9Va9qO4uobczNUtqe,6ra4GIOgCZQZMOaUECftGN; 6O2r6FHJL6hRJxBI5TUn0K,1,1,liked,,2023-04-10T16:27:02Z,2023-04-10T16:27:02Z,,,,
0txIkFgdvURMOn35C2fvI3,Inca Roads,Frank Zappa; The Mothers Of Invention,One Size Fits All,1975,1975,,art rock,art rock; jazz fusion; experimental rock,1975-06-25,525293,False,,https://open.spotify.com/track/0txIkFgdvURMOn35C2fvI3,4mp2SC1Wq9jZJINGPAKv0V,6ra4GIOgCZQZMOaUECftGN; 3P2gYnypDVi90ZavnaAhfL,1,1,liked,,2023-04-10T16:27:02Z,2023-04-10T16:27:02Z,,,,
72k7Q2YcTWz8QfXQvg5Mze,Florentine Pogen,Frank Zappa; The Mothers Of Invention,One Size Fits All,1975,1975,,art rock,art rock; jazz fusion; experimental rock,1975-06-25,325893,False,,https://open.spotify.com/track/72k7Q2YcTWz8QfXQvg5Mze,4mp2SC1Wq9jZJINGPAKv0V,6ra4GIOgCZQZMOaUECftGN; 3P2gYnypDVi90ZavnaAhfL,5,1,liked,,2026-01-31T09:44:21Z,2026-01-31T09:44:21Z,,,,
4V8ITBKT7YyOR0NZrFkoQW,Kvrt in Space,Fraunhofer Diffraction,Scattering,2013,2013,,electronic,electronic; ambient; dark ambient; witch house,2013-08-13,322758,False,,https://open.spotify.com/track/4V8ITBKT7YyOR0NZrFkoQW,11wLpINVlBO5fY8XJKgFGq,3s001vzLUM01WSssGvHhXA,8,1,liked,,2025-09-08T10:40:24Z,2025-09-08T10:40:24Z,,,,
7bSBrmuDIKpRm9PXT8ffat,Summertime Sadness,Frayle,Summertime Sadness,2025,2025,,doom metal,doom metal; stoner rock; hard rock; heavy rock; doom rock,2025-08-05,266785,False,,https://open.spotify.com/track/7bSBrmuDIKpRm9PXT8ffat,5JnMm5ravnwFtOKRS62kWB,0qsMpawuC9W6kQlbu1mbo1,1,1,liked,,2025-08-16T13:13:54Z,2025-08-16T13:13:54Z,,,,
3dVSAiXRkETggzsxDYgh9J,Gods of the Gilded Tongue,Fred de Boer,The Now Pantheon (Raw Sessions 2025),2025,2025,,trance,trance; electronic; classical; jungle; chillout,2025-12-15,674500,False,,https://open.spotify.com/track/3dVSAiXRkETggzsxDYgh9J,7x4doZkRn15ObEgYjMGybQ,66RD97c70KbXtLAJ9bbkMe,4,1,liked,,2025-12-29T10:11:02Z,2025-12-29T10:11:02Z,,,,
4qosMDpZGpxhK7WAklnvws,Fire,Free Whenever,Fire,2025,2025,,psychedelic rock,psychedelic rock; space rock; synthwave; desert rock; stoner rock,2025-07-11,242420,False,,https://open.spotify.com/track/4qosMDpZGpxhK7WAklnvws,6Q5Aza5WjygnKkm8GsG39B,3bSsyMPujHM45QOvf6M6he,1,1,liked,,2025-07-11T05:46:23Z,2025-07-11T05:46:23Z,,,,
7jbhRrAkFFNWsxta99xOI1,Inside Out,Free Whenever; KATZROAR,Inside Out,2025,2025,,dungeon synth,dungeon synth; dark ambient,2025-05-02,229444,False,,https://open.spotify.com/track/7jbhRrAkFFNWsxta99xOI1,6BWKyfOQTsTtMhI2hXU8FF,3bSsyMPujHM45QOvf6M6he; 14kEabF9MiQJW37PNuLGgJ,1,1,liked,,2025-05-05T06:13:08Z,2025-05-05T06:13:08Z,,,,
2ABy4bYwHHca6iYxVVQVvs,Fortune's Favourite,Freeways,Dark Sky Sanctuary,2024,2024,,hard rock,hard rock; classic rock; nwobhm; heavy metal,2024-04-26,262058,False,,https://open.spotify.com/track/2ABy4bYwHHca6iYxVVQVvs,1vlIcAf1OT7oRJQoodHXZs,4LczeYm8e74yQZOQezQWnr,6,1,liked,,2024-12-12T07:48:16Z,2024-12-12T07:48:16Z,,,,
0Uo3ouUYSCsvOuHq7wDaiy,Private Myth,Freeways,Dark Sky Sanctuary,2024,2024,,hard rock,hard rock; classic rock; nwobhm; heavy metal,2024-04-26,284737,False,,https://open.spotify.com/track/0Uo3ouUYSCsvOuHq7wDaiy,1vlIcAf1OT7oRJQoodHXZs,4LczeYm8e74yQZOQezQWnr,7,1,liked,,2024-12-12T07:50:28Z,2024-12-12T07:50:28Z,,,,
1wjY9Eq312Rkg2qczzgCos,They Came From Saturn,Froglord,The Mystic Toad,2021,2021,,doom metal,doom metal; stoner metal; sludge metal; stonerdoom,2021-07-02,296999,False,,https://open.spotify.com/track/1wjY9Eq312Rkg2qczzgCos,3XP0hDV1fbQxw5RJmvrwYu,4DjZB2WHgX0CBEBhMPhrdP,1,1,liked,,2025-05-12T12:51:46Z,2025-05-12T12:51:46Z,,,,
7iU3cbTF4fpavJTQmsLzhp,Zamawianie Trzecie,Furia,Huta Luna,2023,2023,,black metal,black metal; post-metal; nekrofolk,2023-10-10,201833,False,,https://open.spotify.com/track/7iU3cbTF4fpavJTQmsLzhp,1cNP9HodNapFiXCwK93zwV,716FAfHQEcUgeHYzGf5h0V,1,1,liked,,2024-02-12T11:05:54Z,2024-02-12T11:05:54Z,,,,
5TBAXhxAmtKQ5kOcT5XGiR,Idź!,Furia,Huta Luna,2023,2023,,black metal,black metal; post-metal; nekrofolk,2023-10-10,197500,False,,https://open.spotify.com/track/5TBAXhxAmtKQ5kOcT5XGiR,1cNP9HodNapFiXCwK93zwV,716FAfHQEcUgeHYzGf5h0V,5,1,liked,,2024-07-23T08:36:55Z,2024-07-23T08:36:55Z,,,,
7HiKQJaqIq2iEODIG3tzKq,Signals - Volkor X Remix,Fury Weekend; Voicians; Volkor X,Signals (Volkor X Remix),2021,2021,,synthwave,synthwave; retrowave; electronic; darksynth; drum and bass,2021-10-01,299000,False,,https://open.spotify.com/track/7HiKQJaqIq2iEODIG3tzKq,4TMeLSX3GtPMh4t2zDzfTA,7KxS1dL7Q7jxMkyb2ZvzXH; 5DNApAt05XowaylsOJo1eW; 5Us4fLalowFjzrjC85k4Xq,1,1,liked,,2025-10-27T10:46:09Z,2025-10-27T10:46:09Z,,,,
1GIhB8rXkcjYtvOtgm5LtL,Intro,Fused Trio,Cotton Curd Candy,2021,2021,,synthpop,synthpop; electronic; dark electropop; technopop; europop,2021-10-28,244511,False,,https://open.spotify.com/track/1GIhB8rXkcjYtvOtgm5LtL,6PbQQNWuaSdBDwc5F4jVDk,5GeT9AJ82QEFuW9bx1Gqfm,4,1,liked,,2025-07-01T12:16:49Z,2025-07-01T12:16:49Z,,,,
6JIY0F1egqGdV1O6fLAiuB,A Shadow in the Dormitory,Fvneral Fvkk,Carnal Confessions,2019,2019,,doom metal,doom metal; heavy metal; epic doom metal; traditional doom metal,2019-09-27,480555,False,,https://open.spotify.com/track/6JIY0F1egqGdV1O6fLAiuB,5VUp8QhmTsEVLNEoEAKO0f,5HCmYx7K5dk5s2iPBVqsov,3,1,liked,,2025-01-23T07:20:35Z,2025-01-23T07:20:35Z,,,,
2TRwgPm3VsaCzyMrslVTBc,When God Is Not Watching,Fvneral Fvkk,Carnal Confessions,2019,2019,,doom metal,doom metal; heavy metal; epic doom metal; traditional doom metal,2019-09-27,457553,False,,https://open.spotify.com/track/2TRwgPm3VsaCzyMrslVTBc,5VUp8QhmTsEVLNEoEAKO0f,5HCmYx7K5dk5s2iPBVqsov,8,1,liked,,2025-01-22T13:26:50Z,2025-01-22T13:26:50Z,,,,
1ByIZ5OPOan8AT1Ad4Go2F,Erection in the House of God,Fvneral Fvkk,The Lecherous Liturgies,2017,2017,,doom metal,doom metal; heavy metal; epic doom metal; traditional doom metal,2017-07-07,363780,False,,https://open.spotify.com/track/1ByIZ5OPOan8AT1Ad4Go2F,2CKJrCcv7DbzkeGDnvVyJz,5HCmYx7K5dk5s2iPBVqsov,1,1,liked,,2025-01-23T11:53:38Z,2025-01-23T11:53:38Z,,,,
3u5N55tHf7hXATSQrjBh2q,Freed From Desire,Gala; Molella; Phil Jay,Come Into My Life (The Album),1997,1997,,italo house,italo house; italo dance; eurodance; pop and chart,1997-11-17,213394,False,,https://open.spotify.com/track/3u5N55tHf7hXATSQrjBh2q,3vcwGUl0WiJVssOR1dXEbe,3OqTvcWgb0xaainosGVvuZ; 6PozOimyS8a9OxMddMSBCf; 2yUcByiqLsQiJgGKIn1xeb,10,1,liked,,2024-06-25T15:32:08Z,2024-06-25T15:32:08Z,,,,
6wqpzjyrdWCW3icr9e1XEl,King Of The Ashes,Gallower,Behold The Realm Of Darkness,2020,2020,,thrash metal,thrash metal,2020-06-05,226386,False,,https://open.spotify.com/track/6wqpzjyrdWCW3icr9e1XEl,1lkndPtewrbArQ4mWUCdmE,3mJCmX2022lM57gZGfiX3N,3,1,liked,,2026-02-05T06:25:01Z,2026-02-05T06:25:01Z,,,,
176O5r9pRLRv8yj1IvLBoQ,Febersvan,GAUPA,GAUPA,2018,2018,,stoner rock,stoner rock; psychedelic rock; folk rock; doom; progressive rock,2018-06-02,447680,False,,https://open.spotify.com/track/176O5r9pRLRv8yj1IvLBoQ,1zCtx2csLzFU3cLdsCplyC,2xODNufQxAtc0gmDIhsjkg,1,1,liked,,2023-05-22T04:50:18Z,2023-05-22T04:50:18Z,,,,
69xUkf647IyVn8cJtQ4zRk,Upside Down,Gazpacho,Night (Remastered Edition),2007,2007,,progressive rock,progressive rock; art rock; crossover prog,2007-11-05,579946,False,,https://open.spotify.com/track/69xUkf647IyVn8cJtQ4zRk,2ROXZGeVGgBKCJApvAjs8y,1Joel9mDWSEZfHPE2KooW3,3,1,liked,,2023-04-10T16:27:02Z,2023-04-10T16:27:02Z,,,,
4RG5oomg1f2A5AkFPI96vI,Sick Boy,GBH,The Punk Singles 1981-84,1995,1995,,hardcore punk,hardcore punk; uk82; street punk,1995-01-01,154133,False,,https://open.spotify.com/track/4RG5oomg1f2A5AkFPI96vI,0mMnHbUON58xWm7T7Vtcd3,0yqupKw0GMDWXHpsxCPysY,12,1,liked; playlist,YOU DIRTY PUNK,2023-04-10T16:27:02Z,2024-07-24T18:11:31Z,,,,
1Ozs80Iu1khZLSCZxAxw0T,Ask ok Emblu,Gealdýr,Eptir Ragnarök,2021,2021,,ambient,ambient; neofolk; dark folk,2021-06-22,220357,False,,https://open.spotify.com/track/1Ozs80Iu1khZLSCZxAxw0T,7EvtTlwudXR5ca8x18iCUY,0T3UezATgzQo2sJkjzEsmM,8,1,liked,,2025-09-22T11:31:20Z,2025-09-22T11:31:20Z,,,,
1Q0vX1S64QeVqtRp0M1zVr,Try Iskry,Gealdýr; Dzivia,Try Iskry,2025,2025,,rock,rock,2025-09-09,429411,False,,https://open.spotify.com/track/1Q0vX1S64QeVqtRp0M1zVr,6CjKF8Mccnvq6xQO8hkAG4,0T3UezATgzQo2sJkjzEsmM; 6WJBmYQMk8mkcapMK0Fu1Q,1,1,liked,,2025-09-23T04:38:19Z,2025-09-23T04:38:19Z,,,,
15OEULMbuFlrvVRfAEIDce,The Shivering Voice of the Ghost,Gehenna,First Spell,2008,2008,,death metal,death metal; black metal; melodic black metal,2008-06-09,364693,False,,https://open.spotify.com/track/15OEULMbuFlrvVRfAEIDce,2TtXvvKc4wHgdQLEZo6Nlt,3w4WGYze63IoclVTBW3WYn,1,1,liked,,2025-02-03T11:36:16Z,2025-02-03T11:36:16Z,,,,
480dDrqG7LO6qDaphHeXlM,Invisible Touch - Remastered 2007,Genesis,Invisible Touch,1986,1986,,progressive rock,progressive rock; symphonic prog; progressive pop; art rock; soft rock,1986-06-09,210133,False,,https://open.spotify.com/track/480dDrqG7LO6qDaphHeXlM,5BDGtXKMQ6k267KX4PoGhP,3CkvROUTQ6nRi9yQOcsB50,1,1,liked,,2023-04-10T16:27:02Z,2023-04-10T16:27:02Z,,,,
2oiMNaVCul7qmMzpRStjCg,Land Of Confusion - Remastered 2007,Genesis,Invisible Touch,1986,1986,,progressive rock,progressive rock; symphonic prog; progressive pop; art rock; soft rock,1986-06-09,286320,False,,https://open.spotify.com/track/2oiMNaVCul7qmMzpRStjCg,5BDGtXKMQ6k267KX4PoGhP,3CkvROUTQ6nRi9yQOcsB50,3,1,liked,,2023-04-10T16:27:02Z,2023-04-10T16:27:02Z,,,,
0myRKEG1A20Ep57FDWzRQA,Wreck,Gentle Giant,Acquiring The Taste,1971,1971,,progressive rock,progressive rock; art rock; classic pop and rock; avant-prog,1971-01-01,276426,False,,https://open.spotify.com/track/0myRKEG1A20Ep57FDWzRQA,7sMpdqLgCDDGMx7NE3rf3o,1hrQ50kU6hMQBVLatqUqnO,5,1,liked,,2023-04-10T16:27:02Z,2023-04-10T16:27:02Z,,,,
7eCWANi47RKXkZcc1aUCFP,I Want You Here,Genune,Infinite Presence,2025,2025,,blackgaze,blackgaze; post-metal,2025-05-17,545046,False,,https://open.spotify.com/track/7eCWANi47RKXkZcc1aUCFP,2u6HVxx51PQbjhlGIQONfP,5EhiPxPr8qejb4q2Z14ZKO,6,1,liked,,2025-06-19T11:15:06Z,2025-06-19T11:15:06Z,,,,
0CuzwrMFAsP8VBrQDCChE4,Butterfly,Germ,Grief,2014,2014,,post-metal,post-metal; black metal; shoegaze,2014-01-10,299053,False,,https://open.spotify.com/track/0CuzwrMFAsP8VBrQDCChE4,0qPAw548dry7bFMJwkRQz3,4TAsfx1k9THCqwZdmT7DCE,2,1,liked,,2023-04-10T16:27:02Z,2023-04-10T16:27:02Z,,,,
4lEEIQXNWpn8mb79B1C0Qi,An Overdose on Cosmic Galaxy,Germ,Wish,2012,2012,,post-metal,post-metal; black metal; shoegaze,2012-03-09,626813,False,,https://open.spotify.com/track/4lEEIQXNWpn8mb79B1C0Qi,3TIQ9wcnqlNi2dCHANJJnl,4TAsfx1k9THCqwZdmT7DCE,1,1,liked,,2023-04-10T16:27:02Z,2023-04-10T16:27:02Z,,,,
1YurDN6Js0EBlG2iuCWUgs,Ghost of Scandinavia,Get Your Gun,EP,2012,2012,,alternative rock,alternative rock; stoner rock,2012-06-01,222386,False,,https://open.spotify.com/track/1YurDN6Js0EBlG2iuCWUgs,6L9VKh11b5nfLMD3Np4MjE,6grWNBzNzjgMlmMeeFR053,4,1,liked,,2023-04-10T16:27:02Z,2023-04-10T16:27:02Z,,,,
2rzRepGMsbeA3ggMurGAWG,The Essence Unbound,Gevurah,Necheshirion,2013,2013,,black metal,black metal; black-metal,2013-05-28,516786,False,,https://open.spotify.com/track/2rzRepGMsbeA3ggMurGAWG,685RejcBlrqYrKaP55fNJX,02V1Su6xHUb5qN7fKcUkgh,1,1,liked,,2023-04-10T16:27:02Z,2023-04-10T16:27:02Z,,,,
665zJR3tMVdJDLBnGrZozN,Kaiserstadt Gareth,Gilgareth,Eine Reise beginnt,2024,2024,,dungeon synth,dungeon synth; fantasy ambient,2024-03-14,165751,False,,https://open.spotify.com/track/665zJR3tMVdJDLBnGrZozN,3sWxAymsUkOmHazqKf7B8U,4i8ssoiqnezzyI8vy0fuDN,1,1,liked,,2024-08-14T06:31:52Z,2024-08-14T06:31:52Z,,,,
2oSurc3FKyPDaoVpdbb1N9,Mirage,Glass Beams,Mirage,2021,2021,,neo-psychedelia,neo-psychedelia; psychedelic; folk; psychedelic rock; contemporary jazz,2021-05-28,290448,False,,https://open.spotify.com/track/2oSurc3FKyPDaoVpdbb1N9,2QBoYsuINGsfFvp4BGk0SK,1LTFJvVvRw7ghAyThxYmnF,1,1,liked,,2023-10-04T07:11:51Z,2023-10-04T07:11:51Z,,,,
6p4BLepl86i60HGNdwpf5k,Rolandskvadet,Glittertind,Evige Asatro + Til Dovre Faller,2009,2009,,folk metal,folk metal; folk rock; indie rock; viking rock; vikingarock,2009,258160,False,,https://open.spotify.com/track/6p4BLepl86i60HGNdwpf5k,6lK6WekT5r1o7a60aKw4ic,0p6RvYyJGOgO5coKdoaNhg,3,2,liked,,2023-04-10T16:27:02Z,2023-04-10T16:27:02Z,,,,
0YLg7j99CxdG5GgGfvbjq0,In Every Grief-Stricken Blues,Glorior Belli,Meet Us At The Southern Sign,2009,2009,,black metal,black metal,2009-05-25,264186,False,,https://open.spotify.com/track/0YLg7j99CxdG5GgGfvbjq0,4XSBqOXF3ti8YF581N3FCW,6hGG0g8GTtHbRVxn90ksk9,6,1,liked,,2023-04-10T16:27:02Z,2023-04-10T16:27:02Z,,,,
4uBdEXno6nds1PVEKMUyc7,Corrosive,Gnostic,Engineering the Rule,2009,2009,,technical death metal,technical death metal; progressive metal,2009,199000,False,,https://open.spotify.com/track/4uBdEXno6nds1PVEKMUyc7,00jzdzAwzkGBw9SjJmkNiO,5usOv9XCEPdcp2hfY66lhC,8,1,liked,,2023-04-10T16:27:02Z,2023-04-10T16:27:02Z,,,,
0T6i6LOmFSTtT3DjMrUgUA,Queen of the Underground - Edit,Goat,Queen Of The Underground (Edit),2021,2021,,psychedelic rock,psychedelic rock; acid rock; hard rock; experimental rock; jazz fusion,2021-07-05,208538,False,,https://open.spotify.com/track/0T6i6LOmFSTtT3DjMrUgUA,7hkhoyQJsedW5SvCeUQNxY,6jP9Z7o6WlbYvKUOeO5SbP,1,1,liked,,2023-04-10T16:27:02Z,2023-04-10T16:27:02Z,,,,
6fBLVYCbjU59oqm2xpK6D9,Jazzman,Goat,The Gallows Pole: Original Score,2023,2023,,psychedelic rock,psychedelic rock; acid rock; hard rock; experimental rock; jazz fusion,2023-07-07,316298,False,,https://open.spotify.com/track/6fBLVYCbjU59oqm2xpK6D9,4ucckDjw3X0Nbx0lrqrMRZ,6jP9Z7o6WlbYvKUOeO5SbP,4,1,liked,,2023-07-21T15:29:19Z,2023-07-21T15:29:19Z,,,,
1TORXpchV8VM3SQ6mNNKPQ,Acid Orgy,GoatLord,Reflections of the Solstice,2016,2016,,death metal,death metal; doom metal; death-doom metal; death doom metal,2016-12-30,342026,True,,https://open.spotify.com/track/1TORXpchV8VM3SQ6mNNKPQ,7aQ4prxtQyn0GaHl2zKJc6,3kN0T9IeOnqqLjcpqH6nBy,6,1,liked,,2023-04-10T16:27:02Z,2023-04-10T16:27:02Z,,,,
1ByMzOtB8qLyZM2xDfhEMK,Echoes,God Is An Astronaut,God Is an Astronaut (2011 Remastered Edition),2011,2011,,post-rock,post-rock; ambient; instrumental rock; electronic; krautrock,2011-12-16,306413,False,,https://open.spotify.com/track/1ByMzOtB8qLyZM2xDfhEMK,38dlqozTXjFW4bAmRHcUGd,079svMEXkbT5nGU2kfoqO2,3,1,liked,,2024-08-27T10:25:07Z,2024-08-27T10:25:07Z,,,,
2ClWnu5NkCCMjlsK356lzO,You Better Run,Godless Wicked Creeps,Hellcoholic,1995,1995,,punk,punk; psychobilly,1995-12-01,197200,False,,https://open.spotify.com/track/2ClWnu5NkCCMjlsK356lzO,4BVI7bxxncbiyAEDxOFKcs,7iLMDumF1992S0SSzdZKgY,2,1,liked; playlist,YOU DIRTY PUNK,2023-07-25T11:40:48Z,2025-07-25T20:23:32Z,,,,
7cRGgrQ9eg8V8A4FsSj020,Another World,Gojira,Fortitude,2021,2021,,progressive metal,progressive metal; death metal; progressive death metal; groove metal; technical death metal,2021-04-30,264947,False,,https://open.spotify.com/track/7cRGgrQ9eg8V8A4FsSj020,3bmdzJRZ4DLRTiA6yBBQcI,0GDGKpJFhVpcjIGF8N6Ewt,3,1,liked,,2023-04-10T16:27:02Z,2023-04-10T16:27:02Z,,,,
60wIvuNq3tkIZIkXxWuzn5,The silver cord,Gojira,The way of all flesh,2008,2008,,progressive metal,progressive metal; death metal; progressive death metal; groove metal; technical death metal,2008-10-13,151880,False,,https://open.spotify.com/track/60wIvuNq3tkIZIkXxWuzn5,4J79cxsmRqZbI0BKmNFDy2,0GDGKpJFhVpcjIGF8N6Ewt,5,1,liked,,2024-08-27T13:49:28Z,2024-08-27T13:49:28Z,,,,
54xyMNYjYfGs4JzwEXZgyE,Tåkeheimen,Golden Core,Tåkeheimen pt. 2 the Remixes,2025,2025,,doom metal,doom metal; sludge metal,2025-04-04,600015,False,,https://open.spotify.com/track/54xyMNYjYfGs4JzwEXZgyE,76rtoDTeP84mCMeaVh0NQ9,7lw82ZfKFYLJti8JxIJLqW,4,1,liked,,2025-07-20T16:34:38Z,2025-07-20T16:34:38Z,,,,
482kBBQ81CoKevaVLFR0ky,ᛒᛚᚢᚦ,Golden Core,ᛒᛅᛚᛏᚱᛋᚴᚢᛁᚦᛅ,2018,2018,,doom metal,doom metal; sludge metal,2018-02-15,215585,False,,https://open.spotify.com/track/482kBBQ81CoKevaVLFR0ky,497kwZKzhLx5pcrBbdGTe7,7lw82ZfKFYLJti8JxIJLqW,1,1,liked,,2024-11-21T05:28:51Z,2024-11-21T05:28:51Z,,,,
1cNNPJSTu1ZQALIijHvwqV,Audrey Horne,Golden Retriever,Capablanca,2017,2017,,ambient,ambient; experimental,2017-07-07,176252,False,,https://open.spotify.com/track/1cNNPJSTu1ZQALIijHvwqV,5mENq4ZwKjrjofLKzmyvG7,71TknewZmcMQGt4R313xoo,5,1,liked,,2023-04-10T16:26:59Z,2023-04-10T16:26:59Z,,,,
7qNdZ0MHRmxPoM7gUu5tDV,Starlight,Gone Is Gone,Gone Is Gone,2016,2016,,heavy metal,heavy metal; progressive metal; hard rock; stoner metal; progressive rock,2016-07-08,355150,False,,https://open.spotify.com/track/7qNdZ0MHRmxPoM7gUu5tDV,666cAV5PwSSXBw3EoVEeb9,1xLSa28V0Sl3EMyS6CiKIg,2,1,liked,,2023-05-16T04:46:56Z,2023-05-16T04:46:56Z,,,,
4Qm8jj9ykAGFwqD5KaB2QC,For the Masses,Gorefest,La Muerte,2005,2005,,death metal,death metal; death rock; death 'n' roll,2005-10-28,287399,False,,https://open.spotify.com/track/4Qm8jj9ykAGFwqD5KaB2QC,6iBWNj3AyS3uLtbIQ3p8Up,3QWSC5ZtiBj1Kfr2BL46lW,1,1,liked,,2024-06-16T11:47:37Z,2024-06-16T11:47:37Z,,,,
63bpNvVINhy8rnzhHMarNz,Big Mouth,Gorilla Biscuits,Gorilla Biscuits,1988,1988,,punk,punk,1988,119533,True,,https://open.spotify.com/track/63bpNvVINhy8rnzhHMarNz,0wdSgG5H0SMly5ffNLgANL,4dJX4iJ0qbB4gjkeenbK2N,2,1,liked,,2024-11-15T05:27:38Z,2024-11-15T05:27:38Z,,,,
3PhskN5bQcFguGzY9kO5V8,Wretched Passion,Gouge,Beyond Death,2015,2015,,death metal,death metal; thrash metal,2015-04-06,150053,True,,https://open.spotify.com/track/3PhskN5bQcFguGzY9kO5V8,0gS1Ay1A1EFqFAnnQAqMV2,7KuJGGpYEjicXWkTlAMHUa,1,1,liked,,2024-10-25T11:51:41Z,2024-10-25T11:51:41Z,,,,
71W0xiGpPZchQF4M3QUVwu,Lone Star Song,Grant Lee Buffalo,Live At the Royal Festival Hall,2013,2013,,classic pop and rock,classic pop and rock,2013-04-09,322474,False,,https://open.spotify.com/track/71W0xiGpPZchQF4M3QUVwu,0mdJLTyefewcF18lxevyBF,31ir0nQWMLTowZmZO8CiBw,19,1,liked,,2023-04-10T16:27:02Z,2023-04-10T16:27:02Z,,,,
0v6qkK4hsUqshcgysIBSJO,I Love The Night,Gravestone,Back To Attack,1985,1985,,rock,rock; heavy metal,1985-01-01,236333,False,,https://open.spotify.com/track/0v6qkK4hsUqshcgysIBSJO,6ZbvH5PJqgStDLFVznKpEp,1urVyLjfYpkhcORUXUgy0p,1,1,liked,,2024-10-31T10:18:42Z,2024-10-31T10:18:42Z,,,,
6w6ztw7uViCx89B81b3yMj,The Siren,Graveyard,Hisingen Blues,2011,2011,,stoner rock,stoner rock; hard rock; psychedelic rock; blues rock; retro rock,2011-03-25,360586,False,,https://open.spotify.com/track/6w6ztw7uViCx89B81b3yMj,6mRafvUDkcPpM8vV8CXAyo,0hU5urLse5h1Z0b4zQkovL,9,1,liked,,2023-04-10T16:27:02Z,2023-04-10T16:27:02Z,,,,
10nMjaw6GFqwQ8D2mDbr16,Slow Motion Countdown,Graveyard,Lights Out,2012,2012,,stoner rock,stoner rock; hard rock; psychedelic rock; blues rock; retro rock,2012-10-26,335213,False,,https://open.spotify.com/track/10nMjaw6GFqwQ8D2mDbr16,0odHePIb1VkSSZPiJFJfSk,0hU5urLse5h1Z0b4zQkovL,2,1,liked,,2023-04-10T16:27:02Z,2023-04-10T16:27:02Z,,,,
4ccKf4cDToUg5Xikmt8KQA,20/20 (Tunnel Vision),Graveyard,Lights Out,2012,2012,,stoner rock,stoner rock; hard rock; psychedelic rock; blues rock; retro rock,2012-10-26,300320,False,,https://open.spotify.com/track/4ccKf4cDToUg5Xikmt8KQA,0odHePIb1VkSSZPiJFJfSk,0hU5urLse5h1Z0b4zQkovL,9,1,liked,,2023-04-10T16:27:02Z,2023-04-10T16:27:02Z,,,,
1Si3Uo5rPF85YbtoNvwWaY,Сияние,Grazhdanskaya Oborona,"The Best, Pt. 2",1990,1990,,siberian punk,siberian punk; psychedelic rock; punk rock,1990,150325,False,,https://open.spotify.com/track/1Si3Uo5rPF85YbtoNvwWaY,6ov8XenT2pDlpTbJLr4lcz,7M6ERyNXeDalOonDdWWd6I,3,1,liked; playlist,YOU DIRTY PUNK; Русское поле экспериментов,2023-04-10T16:27:02Z,2024-07-24T18:14:36Z,,,,
6QwKTudJN0hUYXCaXgIHYK,The Burden is Mine... Alone,Green Carnation,The Acoustic Verses,2006,2006,,progressive metal,progressive metal; progressive rock; doom metal; post-metal,2006-01-30,195066,False,,https://open.spotify.com/track/6QwKTudJN0hUYXCaXgIHYK,6LhcFDJjZmXMVFn4cOUBf0,1ZaJhNBAhJ3HjPsWiB9sDc,2,1,liked,,2023-04-10T16:27:02Z,2023-04-10T16:27:02Z,,,,
1odxPoRXGFPUVlGra3SqoK,Initiation,Green Lung,Woodland Rites,2019,2019,,doom metal,doom metal; psychedelic rock; occult rock; stoner doom; doom,2019-03-20,152520,False,,https://open.spotify.com/track/1odxPoRXGFPUVlGra3SqoK,2grZMJgSWGyf7vVdiYWHft,2MIoyDjdxCUdnV59UqbJGk,1,1,liked,,2023-04-10T16:27:02Z,2023-04-10T16:27:02Z,,,,
0HwdiT4MVRzY0OALcjq0Oh,Brave New World,Greta Van Fleet,Anthem Of The Peaceful Army,2018,2018,,blues rock,blues rock; hard rock,2018-10-19,300880,False,,https://open.spotify.com/track/0HwdiT4MVRzY0OALcjq0Oh,7zeCZY6rQRufc8IHGKyXGX,4NpFxQe2UvRCAjto3JqlSl,9,1,liked,,2023-04-10T16:27:02Z,2023-04-10T16:27:02Z,,,,
24HAkJDgZLa80KiFjJ62vb,How We Love,Gretchen Parlato,The Lost and Found,2011,2011,,contemporary jazz,contemporary jazz; vocal jazz,2011-05-31,324857,False,,https://open.spotify.com/track/24HAkJDgZLa80KiFjJ62vb,0zf7XCW761Gswh5sxQBduz,76Gi1qoWLrIerL5FcL0TZb,3,1,liked,,2023-04-10T16:27:02Z,2023-04-10T16:27:02Z,,,,
6hQYvXVqBpvdLSWBdD7bUI,Rhinoceros,Grief,Dismal,1993,1993,,rock,rock,1993-04-20,442077,False,,https://open.spotify.com/track/6hQYvXVqBpvdLSWBdD7bUI,4SJWH5OtZ8g6EKuwJ3WkQE,2nChukSvdJbQbVAvrP21vT,1,1,liked,,2023-12-25T17:36:54Z,2023-12-25T17:36:54Z,,,,
3GBxz8dCi3h9iRVb9kZEbA,Into the Twilight,Grima,Frostbitten,2022,2022,,atmospheric black metal,atmospheric black metal; black metal,2022-07-29,316661,False,,https://open.spotify.com/track/3GBxz8dCi3h9iRVb9kZEbA,1WGeKDoeWt47eWOWEnM3HG,7KSPZyeCKkfkhMkX8rYIhD,3,1,liked,,2025-10-27T13:15:57Z,2025-10-27T13:15:57Z,,,,
7oa5n8pby7RLfRWOpU1lAL,Skull Gatherers,Grima,Skull Gatherers,2024,2024,,atmospheric black metal,atmospheric black metal; black metal,2024-11-19,337777,False,,https://open.spotify.com/track/7oa5n8pby7RLfRWOpU1lAL,1ps1gd8oDH9Vtf9o8VxOge,7KSPZyeCKkfkhMkX8rYIhD,1,1,liked,,2024-12-16T13:34:13Z,2024-12-16T13:34:13Z,,,,
5cBgQQr7bIn49GuQeGdGqh,Talons,Grin,Black Nothingness,2023,2023,,doom metal,doom metal; stoner rock; instrumental rock; psychedelic rock; stoner metal,2023-04-07,96808,False,,https://open.spotify.com/track/5cBgQQr7bIn49GuQeGdGqh,4w6bZOWzoGUhHxKcp4MDr2,6X96kXcdENtONVi0NIwNkW,5,1,liked,,2024-04-29T13:33:52Z,2024-04-29T13:33:52Z,,,,
1BhY3pEK91cqX0SLCw1sRY,Drag Me Down,Grin,Drag Me Down,2025,2025,,doom metal,doom metal; stoner rock; instrumental rock; psychedelic rock; stoner metal,2025-04-10,277010,False,,https://open.spotify.com/track/1BhY3pEK91cqX0SLCw1sRY,3JOApgiDPAw06P9pR1rx6g,6X96kXcdENtONVi0NIwNkW,1,1,liked,,2025-04-15T05:36:27Z,2025-04-15T05:36:27Z,,,,
20z2wxoDeVwYCuXjzUON0f,Crusaders,Gruesome Pledge,The Aftermath,2025,2025,,thrash metal,thrash metal; death metal,2025-02-17,188923,False,,https://open.spotify.com/track/20z2wxoDeVwYCuXjzUON0f,4bLf4cqo7Piqrl3qhRSzsj,72Fn8mzRoDwfhkW2dzfgAy,2,1,liked,,2025-02-25T12:08:10Z,2025-02-25T12:08:10Z,,,,
3Q1eCKHoiAkXmjxUYOoYqd,Break them,Gruesome Pledge,The Aftermath,2025,2025,,thrash metal,thrash metal; death metal,2025-02-17,232725,False,,https://open.spotify.com/track/3Q1eCKHoiAkXmjxUYOoYqd,4bLf4cqo7Piqrl3qhRSzsj,72Fn8mzRoDwfhkW2dzfgAy,5,1,liked,,2025-02-21T12:35:05Z,2025-02-21T12:35:05Z,,,,
6CXyHhvyqNTkzr3EZ7od9o,Jerusalem shore,Gruzja,Koniec Wakacji,2023,2023,,black metal,black metal; post-punk,2023-10-06,226000,False,,https://open.spotify.com/track/6CXyHhvyqNTkzr3EZ7od9o,22YSaAf3WYxgibEGXDAGn3,5x7Mwo0pvrS8dBz9Q8FanG,1,1,liked,,2023-10-13T11:05:18Z,2023-10-13T11:05:18Z,,,,
38a2lwYrlY14oEZFPACcu9,The Redeemer's Festering Carcass pt. 1,Gryla,The Redeemer's Festering Carcass,2025,2025,,black metal,black metal,2025-03-21,462960,False,,https://open.spotify.com/track/38a2lwYrlY14oEZFPACcu9,2UJ48eBUMAOJyEAkWxnFI2,1W81NUl8cq5oY3zYzC6ckG,1,1,liked,,2026-01-27T11:38:54Z,2026-01-27T11:38:54Z,,,,
1AFRY3ZOnY51jFs4ZmLUSo,Waidler,Gràb,Kremess,2025,2025,,black metal,black metal; melodic black metal; atmospheric black metal,2025-02-21,395890,False,,https://open.spotify.com/track/1AFRY3ZOnY51jFs4ZmLUSo,2gqbTA3V3JM2DOMEGFj0G9,4seF1dZUOUBkAncUc8mJAw,1,1,liked,,2025-03-03T07:24:10Z,2025-03-03T07:24:10Z,,,,
3yAejzw9jqqVpTdO0ddSja,Living in a Lie,Guano Apes,Don't Give Me Names,2000,2000,,alternative rock,alternative rock; nu metal; post-grunge; pop rock; new metal,2000-05-01,273400,False,,https://open.spotify.com/track/3yAejzw9jqqVpTdO0ddSja,37GjnYxAXPk9EPXgL4jv4s,4whxX965DKKqYkXmk33b4E,5,1,liked,,2023-04-10T16:27:02Z,2023-04-10T16:27:02Z,,,,
3uUraWpJBpQp9AKAKzmpLu,Mine All Mine,Guano Apes,Don't Give Me Names,2000,2000,,alternative rock,alternative rock; nu metal; post-grunge; pop rock; new metal,2000-05-01,228666,False,,https://open.spotify.com/track/3uUraWpJBpQp9AKAKzmpLu,37GjnYxAXPk9EPXgL4jv4s,4whxX965DKKqYkXmk33b4E,9,1,liked,,2025-02-28T11:53:44Z,2025-02-28T11:53:44Z,,,,
6zJyAMMY0Zl4ZzR3gVTqE8,Close to the Sun,Guano Apes,Offline,2014,2014,,alternative rock,alternative rock; nu metal; post-grunge; pop rock; new metal,2014-05-30,222111,False,,https://open.spotify.com/track/6zJyAMMY0Zl4ZzR3gVTqE8,3EscrSXbKAqFSOXK7nUzSH,4whxX965DKKqYkXmk33b4E,2,1,liked,,2025-02-28T10:35:59Z,2025-02-28T10:35:59Z,,,,
5oxpT46KeiEuckYnChgFFT,Open Your Eyes,Guano Apes,Proud Like a God,1997,1997,,alternative rock,alternative rock; nu metal; post-grunge; pop rock; new metal,1997,187560,False,,https://open.spotify.com/track/5oxpT46KeiEuckYnChgFFT,1N5L209IqXQ6cqV2HFJU4G,4whxX965DKKqYkXmk33b4E,1,1,liked,,2025-02-28T10:27:42Z,2025-02-28T10:27:42Z,,,,
0Dh6iikOZiVGUiqkEehOxf,Out of Sight,Gutter Demons,Enter the Demonz,2003,2003,,psychobilly,psychobilly,2003-01-01,261853,False,,https://open.spotify.com/track/0Dh6iikOZiVGUiqkEehOxf,1eMwtdogXGMcYma2ZPm7Oy,22aCMV8ydQjMaTi8d5hUdf,6,1,liked,,2023-04-10T16:27:02Z,2023-04-10T16:27:02Z,,,,
2Ke465OwHEL8bZ5wyevkzh,"Metal Merchants (1st Demo ""Tales Of Terror"")",Hallows Eve,History of Terror [Box Set],2006,2006,,heavy metal,heavy metal; thrash metal; speed metal,2006-05-16,270453,False,,https://open.spotify.com/track/2Ke465OwHEL8bZ5wyevkzh,420SjHTtf0WKPYj7nWCu9t,4XqiDTxnoF69TkqNrNS1Rd,10,2,liked,,2024-11-08T12:18:36Z,2024-11-08T12:18:36Z,,,,
7meRMkNluO9EiqjerMxL9A,Ábær,Hamferð,Men Guðs hond er sterk,2024,2024,,doom metal,doom metal; neofolk; doom death metal; funeral doom,2024-03-22,349693,False,,https://open.spotify.com/track/7meRMkNluO9EiqjerMxL9A,3TTyQYHEL3z7fXJyU5QkDA,4Okrb4EaAYXpRu2cx2ipa4,1,1,liked,,2025-02-03T11:29:46Z,2025-02-03T11:29:46Z,,,,
7ez3jbaUX5d4jH9spd3QVu,Isle of Bliss,Hanging Garden,Isle of Bliss,2026,2026,,doom metal,doom metal; gothic metal; death-doom metal,2026-03-20,261893,False,,https://open.spotify.com/track/7ez3jbaUX5d4jH9spd3QVu,3Z5mVR7SqdJlt2aUS1iPNP,1Uq2a1JUnYXWUzrUGKyZwN,3,1,liked,,2026-04-21T06:24:34Z,2026-04-21T06:24:34Z,,,,
0OkjUQnr7H46Ct0wTciKOz,Naïve,Hangman's Chair,Banlieue Triste,2018,2018,,doom,doom; doom metal; stoner metal; sludge metal; sludge,2018-09-28,233360,False,,https://open.spotify.com/track/0OkjUQnr7H46Ct0wTciKOz,3lIXPRqX9JG24RUmXLKtto,3jmqk617nnjalSiZUCaaBi,2,1,liked,,2023-04-10T16:27:02Z,2023-04-10T16:27:02Z,,,,
1jig74GJkcacJ7Mc4Wpox4,Allegra,Hania Rani,On Giacometti,2023,2023,,modern classical,modern classical; electronic; classical; ambient; new age,2023-02-17,241400,False,,https://open.spotify.com/track/1jig74GJkcacJ7Mc4Wpox4,55N4pI2ItHoyZTAkO5646Y,14YzutUdMwS9yTnI0IFBaD,1,1,liked,,2023-05-09T11:27:10Z,2023-05-09T11:27:10Z,,,,
4fHvogKC2eBoQgMoxVNZVQ,Ozymandian,Hauntologist,Hollow,2024,2024,,black metal,black metal; blackgaze,2024-01-08,401840,False,,https://open.spotify.com/track/4fHvogKC2eBoQgMoxVNZVQ,4qX42uTUnjN6Gyq6G0Uj3Y,6FXmloiJgEslVhARy2lHvH,1,1,liked,,2024-01-10T16:19:37Z,2024-01-10T16:19:37Z,,,,
1r70t4eOFMHriaXaFF9Xxf,Uinuos Syömein Sota,Havukruunu,Uinuos Syömein Sota,2020,2020,,black metal,black metal; viking metal; pagan metal; pagan black metal; melodic black metal,2020-07-17,346625,False,,https://open.spotify.com/track/1r70t4eOFMHriaXaFF9Xxf,3CdNDAIQpOcZJEhgkctLns,2ccokPZoXdXaj4yiZqMxIJ,1,1,liked,,2023-04-10T16:27:02Z,2023-04-10T16:27:02Z,,,,
7jtvuEmzCbbtsajBL1SOyS,Theft,Hayden Bacon,Appear,2023,2023,,folk rock,folk rock; singer-songwriter; indie rock; indie folk; alternative country,2023-07-25,329633,False,,https://open.spotify.com/track/7jtvuEmzCbbtsajBL1SOyS,0LA9BY1fq3C4nWkM1YWpc8,7JEB70mitODzHpAv5vuOJQ,9,1,liked,,2025-03-17T08:30:40Z,2025-03-17T08:30:40Z,,,,
5qMNvVFTJoTLkaXbudbVNF,There's The Girl,Heart,Bad Animals,1987,1987,,hard rock,hard rock; aor; pop rock; folk rock; synth-pop,1987-06-06,230066,False,,https://open.spotify.com/track/5qMNvVFTJoTLkaXbudbVNF,56dfEbntfVTMCxjrjggL1e,34jw2BbxjoYalTp8cJFCPv,3,1,liked; playlist,80's,2023-04-10T16:27:02Z,2023-05-29T06:34:50Z,,,,
6yg5Vx6rv4C1ieOGEbtS7l,Still There Is Time,Heavy Load,Death Or Glory,1982,1982,,heavy metal,heavy metal; power metal,1982-10-13,261729,False,,https://open.spotify.com/track/6yg5Vx6rv4C1ieOGEbtS7l,7j6GDUwHX8kH7haJa16TqZ,3sPei5IyYFIG4uvkaHZhOo,6,1,liked,,2025-03-29T16:19:50Z,2025-03-29T16:19:50Z,,,,
5P9qFmIiMqE6r2UfwVIdIZ,Krigsgaldr,Heilung,Ofnir,2018,2018,,pagan folk,pagan folk; neofolk; neo-pagan folk; nordic folk music; dark folk,2018-01-12,538320,False,,https://open.spotify.com/track/5P9qFmIiMqE6r2UfwVIdIZ,6vohdbsWGcqbqiAimhGj6N,7sTKZr30LqC928DZ5P9mNQ,2,1,liked,,2023-04-10T16:27:02Z,2023-04-10T16:27:02Z,,,,
51VGyqBmHG4RpwSVTS9Rhg,Threescore Sickles Glistening in the Bright Field,heks,Harvest Songs and Rituals,2025,2025,,electronic,electronic; psychedelic; dark ambient; dungeon synth,2025-10-29,192000,False,,https://open.spotify.com/track/51VGyqBmHG4RpwSVTS9Rhg,7Ggg40K4hmbb2McP3gqfeD,0jQmDqHRUYmOudBxUX9R4L,2,1,liked,,2026-01-24T07:41:31Z,2026-01-24T07:41:31Z,,,,
1Yg1pftEFPMsATyNfkuGYX,Protestantisk Fanatiker (London Fields Darkwave),heks,Protestantisk Fanatiker (London Fields Darkwave),2026,2026,,electronic,electronic; drum and bass; dubstep; neurofunk; chiptune,2026-04-18,240857,False,,https://open.spotify.com/track/1Yg1pftEFPMsATyNfkuGYX,0y667QhmpuQnvHRFdyzJuD,0jQmDqHRUYmOudBxUX9R4L,1,1,liked,,2026-05-08T10:23:26Z,2026-05-08T10:23:26Z,,,,
64OFBBGDepInbrf2ZQ208h,Coast Off,Helios,Eingya,2006,2006,,ambient,ambient,2006-06-15,292146,False,,https://open.spotify.com/track/64OFBBGDepInbrf2ZQ208h,3lCsZNTCqQ3ijzytAbst4H,592TFYwu9Qb0RC1hKDbX2w,6,1,liked,,2023-04-10T16:27:02Z,2023-04-10T16:27:02Z,,,,
2UbJLOq3bUoRBKkx2wWIog,Talking To Myself,Hellhills,Talking To Myself,2021,2021,,alternative rock,alternative rock,2021-07-23,171017,False,,https://open.spotify.com/track/2UbJLOq3bUoRBKkx2wWIog,5BEEbvLBXxeNdsSL91TwT9,3LYHyZn68mKbs47fuX4lPg,1,1,liked,,2023-04-10T16:27:02Z,2023-04-10T16:27:02Z,,,,
6dQP6dVVypbxed9SIkPfhz,Oernst of Life,Helloween,Walls of Jericho (Bonus Tracks Edition),1985,1985,,power metal,power metal; heavy metal; speed metal; hard rock; acoustic rock,1985,285893,False,,https://open.spotify.com/track/6dQP6dVVypbxed9SIkPfhz,4yroZp50wlIydVptv1EXlD,4pQN0GB0fNEEOfQCaWotsY,5,2,liked,,2024-11-01T07:16:17Z,2024-11-01T07:16:17Z,,,,
63vIgYjlQC3mBmBU4pmFB0,Kinchyle (Goatkraft and Granite),Hellripper,Kinchyle (Goatkraft and Granite),2025,2025,,black metal,black metal; thrash metal; speed metal; melodic death metal; blackened thrash metal,2025-10-22,273000,True,,https://open.spotify.com/track/63vIgYjlQC3mBmBU4pmFB0,2J6Dw1h8Kl6eCXk3UM3TdM,6FfZaHz07OsknWNdtdan5R,1,1,liked,,2025-11-05T12:33:45Z,2025-11-05T12:33:45Z,,,,
3eCBQqnSIr58BXNCF5H05G,A Dance Of Sun And Moon,Hewer of Caves,A Dance Of Sun And Moon,2024,2024,,ambient,ambient; medieval ambient; dungeon synth; folk; lo-fi,2024-09-06,197000,False,,https://open.spotify.com/track/3eCBQqnSIr58BXNCF5H05G,2dqSVMk5UcNGz9cLLBVfbf,2toukEqxQ1GRrezZEeqJzp,2,1,liked,,2025-05-17T09:58:31Z,2025-05-17T09:58:31Z,,,,
7fxrxv5CilLCzTAW0njXy0,Sacred Place,Hewer of Caves,Tabernacle,2022,2022,,ambient,ambient; medieval ambient; dungeon synth; folk; lo-fi,2022-09-23,206052,False,,https://open.spotify.com/track/7fxrxv5CilLCzTAW0njXy0,07EV5KDDhvgVpUpSd0Vs2M,2toukEqxQ1GRrezZEeqJzp,1,1,liked,,2025-05-17T07:52:21Z,2025-05-17T07:52:21Z,,,,
4ANhjofpcZuA9SstKJvt1m,Older Than The Gods,Hexvessel,Polar Veil,2023,2023,,black metal,black metal; folk rock; psychedelic rock; psychedelic folk; avant-garde black metal,2023-09-22,369453,False,,https://open.spotify.com/track/4ANhjofpcZuA9SstKJvt1m,6UiiY91rt8kTW9ezq6pnyp,3rLgIB7dHh2MGYpiOMajJI,2,1,liked,,2023-11-13T10:08:54Z,2023-11-13T10:08:54Z,,,,
7dETRmPX94SuhX650LTFAJ,Teeth of the Mountain,Hexvessel,When We Are Death,2016,2016,,black metal,black metal; folk rock; psychedelic rock; psychedelic folk; avant-garde black metal,2016-01-29,240832,False,,https://open.spotify.com/track/7dETRmPX94SuhX650LTFAJ,7gXw0mN3HL0t7lpKdWoBEj,3rLgIB7dHh2MGYpiOMajJI,7,1,liked,,2023-04-10T16:27:02Z,2023-04-10T16:27:02Z,,,,
2W7jKdtqWgbWkQ3OdqHbAs,Amos Ame,Hidria Spacefolk,HDRSF-1,2010,2010,,psychedelic rock,psychedelic rock; progressive rock; space rock; jam band,2010-10-11,570411,False,,https://open.spotify.com/track/2W7jKdtqWgbWkQ3OdqHbAs,19ttKxyRQWA1cZmmwfoDPS,7ftLGad7dnO1VpeT67kBuK,1,1,liked,,2023-06-01T10:21:31Z,2023-06-01T10:21:31Z,,,,
5ZgsMna2KB1nQbP7qJpKp8,Everything's Different,High Contrast,Tough Guys Don't Dance,2007,2007,,drum and bass,drum and bass; electronic; dance and electronica; liquid funk; dancefloor drum and bass,2007-10-01,440440,False,,https://open.spotify.com/track/5ZgsMna2KB1nQbP7qJpKp8,4TGg8UNwHYZszTjM24hJSo,0bxHci3JIhhKA53n8rH3tT,1,1,liked,,2023-04-10T16:27:02Z,2023-04-10T16:27:02Z,,,,
3H8lyID1vH8viYA5RRobfs,Return Of Forever,High Contrast,True Colours,2002,2002,,drum and bass,drum and bass; electronic; dance and electronica; liquid funk; dancefloor drum and bass,2002-10-06,499600,False,,https://open.spotify.com/track/3H8lyID1vH8viYA5RRobfs,6XxlQ14y7IlINy7KUAqbv0,0bxHci3JIhhKA53n8rH3tT,1,1,liked,,2023-04-10T16:27:02Z,2023-04-10T16:27:02Z,,,,
6IcHCJPx9ji1NPRwpMLEWU,Once Around the House,High Highs,Open Season,2014,2014,,indie rock,indie rock; folk rock; pop rock,2014-01-27,218266,False,,https://open.spotify.com/track/6IcHCJPx9ji1NPRwpMLEWU,4F5s7tDOWFCgozxJg0o8Rw,1cXVTtkpqSXVhyD32f9MS4,9,1,liked,,2023-04-10T16:27:02Z,2023-04-10T16:27:02Z,,,,
64vYzk4Os4PWHHXNq7KAfC,King of Days,High On Fire,De Vermis Mysteriis,2012,2012,,stoner metal,stoner metal; sludge metal; heavy metal; doom metal; stoner rock,2012-04-03,428746,False,,https://open.spotify.com/track/64vYzk4Os4PWHHXNq7KAfC,2p2JekOEQ4llSWDWLZRhkQ,1eiIIImNeUj3vpaocWqoOf,7,1,liked,,2023-04-10T16:27:02Z,2023-04-10T16:27:02Z,,,,
4w6W7kTcv13sbJutJXoPYh,Ages Move the Earth,High Priest of Saturn,Son of Earth and Sky,2016,2016,,rock,rock,2016-02-26,549640,False,,https://open.spotify.com/track/4w6W7kTcv13sbJutJXoPYh,3Rt1KIZ02Onot7N0JZatFu,4oiMZnQMj43kMUA41Q1H1x,2,1,liked,,2023-04-10T16:27:02Z,2023-04-10T16:27:02Z,,,,
131Bx77hM3KG2EbBM5BHTN,Son of Earth and Sky,High Priest of Saturn,Son of Earth and Sky,2016,2016,,rock,rock,2016-02-26,520546,False,,https://open.spotify.com/track/131Bx77hM3KG2EbBM5BHTN,3Rt1KIZ02Onot7N0JZatFu,4oiMZnQMj43kMUA41Q1H1x,3,1,liked,,2023-04-10T16:27:02Z,2023-04-10T16:27:02Z,,,,
6O6VzCenjBvTd89dH8batb,Last Call,Highlonesome,The Unholy Gospel According To...,2012,2012,,alt-country,alt-country; americana,2012-05-08,293904,False,,https://open.spotify.com/track/6O6VzCenjBvTd89dH8batb,0UmIzTZeIogc3x0pLyzjQM,6LUUuXDg3XjKexO91njrJf,8,1,liked,,2023-04-10T16:27:02Z,2023-04-10T16:27:02Z,,,,
3xG1WQNKSoVt88OeoOBIsI,National Drone,Hills,Alive at Roadburn (Live),2017,2017,,psychedelic rock,psychedelic rock; heavy psych; jam band; space rock,2017-03-17,789000,False,,https://open.spotify.com/track/3xG1WQNKSoVt88OeoOBIsI,699K5FtNdoksyV0PNJcQji,54AeYFuPxvWfJG7XRugaCr,1,1,liked,,2023-04-10T16:27:02Z,2023-04-10T16:27:02Z,,,,
2OTc2CXExmb6XwLQQz80iK,Anukthal Is Here,Hills,Frid,2015,2015,,psychedelic rock,psychedelic rock; heavy psych; jam band; space rock,2015-08-28,353365,False,,https://open.spotify.com/track/2OTc2CXExmb6XwLQQz80iK,6TtZE6VFAvHEOklSoDZDaQ,54AeYFuPxvWfJG7XRugaCr,3,1,liked,,2026-01-31T09:37:40Z,2026-01-31T09:37:40Z,,,,
7kkeUgG1tgn2O8g7MpOavF,Red Giant,Hippie Death Cult,Helichrysum,2023,2023,,heavy rock,heavy rock; psychedelic rock; stoner rock,2023-10-20,287666,False,,https://open.spotify.com/track/7kkeUgG1tgn2O8g7MpOavF,44va7b61sNbUXGnDsUOCzU,4IZavjyt6nf7m5fq31pjXl,4,1,liked,,2025-01-16T13:20:58Z,2025-01-16T13:20:58Z,,,,
61mXsWJ2DWcnXTSVlfdDbf,Mover of Skies,Hippotraktor,Meridian,2021,2021,,progressive metal,progressive metal; post-metal; djent,2021-10-15,369133,False,,https://open.spotify.com/track/61mXsWJ2DWcnXTSVlfdDbf,264i8bJQ1pfpGidQoic0hn,2gK9GyHbKYyvigK6wOb7pv,2,1,liked,,2023-04-10T16:27:02Z,2023-04-10T16:27:02Z,,,,
2uYKqjjhKnvjDpaKgeUudI,Master of Pain (Error),Ho99o9,Cyber Warfare,2019,2019,,punk rap,punk rap,2019-08-15,312000,True,,https://open.spotify.com/track/2uYKqjjhKnvjDpaKgeUudI,0wiRPWyWkwGbPww1LsRSQD,5KuuNGYTUTokLerXMNYCGL,1,1,liked,,2025-09-19T08:23:33Z,2025-09-19T08:23:33Z,,,,
02fVU5b7sRCAr4qxQGaxav,Да побувай,hodíla ízba,Да побувай,2025,2025,,folk,folk; psychedelic folk,2025-10-03,257000,False,,https://open.spotify.com/track/02fVU5b7sRCAr4qxQGaxav,5FtnYMLiJnPYxo4m36NuOR,2sCDME3BxXfGdkM7eAtAdK,1,1,liked,,2025-10-06T05:16:43Z,2025-10-06T05:16:43Z,,,,
4WVb36fxYnEHVKDKiMRZHw,Dark Stone,Holy Fawn,Death Spells,2018,2018,,doomgaze,doomgaze; post-rock; shoegaze; ambient; experimental,2018-09-14,382167,False,,https://open.spotify.com/track/4WVb36fxYnEHVKDKiMRZHw,3L9kfqui54S1V2MvOHKmJC,13rS3lCWshTVt6HsCNjvBI,1,1,liked,,2023-04-10T16:27:02Z,2023-04-10T16:27:02Z,,,,
5qYMXXs99tw7uo00WXEJjw,Distant Calling,Holy Terror,Total Terror,2017,2017,,thrash metal,thrash metal; speed metal,2017-07-21,267773,False,,https://open.spotify.com/track/5qYMXXs99tw7uo00WXEJjw,2GOtXTMdnFatnW4CAqLdV8,649XQpykrdULMHdaewXeYp,6,1,liked,,2024-12-04T06:46:57Z,2024-12-04T06:46:57Z,,,,
0fnAFcq7o6lmNqPhOkCazy,Du Röde,Horisont,Två Sidor Av Horisonten,2009,2009,,hard rock,hard rock,2009-09-25,313480,False,,https://open.spotify.com/track/0fnAFcq7o6lmNqPhOkCazy,7Dl2ULZRGv50BKjQqkiylP,1tPw1T8FYkf9GoxQeTzIgU,7,1,liked,,2023-04-10T16:27:02Z,2023-04-10T16:27:02Z,,,,
6TPygi7cWtNai4q3tqb3Gt,Titan,Horrendous,Ecdysis,2014,2014,,death metal,death metal; progressive death metal; heavy metal; progressive metal; black metal,2014-10-28,284523,False,,https://open.spotify.com/track/6TPygi7cWtNai4q3tqb3Gt,1kkcolZkWXDRxGBwX4UwTn,1Na6P4MqOassrZtvT9Z12s,10,1,liked,,2024-11-18T10:25:21Z,2024-11-18T10:25:21Z,,,,
1JMDPZTYFsu5sNCyTOo1q3,The Blaze,Horrendous,Ontological Mysterium,2023,2023,,death metal,death metal; progressive death metal; heavy metal; progressive metal; black metal,2023-08-18,119607,False,,https://open.spotify.com/track/1JMDPZTYFsu5sNCyTOo1q3,3ss5c9CfkPvTQeQutNcJEm,1Na6P4MqOassrZtvT9Z12s,1,1,liked,,2025-09-03T17:45:58Z,2025-09-03T17:45:58Z,,,,
5D5Ovwir2fB9B8ng7x1sbO,The Invisible Mountain,Horseback,The Invisible Mountain,2010,2010,,sludge metal,sludge metal,2010-08-03,457626,False,,https://open.spotify.com/track/5D5Ovwir2fB9B8ng7x1sbO,7EmcwSzoujDmObReKUVK3c,5fKz5l7qmSc9QXRAq71Bch,3,1,liked,,2023-04-10T16:27:02Z,2023-04-10T16:27:02Z,,,,
5WPmps7mMr1OwRYn02O0HS,Oude Kerk 1,Huis,Despite Guardian Angels,2014,2014,,neo-progressive rock,neo-progressive rock; neo-prog; progressive rock,2014-01-10,358226,False,,https://open.spotify.com/track/5WPmps7mMr1OwRYn02O0HS,6pGuzyM407VC40uPvmuVWC,3eqhnCIai0Lp8F1qi8NFiS,4,1,liked,,2025-11-05T08:16:31Z,2025-11-05T08:16:31Z,,,,
6D2nF48KV2a8PaMvA613rj,Stone Cold Fever,Humble Pie,Rock On,1971,1971,,blues rock,blues rock; hard rock; classic rock; folk rock; boogie rock,1971-03-01,249760,False,,https://open.spotify.com/track/6D2nF48KV2a8PaMvA613rj,4bgZDakR0ccdpCqtVnArmw,2CxLP749mup3ncPrXgCnvU,4,1,liked,,2024-11-22T05:17:46Z,2024-11-22T05:17:46Z,,,,
0t6Ci8yWldWuESaZqXFl4v,"Sheol, Pt. II - Lands of Haze",Hypno5e,Sheol,2023,2023,,post-metal,post-metal; avant-garde metal; progressive metal; experimental; math metal,2023-02-24,635973,False,,https://open.spotify.com/track/0t6Ci8yWldWuESaZqXFl4v,0CtgimHqRmgm1KUvL76E1N,5bPOuhK95xuq1UKdiqsysz,2,1,liked,,2024-02-26T06:07:05Z,2024-02-26T06:07:05Z,,,,
0xYREj3r9sOQors0IVhSoc,Autumn in Space,Hällas,Hällas,2015,2015,,progressive rock,progressive rock; heavy metal; hard rock; blues rock; proto-metal,2015-11-27,282826,False,,https://open.spotify.com/track/0xYREj3r9sOQors0IVhSoc,1LckcttuPB441ExtL9tdH7,6wL917RC8KC0ZwDbqmO60r,1,1,liked,,2024-10-31T11:45:46Z,2024-10-31T11:45:46Z,,,,
4tPFEWRuNQhibDQSGB2PVE,Don't Want to Know If You Are Lonely,Hüsker Dü,Candy Apple Grey,1986,1986,,alternative rock,alternative rock; hardcore punk; post-hardcore; hardcore; classic pop and rock,1986,210866,False,,https://open.spotify.com/track/4tPFEWRuNQhibDQSGB2PVE,6zoU9wwvh8ETkMsWU3Mtv1,16bN8mhtDFdegWbg0z3s10,2,1,liked,,2023-04-10T16:27:02Z,2023-04-10T16:27:02Z,,,,
73plIcXfxgD6uwgTWr6kZi,I Don't Know for Sure,Hüsker Dü,Candy Apple Grey,1986,1986,,alternative rock,alternative rock; hardcore punk; post-hardcore; hardcore; classic pop and rock,1986,150040,False,,https://open.spotify.com/track/73plIcXfxgD6uwgTWr6kZi,6zoU9wwvh8ETkMsWU3Mtv1,16bN8mhtDFdegWbg0z3s10,3,1,liked,,2023-04-10T16:27:02Z,2023-04-10T16:27:02Z,,,,
4PcLtqyPyV4Lyah8HKXKuR,Between Two Worlds,I,Between Two Worlds,2006,2006,,classical,classical,2006-11-03,352261,False,,https://open.spotify.com/track/4PcLtqyPyV4Lyah8HKXKuR,6ijplltR1r4fCjYvcriRFP,5E9XOlEicDpLGlRZCRarR7,3,1,liked,,2023-04-10T16:27:02Z,2023-04-10T16:27:02Z,,,,
0WZejGb0ftnSgYJ6lq6N7J,Ive hurt for so long but im still Here,I AM NOT AFRAID ANYMORE,Ive hurt for so long but im still Here,2024,2024,,hip hop,hip hop; french rap,2024-05-13,117451,False,,https://open.spotify.com/track/0WZejGb0ftnSgYJ6lq6N7J,6eYYtpBIEjKcPUl8okHhhg,234rXrcFdlIP2GlqDsz4hJ,1,1,liked,,2024-07-30T05:54:57Z,2024-07-30T05:54:57Z,,,,
4x1nUSFFppEZZcfijHV1wy,On Trees And Birds And Fire,I Am Oak,On Claws,2010,2010,,indie folk,indie folk; ambient,2010-05-14,176794,False,,https://open.spotify.com/track/4x1nUSFFppEZZcfijHV1wy,1NIVymoGUsvkie3oQPafpc,3rkCcFVpbFYCvnNKTT7LUe,2,1,liked,,2023-04-10T16:27:02Z,2023-04-10T16:27:02Z,,,,
43zCwjVZ3GLzL8sYa0G7qT,Tides,I Am Waiting for You Last Summer,Tides,2025,2025,,post-rock,post-rock,2025-09-26,261700,False,,https://open.spotify.com/track/43zCwjVZ3GLzL8sYa0G7qT,0UFmc7IdQTp4cGWjyqkyh1,2N6ovxTbZJfQBpTehOI5wR,1,1,liked,,2025-09-26T04:25:39Z,2025-09-26T04:25:39Z,,,,
5QqPd1tCNG3M68j8CMXulA,Threshold,I Am Waiting for You Last Summer,Without / Within,2025,2025,,post-rock,post-rock,2025-10-31,328356,False,,https://open.spotify.com/track/5QqPd1tCNG3M68j8CMXulA,6iMN38CXFizM9Y4LuWJMj6,2N6ovxTbZJfQBpTehOI5wR,4,1,liked,,2025-11-11T09:50:48Z,2025-11-11T09:50:48Z,,,,
4qqhqeRT8LtgmaJCsYxZFL,Rise + Fall,I Hear Sirens,Stella Mori,2020,2020,,post-rock,post-rock,2020-09-18,220880,False,,https://open.spotify.com/track/4qqhqeRT8LtgmaJCsYxZFL,6oFono9H9Z13Y5j2iac6cS,2KOMKD4NveC92pilzckUTf,7,1,liked,,2024-09-06T18:22:26Z,2024-09-06T18:22:26Z,,,,
7dHfqkVERZiQJPwBDaX2zS,Adekvat,"I, Captain",Kemisk välfärd,2023,2023,,classical,classical,2023-05-12,522580,False,,https://open.spotify.com/track/7dHfqkVERZiQJPwBDaX2zS,043t3bkavZU9uC37nKqGtr,18MzhLZN3Xr2Y0wRuuYb8X,3,1,liked,,2023-05-26T12:07:52Z,2023-05-26T12:07:52Z,,,,
4D9si74tOV1VMekTxgnN9S,Out of My Mind,Ian Gillan; Tony Iommi; Jason Newsted; Nicko McBrain; Linde Lindström; Jon Lord,Out of My Mind / Holy Water,2011,2011,,heavy metal,heavy metal; hard rock; electronic; progressive rock; classic rock,2011-05-06,318680,False,,https://open.spotify.com/track/4D9si74tOV1VMekTxgnN9S,2MBmwFle6jcTtZW0kQUkOi,4QCflfSOonkybNw5D7GqGk; 7iA7uWUkWLpapsaaqmzRQV; 6t6MHPPM4aABhwSLfvn35z; 4R51AJQhVr0rEha3LB2161; 18tkkMra7C4uK6jzojtNjA; 4ff6Uen2n24VIpFt1l10ek,1,1,liked,,2023-04-10T16:28:04Z,2023-04-10T16:28:04Z,,,,
3Hg9h0cZ3Ym5gh9L6Jzy8k,Crawl! - DGG Edit,IDLES,Crawl! (DGG Edit),2022,2022,,post-punk,post-punk; art rock; post-hardcore; art punk; new wave,2022-02-08,225491,True,,https://open.spotify.com/track/3Hg9h0cZ3Ym5gh9L6Jzy8k,6PJ06SzTVmshkQgAXAutBj,75mafsNqNE1WSEVxIKuY5C,1,1,liked,,2023-04-10T16:28:04Z,2023-04-10T16:28:04Z,,,,
0suuqY0VYNHcVk8Akz4pFp,Signs (Jody Wisternoff Remix),Ikon; Jody Wisternoff,Signs - EP,2007,2007,,gothic rock,gothic rock; progressive house; electronic; deep house; darkwave,2007-03-19,397119,False,,https://open.spotify.com/track/0suuqY0VYNHcVk8Akz4pFp,6IgWECgamugYkYiFzGF6iu,5BYgFFpGVMzMfwE5sjC42a; 5gTVJRQmuS88nOhhdHqErL,2,1,liked,,2023-04-10T16:28:04Z,2023-04-10T16:28:04Z,,,,
0MFLaPIIryLx1zNOXGlPwY,I Believe in Me,Illdisposed,1-800 Vindication,2004,2004,,death metal,death metal; melodic death metal; groove metal,2004-10-04,273906,False,,https://open.spotify.com/track/0MFLaPIIryLx1zNOXGlPwY,2ztoFn0g9GtQ08XdA6K7x2,1B7QysZd61axZ8HxJgAVRV,1,1,liked,,2025-12-17T12:58:23Z,2025-12-17T12:58:23Z,,,,
6UBbYpErZJMCL0NIimAOTk,Bend Towards The Dark,Immolation,Descent,2026,2026,,death metal,death metal,2026-04-10,236573,False,,https://open.spotify.com/track/6UBbYpErZJMCL0NIimAOTk,1mDaT2RNgf04P88aTEjTeL,3rt16vhD1OuULlsyxUUWIt,6,1,liked,,2026-04-27T10:17:18Z,2026-04-27T10:17:18Z,,,,
1T3a3zqx9cSw9IOKB0505T,1539,Impious Vesper,Memoria Mortuorum,2025,2025,,death metal,death metal; thrash metal,2025-12-30,527482,False,,https://open.spotify.com/track/1T3a3zqx9cSw9IOKB0505T,5T65dKS6mrzibZwc914LX1,5cR0BwrbCX84C3pevW0YZO,1,1,liked,,2026-01-23T07:13:25Z,2026-01-23T07:13:25Z,,,,
2z5lSCbzVRMrBpc8jJFSAZ,Come Clarity,In Flames,Come Clarity,2006,2006,,melodic death metal,melodic death metal; gothenburg metal; heavy metal; metalcore; death metal,2006-02-03,255712,False,,https://open.spotify.com/track/2z5lSCbzVRMrBpc8jJFSAZ,2fLMg10IFuqgkmSlIAXjwu,57ylwQTnFnIhJh4nu4rxCs,6,1,liked,,2023-04-10T16:28:04Z,2023-04-10T16:28:04Z,,,,
1BrNlDfNogIW7XFPNGFHLq,Among the Edge-Lands,INDEX III; Leonid Fyodorov; Vladimir Martynov; Tatiana Grindenko; Elizabad Volkova,Live at the Edge-Lands,2025,2025,,rock,rock; classical,2025-06-13,552000,False,,https://open.spotify.com/track/1BrNlDfNogIW7XFPNGFHLq,6CEa3djAfzI2uAYnlMD23O,4CFDRqarW2jWrxBDPj65fA; 0dyYPoPve1XXRzhEZ9ujjA; 5oLXPtqJveGbowHgv9g0Y8; 0ObLZWHbVP90nhaGJ9FhSI; 3ZZ4pmgtiH29Cpxz2OnVKn,4,1,liked,,2025-12-02T18:48:32Z,2025-12-02T18:48:32Z,,,,
5KAdUVmavGm3EKYO7AYIYT,Ninth Wave,Indukti,Idmen,2011,2011,,post-metal,post-metal; progressive rock; progressive metal,2011-06-06,692133,False,,https://open.spotify.com/track/5KAdUVmavGm3EKYO7AYIYT,1f8tN0zg7fySuPLvAKnjAR,50O4F2FV8zyBRRSyeHRFrV,8,1,liked,,2023-04-10T16:28:04Z,2023-04-10T16:28:04Z,,,,
1RZ69cUuq3amCOd2WlSyhd,Luciferian Rays,Inquisition,Black Mass for a Mass Grave,2020,2020,,black metal,black metal; thrash metal,2020-11-20,394019,True,,https://open.spotify.com/track/1RZ69cUuq3amCOd2WlSyhd,3vWuxrZbpcw1D5ho4d9zj8,4BXKhsgc3Bx8Etj7A128Vm,2,1,liked,,2023-04-10T16:28:04Z,2023-04-10T16:28:04Z,,,,
4EzEpeppugtT8azHYge3U6,Night Of The Vampire,Integrity,All Death is Mine: Total Domination,2024,2024,,metalcore,metalcore; hardcore punk,2024-01-09,267394,False,,https://open.spotify.com/track/4EzEpeppugtT8azHYge3U6,2eetsbBNEu22MDdsR2UIg2,3L3FDQpQskFnHiISPYHmBo,13,1,liked,,2024-02-05T06:09:16Z,2024-02-05T06:09:16Z,,,,
0ZvZI6D1lXP23RH8ZN4gH1,Cease to Exist,Integrity,Split with Earth Crisis,2025,2025,,metalcore,metalcore; hardcore punk,2025-02-25,435893,False,,https://open.spotify.com/track/0ZvZI6D1lXP23RH8ZN4gH1,6s4Mi5g67fpa8EXhdXTmYI,3L3FDQpQskFnHiISPYHmBo,1,1,liked,,2025-03-03T05:36:52Z,2025-03-03T05:36:52Z,,,,
0tzfH5AOmKZElt7Q6me7Gb,Purple Rain,Inter Arma,Garbers Days Revisited,2020,2020,,sludge metal,sludge metal; post-metal; black metal; doom metal; progressive metal,2020-07-10,473000,False,,https://open.spotify.com/track/0tzfH5AOmKZElt7Q6me7Gb,4Wv1Nvmw1HIprqEoSX07cv,5ZG7r3Jg0Y1hGQRMQ8hdRs,8,1,liked,,2025-05-01T17:05:05Z,2025-05-01T17:05:05Z,,,,
1ZBqJilDGBVYktvlCEo9jC,Obstacle 1,Interpol,Turn On The Bright Lights,2002,2002,,indie rock,indie rock; post-punk; post-punk revival; synthpop; alternative rock,2002-08-20,251293,False,,https://open.spotify.com/track/1ZBqJilDGBVYktvlCEo9jC,4sW8Eql2e2kdRP1A1R1clG,3WaJSfKnzc65VDgmj2zU8B,2,1,liked,,2023-04-10T16:28:04Z,2023-04-10T16:28:04Z,,,,
0JXOn5l0xgsPypygXjtbFO,Killing Birds With Stones,Intronaut,Habitual Levitations (Instilling Words With Tones),2013,2013,,progressive metal,progressive metal; sludge metal; avant-garde metal; post-metal; sludge,2013-03-19,484306,False,,https://open.spotify.com/track/0JXOn5l0xgsPypygXjtbFO,1rmw7BwalsGaSJqJiGKIDA,17qfMEjKb5ry8L8mekQZfd,1,1,liked,,2023-04-10T16:28:04Z,2023-04-10T16:28:04Z,,,,
1yNNhfTgYaLxEHteC4GFlr,The Tower of Cosmic Nihility,IOTUNN,Access All Worlds,2021,2021,,melodic death metal,melodic death metal; progressive metal; power metal; progressive death metal; death metal,2021-02-26,450536,False,,https://open.spotify.com/track/1yNNhfTgYaLxEHteC4GFlr,0n2lmzkIfpLnZa3T1YaFry,3yJvUOZq6oH130RTa68hQz,5,1,liked,,2023-04-10T16:28:04Z,2023-04-10T16:28:04Z,,,,
3hd3xYwm83TdbAHSpf3N43,The Remains,Iress,"Sleep Now, In Reverse",2024,2024,,doomgaze,doomgaze; shoegaze; post-metal; alternative rock,2024-07-26,277177,False,,https://open.spotify.com/track/3hd3xYwm83TdbAHSpf3N43,7dgD2RpoUq9WkmAQMzFyQQ,7LlAk7lyxBJYpXXT0n7mtc,6,1,liked,,2025-04-03T06:56:10Z,2025-04-03T06:56:10Z,,,,
0OmLjzV3Y2AnjDEa2qRMe4,The Hunt,Iron Lamb,Blue Haze,2018,2018,,hard rock,hard rock; punk rock; heavy metal,2018-10-26,245320,False,,https://open.spotify.com/track/0OmLjzV3Y2AnjDEa2qRMe4,4Cvr9ctvGxmshUSfuZUZzx,6G9vhEoxtetSTrcvLee14u,4,1,liked,,2025-01-15T05:40:54Z,2025-01-15T05:40:54Z,,,,
1hKQTMANA30sndc8CumC5B,Carry,ISIS,Oceanic (Remastered),2002,2002,,post-metal,post-metal; sludge metal; post-rock; atmospheric sludge metal; progressive metal,2002-01-01,405247,True,,https://open.spotify.com/track/1hKQTMANA30sndc8CumC5B,2pzdk4kk4ujAuSFhkYv50o,2vsXeWGC8rILp3rpSN2Fyk,4,1,liked,,2025-02-10T10:45:44Z,2025-02-10T10:45:44Z,,,,
48F9rdWyRW7r1mrA46kcPO,In Fiction - Remastered,ISIS,Panopticon (Remastered),2004,2004,,post-metal,post-metal; sludge metal; post-rock; atmospheric sludge metal; progressive metal,2004-01-01,552514,False,,https://open.spotify.com/track/48F9rdWyRW7r1mrA46kcPO,4YVSY6TwnXWH7Jz4olWO1e,2vsXeWGC8rILp3rpSN2Fyk,3,1,liked,,2023-04-10T16:28:04Z,2023-04-10T16:28:04Z,,,,
0Z5XbDLRjQJELc7uqK3ftb,Lamina Christus,Isolation Ward,Point Final,2009,2009,,rock,rock; post-punk; new wave,2009-10-25,175693,False,,https://open.spotify.com/track/0Z5XbDLRjQJELc7uqK3ftb,5SrLEWXyISoRoSwkpFsYpy,22JRcgZYKhusAzHT4fP8Zl,1,1,liked,,2023-04-10T16:28:04Z,2023-04-10T16:28:04Z,,,,
5A5ZlLMrjdmkrxGCB1bCO2,Tore Hund,Ivar Bjørnson & Einar Selvik,Skuggsjá,2016,2016,,neofolk,neofolk,2016-03-10,226333,False,,https://open.spotify.com/track/5A5ZlLMrjdmkrxGCB1bCO2,7zES5GDCCBGZCvMS0gg4eT,6oMLJmmChVOrBm8MmcfHES,4,1,liked,,2023-04-10T16:28:04Z,2023-04-10T16:28:04Z,,,,
1FebDHOPs4RNPqQGHSJOwy,In the Pines,Jackson C. Frank,Fixin' to Die,2014,2014,,contemporary folk,contemporary folk,2014-02-24,208680,False,,https://open.spotify.com/track/1FebDHOPs4RNPqQGHSJOwy,2aAw3sid13GYem3SFXRAfu,5TNmizItgJPfvCoPKXAMGz,14,1,liked,,2023-04-10T16:28:04Z,2023-04-10T16:28:04Z,,,,
5gNchicUY2EvUvZOE2eBzg,Milk and Honey - 2001 Remaster,Jackson C. Frank,Jackson C. Frank (2001 Remastered Version),1965,1965,,contemporary folk,contemporary folk,1965,217266,False,,https://open.spotify.com/track/5gNchicUY2EvUvZOE2eBzg,07gXWexIqgcoBg01fFgU8Y,5TNmizItgJPfvCoPKXAMGz,6,1,liked,,2023-04-10T16:28:04Z,2023-04-10T16:28:04Z,,,,
0ZVPABdzJEa0nG85uAlBjB,With The Love In My Heart,Jacob Collier; Metropole Orkest; Jules Buckley,Djesse Vol. 1,2018,2018,,contemporary r&b,contemporary r&b; jazz; electronic; pop; classical,2018-12-07,408758,False,,https://open.spotify.com/track/0ZVPABdzJEa0nG85uAlBjB,47bMDS4CMLbqcIVjEMWUjK,0QWrMNukfcVOmgEU0FEDyD; 7JYdpWAsiqzrmMB3qxkEbI; 5gGbAKDXhDoBXIJe8SuBvX,3,1,liked,,2023-04-10T16:28:08Z,2023-04-10T16:28:08Z,,,,
1mvF5DyiiSUF9DHo9VJRea,Licensed to Kill,Jag Panzer,Ample Destruction,1984,1984,,heavy metal,heavy metal; power metal,1984,182360,False,,https://open.spotify.com/track/1mvF5DyiiSUF9DHo9VJRea,3hPCZTIpDH9trdWcirCnGW,2JR4c1UoM1JGxm4wIJ27v1,1,1,liked,,2023-04-10T16:28:04Z,2023-04-10T16:28:04Z,,,,
0qI0K27MyX8fNk4ive3Hmd,Oban,Jaga Jazzist,Starfire,2015,2015,,post-rock,post-rock; jazz fusion; acid jazz; jazz and blues,2015-06-01,761493,False,,https://open.spotify.com/track/0qI0K27MyX8fNk4ive3Hmd,6fYrUpMK6oECo0QeFwwRRm,68HFSFMCZzyRjkkm9bv5Vt,4,1,liked,,2023-04-10T16:28:04Z,2023-04-10T16:28:04Z,,,,
7DjprcQGRgBVmuVTTKasXH,Master Game,Jaguar,Power Games,1983,1983,,heavy metal,heavy metal; nwobhm,1983-01-01,260893,False,,https://open.spotify.com/track/7DjprcQGRgBVmuVTTKasXH,0mLIhdT0zwMgQxMQEyEB6k,2eXoEyhoSxGu7BFgHYLZiI,4,1,liked,,2024-11-25T11:54:22Z,2024-11-25T11:54:22Z,,,,
3SecF6AmVXFn1Ow8a3NK9r,Axe Crazy,Jaguar,The Neat Singles Collection: Vol. One,2002,2002,,heavy metal,heavy metal; nwobhm,2002-01-01,171640,False,,https://open.spotify.com/track/3SecF6AmVXFn1Ow8a3NK9r,6d3uRHpjsxJD8J9ht8v4U8,2eXoEyhoSxGu7BFgHYLZiI,15,1,liked,,2024-11-07T05:53:28Z,2024-11-07T05:53:28Z,,,,
1eSR38R86xuf06PB3CkDoV,Counting,Jakethehawk,Hinterlands,2021,2021,,hard rock,hard rock; blues rock; doom; stoner rock,2021-02-19,371217,False,,https://open.spotify.com/track/1eSR38R86xuf06PB3CkDoV,5A4hKg6TpYKPLKnLK94EgK,4oH8O6bpc9j8i2C4vJgVCa,1,1,liked,,2023-04-10T16:28:04Z,2023-04-10T16:28:04Z,,,,
7IygmspUj1IbnsDvAC3eh1,Malachite,Jakob,Solace,2006,2006,,post-rock,post-rock,2006-05-27,392960,False,,https://open.spotify.com/track/7IygmspUj1IbnsDvAC3eh1,7fM6KX7CxGwkVLBgL5gaoE,0SBEeMzVANjUpI6gTQdTic,1,1,liked,,2025-05-26T10:27:58Z,2025-05-26T10:27:58Z,,,,
3SQ9Hb9rfpJ02AWfaOPhpy,"It's A Man's, Man's, Man's World",James Brown & The Famous Flames,It's A Man's Man's Man's World,1966,1966,,soul,soul; funk; disco; rhythm & blues,1966-08-01,167373,False,,https://open.spotify.com/track/3SQ9Hb9rfpJ02AWfaOPhpy,3WQOQKNq8COxy0Ozv6YBb1,32r72WOqqRO1DtSznId7Lr,2,1,liked,,2023-04-10T16:28:04Z,2023-04-10T16:28:04Z,,,,
0dc69u24LnXu4MqVYPfROo,The Bomber A: Closet Queen B: Bolero C: Cast Your Fate To The Wind - Medley,James Gang,Greatest Hits,1973,1973,,hard rock,hard rock; blues rock; funk rock; psychedelic rock; country rock,1973-03-12,420800,False,,https://open.spotify.com/track/0dc69u24LnXu4MqVYPfROo,0uUewFCVqusWNAwGPA3Mro,5hfOHpGMsi8O3DA0ROLGqF,10,1,liked,,2024-10-20T14:56:21Z,2024-10-20T14:56:21Z,,,,
5h6SovHOYpIMlAkafxcbq3,Funk #49,James Gang,Rides Again,1970,1970,,hard rock,hard rock; blues rock; funk rock; psychedelic rock; country rock,1970-01-01,246293,False,,https://open.spotify.com/track/5h6SovHOYpIMlAkafxcbq3,0FHtUmahwAambT6S4boSP0,5hfOHpGMsi8O3DA0ROLGqF,1,1,liked,,2023-04-10T16:28:04Z,2023-04-10T16:28:04Z,,,,
1ZKzq94JUCdB7gJNChmJ8F,Codine,James Luther Dickinson; North Mississippi Allstars,"I'm Just Dead, I'm Not Gone",2012,2012,,blues rock,blues rock,2012-07-03,388863,False,,https://open.spotify.com/track/1ZKzq94JUCdB7gJNChmJ8F,7rwt2WGfy428jtIfNNtcGh,5DNw5rE0RG621HtZF10EDI; 714osTgzZrkyf3SGjggpfY,3,1,liked,,2023-04-10T16:28:04Z,2023-04-10T16:28:04Z,,,,
3CZvIBQ2EaCTD782jg7c3J,Derelict,Jari Lindholm,Trajectories,2021,2021,,black metal,black metal,2021-02-12,330813,False,,https://open.spotify.com/track/3CZvIBQ2EaCTD782jg7c3J,7zFD0w3RUG1EDzXO4Jvegz,4yLWOVhUq2NPiLj4xaaRvF,1,1,liked,,2025-09-22T12:31:48Z,2025-09-22T12:31:48Z,,,,
724W3i4KWbySh8hTrsSNFy,Cosmic Messenger,Jean-Luc Ponty,The Very Best Of Jean-Luc Ponty,2000,2000,,jazz rock,jazz rock; jazz fusion,2000-06-09,280200,False,,https://open.spotify.com/track/724W3i4KWbySh8hTrsSNFy,1CoLTcMT97IbSYysWBgPvS,3SInttLnvf5G4Aa95aAYPr,8,1,liked,,2023-04-10T16:28:04Z,2023-04-10T16:28:04Z,,,,
1Nks4I4PNksfuM5CxgjN5a,You're the One That I Need,Jellis,You're the One That I Need,2017,2017,,rock,rock; electronic; pop; disco,2017-10-28,216375,False,,https://open.spotify.com/track/1Nks4I4PNksfuM5CxgjN5a,7BvM3Gszft3GOPs47snvtK,1WQB3MUY8am8dxKhfQWM1p,1,1,liked,,2023-04-10T16:28:04Z,2023-04-10T16:28:04Z,,,,
5s6gA3IQTbVqv8utc5jVcn,Cats Under The Stars,Jerry Garcia Band; Jerry Garcia,Cats Under the Stars (Expanded),1978,1978,,jam band,jam band; psychedelic rock; folk rock; roots rock; country rock,1978-04-15,331000,False,,https://open.spotify.com/track/5s6gA3IQTbVqv8utc5jVcn,4yMdFHGZTkXQsU4M55VjeZ,1YTe4dNIoWX3iHX8H4xVeM; 3QDaXfnxfQqqJQK5lSdjLN,4,1,liked,,2023-04-10T16:28:04Z,2023-04-10T16:28:04Z,,,,
5UuikgHTxSRFRnC0zXx10i,Aqualung,Jethro Tull,Aqualung (Special Edition),1971,1971,,progressive rock,progressive rock; folk rock; blues rock; hard rock; classic rock,1971-03-19,396186,False,,https://open.spotify.com/track/5UuikgHTxSRFRnC0zXx10i,0NGM3Ftwjw0dLNpAowmz3x,6w6z8m4WXX7Tub4Rb6Lu7R,1,1,liked,,2023-04-10T16:28:04Z,2023-04-10T16:28:04Z,,,,
3rFAKoUoTUtREl0ob24L4h,A Song for Jeffrey - Mono,Jethro Tull,Living in the Past,2007,2007,,progressive rock,progressive rock; folk rock; blues rock; hard rock; classic rock,2007-03-16,204640,False,,https://open.spotify.com/track/3rFAKoUoTUtREl0ob24L4h,4xOhK9LXV4Kz4VI1N7lOSO,6w6z8m4WXX7Tub4Rb6Lu7R,1,1,liked,,2023-04-10T16:28:04Z,2023-04-10T16:28:04Z,,,,
03lFYhU7cO16KCNxqw0A1v,Runnin For The Line,JJ's Powerhouse,Runnin For The Line,2023,2023,,hard rock,hard rock,2023-01-25,231585,False,,https://open.spotify.com/track/03lFYhU7cO16KCNxqw0A1v,5WEjEvyOjLiVgfWIJAasjd,3xAG1t22TgHWoK5zk49Sek,1,1,liked,,2026-01-31T09:38:34Z,2026-01-31T09:38:34Z,,,,
533kRGcnzayZm0wOn4TI3J,Christobel,Joan As Police Woman,Real Life,2007,2007,,singer-songwriter,singer-songwriter; rock and indie,2007-07-22,186253,False,,https://open.spotify.com/track/533kRGcnzayZm0wOn4TI3J,2WD1CkGrspWkW6U8Ya4Ow0,6PBv8t9YTLggA9ZMwpeoqj,7,1,liked,,2023-04-10T16:28:04Z,2023-04-10T16:28:04Z,,,,
1bdwq9uYcFg3VuH8hRuKtn,The Magic,Joan As Police Woman,The Deep Field,2011,2011,,singer-songwriter,singer-songwriter; rock and indie,2011-01-24,249533,False,,https://open.spotify.com/track/1bdwq9uYcFg3VuH8hRuKtn,08YrnMXwpyjBOOvIu8kvBY,6PBv8t9YTLggA9ZMwpeoqj,2,1,liked,,2023-04-10T16:28:04Z,2023-04-10T16:28:04Z,,,,
5hob2jVM2gA74CyJ4G4bJZ,Sloe Gin,Joe Bonamassa,Sloe Gin,2007,2007,,blues rock,blues rock; electric blues,2007-08-21,492066,False,,https://open.spotify.com/track/5hob2jVM2gA74CyJ4G4bJZ,3bwBNisdCXUL1rljZK6KOy,2SNzxY1OsSCHBLVi77mpPQ,5,1,liked,,2023-04-10T16:28:04Z,2023-04-10T16:28:04Z,,,,
3irdW2tUkQX3pxKqkibKqp,"Rockin' In the Free World - Live at The Uptown Theater, Kansas City, MO - October 21, 2003",Joe Satriani; Steve Vai; Yngwie Malmsteen,G3 Live: Rockin' in the Free World,2004,2004,,hard rock,hard rock; instrumental rock; power metal; progressive rock; progressive metal,2004-02-17,749040,False,,https://open.spotify.com/track/3irdW2tUkQX3pxKqkibKqp,01ppSbyKEg1V1I9Dr5MI5z,2yzxX2DI9LFK8VFTyW2zZ8; 32Jb1X3wSmmoHj2epZReZA; 5DpSoH5zCXNRqYai7pmcGG,3,2,liked,,2023-04-10T16:28:04Z,2023-04-10T16:28:04Z,,,,
2m3NWWjvSVw3ZqAPyRfo6y,"Partita No. 2 in D Minor, BWV 1004: V. Chaconne (Arr. by Ulrich Strake)",Johann Sebastian Bach; Ferruccio Busoni; Aniello Desiderio; Zoran Dukic,"Partita No. 2 in D Minor, BWV 1004: V. Chaconne (Arr. by Ulrich Strake)",2023,2023,,classical,classical; tango; baroque; romantic classical; orchestral,2023-10-13,1002803,False,,https://open.spotify.com/track/2m3NWWjvSVw3ZqAPyRfo6y,66nv0KmAO1yCRT3HwOfl1x,5aIqB5nVVvmFsvSdExz408; 7xH3VOMwOjnqGu7NERNUx1; 0pgdGQY61Yb7kJ4lKfYTig; 3KtXBAdMNdoLtIoLfBJkL0,1,1,liked,,2023-10-13T10:38:47Z,2023-10-13T10:38:47Z,,,,
0jCy6D96A3M4gFnAclxX23,The Lass From the Low Countree,John Jacob Niles; Hope Koehler; James Douglass,The Songs of John Jacob Niles,2008,2008,,folk,folk,2008-06-01,162920,False,,https://open.spotify.com/track/0jCy6D96A3M4gFnAclxX23,34kKNa3U4w1jAPoyv6d7ed,6XyuEajY6UbCmZbdANYlIG; 2LLJmPSQecGYLOjBUhkxvo; 2ngYdOCvmYSyyNAwMtvVv6,1,1,liked,,2023-04-11T15:53:42Z,2023-04-11T15:53:42Z,,,,
2NJGAT43AvS7BQvn2017yS,Hey Moon,John Maus,We Must Become the Pitiless Censors of Ourselves,2011,2011,,synth-pop,synth-pop; lo-fi; hypnagogic pop; minimal synth; minimal wave,2011-06-28,248706,False,,https://open.spotify.com/track/2NJGAT43AvS7BQvn2017yS,2vVA27QZ0iEJlIvrAxiFqq,4R073T3AVJKqAsbzLmLW9u,4,1,liked,,2023-04-10T16:28:04Z,2023-04-10T16:28:04Z,,,,
62hJnLxEWvEzmrFbU4D4As,Sunshine Of Your Love,John Norum,Another Destination,1995,1995,,hard rock,hard rock,1995-03-09,328533,False,,https://open.spotify.com/track/62hJnLxEWvEzmrFbU4D4As,31OtEf59d3MSS5ckc5TZ2H,6bLPZMOlLH9wiaQ0kO5nZh,7,1,liked,,2023-04-10T16:28:04Z,2023-04-10T16:28:04Z,,,,
6A2YsnkY5zSmT0jxCFc7Ci,What It Is,Jonathan Davis,Black Labyrinth,2018,2018,,industrial metal,industrial metal; nu metal; alternative metal,2018-05-25,234447,False,,https://open.spotify.com/track/6A2YsnkY5zSmT0jxCFc7Ci,2BSvkOzoQroJAzZZ3JJN8r,1VW5tZ9pmSb2rG0GmSELwW,13,1,liked,,2025-08-03T18:29:53Z,2025-08-03T18:29:53Z,,,,
7zRsyFrxDw7R4A8dg3Od2B,Darkest Light,Jono McCleery,Darkest Light,2008,2008,,pop,pop; folk; blues; singer-songwriter; soul,2008-05-05,204658,False,,https://open.spotify.com/track/7zRsyFrxDw7R4A8dg3Od2B,0JTJX16biVICWDYhkyOJaP,23usQJ95w7f95tnN4MJEgy,7,1,liked,,2023-04-10T16:28:04Z,2023-04-10T16:28:04Z,,,,
2l5PuwOt6w8IHq9ViMNla9,Of a Lifetime,Journey,Journey,1975,1975,,hard rock,hard rock; arena rock; aor; soft rock; pop rock,1975-04-01,409960,False,,https://open.spotify.com/track/2l5PuwOt6w8IHq9ViMNla9,28NkOYgAmfDMjecduDX7lL,0rvjqX7ttXeg3mTy8Xscbt,1,1,liked,,2023-04-10T16:28:04Z,2023-04-10T16:28:04Z,,,,
5uu1f3MppcpOKP1hKnVCt4,Mystery Mountain,Journey,Journey,1975,1975,,hard rock,hard rock; arena rock; aor; soft rock; pop rock,1975-04-01,262266,False,,https://open.spotify.com/track/5uu1f3MppcpOKP1hKnVCt4,28NkOYgAmfDMjecduDX7lL,0rvjqX7ttXeg3mTy8Xscbt,7,1,liked,,2024-03-12T08:11:50Z,2024-03-12T08:11:50Z,,,,
2F2upPU5FrzKvJPEciaomN,Manuaalit Hukassa,Jukka Nousiainen,Jukka Nousiainen,2016,2016,,rock,rock,2016-07-15,370600,False,,https://open.spotify.com/track/2F2upPU5FrzKvJPEciaomN,0TDDv6YBqMRUzI8M1onjI6,4caz6Vj1VQmQkDY7ABEhUn,3,1,liked,,2023-04-10T16:28:04Z,2023-04-10T16:28:04Z,,,,
4gww3Jsmig4mgKgMKhZtgi,In Heaven,Julian Lage,Love Hurts,2019,2019,,jazz fusion,jazz fusion; contemporary jazz,2019-02-22,274610,False,,https://open.spotify.com/track/4gww3Jsmig4mgKgMKhZtgi,72SR28cHjGmcS8xaJJ0fve,2TSuAchdgVzsAa9wDK1IeT,1,1,liked,,2023-04-10T16:28:04Z,2023-04-10T16:28:04Z,,,,
2KoctM1Q04nbelqgRadsZd,Betray The Grave,Junius,Reports from the Threshold of Death,2011,2011,,alternative rock,alternative rock; post-rock; post-metal,2011-10-24,255320,False,,https://open.spotify.com/track/2KoctM1Q04nbelqgRadsZd,7Fd2jpXVV32alEBVVGXKAg,2gx1v14c65YQU4p7ODeE9z,1,1,liked,,2023-04-10T16:28:04Z,2023-04-10T16:28:04Z,,,,
5IoMPCKmcSlTteXdRVCzCs,Águas Passadas,Kaatayra,Caminhos de Água,2026,2026,,atmospheric black metal,atmospheric black metal,2026-04-24,631600,False,,https://open.spotify.com/track/5IoMPCKmcSlTteXdRVCzCs,4dnrqBT6ghtzE3N700h5Ex,3OyLaiCyuraAe6hW2fsReN,3,1,liked,,2026-05-15T10:25:20Z,2026-05-15T10:25:20Z,,,,
3LxHb1rN9S7MsezJ4R7rQm,Raspletin,Kadavar; Elder,ELDOVAR - A Story of Darkness & Light,2021,2021,,heavy psych,heavy psych; stoner rock; psychedelic rock; stoner metal; doom metal,2021-12-03,299760,False,,https://open.spotify.com/track/3LxHb1rN9S7MsezJ4R7rQm,3598rImSp7s7aaOkQZFGme,0FfuujZJUa7Z2JzhhiPI2z; 1687IqXRdWmbRshgn194tT,5,1,liked,,2025-07-29T13:17:49Z,2025-07-29T13:17:49Z,,,,
7hyoiWYdCLOg6IPSb57W8j,Astral Voyager,Kal-El,"Astral Voyager, Vol. 1",2025,2025,,stoner rock,stoner rock; stoner metal,2025-05-16,568195,False,,https://open.spotify.com/track/7hyoiWYdCLOg6IPSb57W8j,5Rgw9MVL0fEOiBfkHpU0N9,0p0bJVJ56ozF6Ejhkdymcf,1,1,liked,,2025-06-19T10:42:19Z,2025-06-19T10:42:19Z,,,,
6ach03m92Y6aMfBoweKf08,Dødens Vee,Kampfar,Heimgang,2008,2008,,black metal,black metal; viking metal; pagan black metal; folklore,2008-09-26,264013,True,,https://open.spotify.com/track/6ach03m92Y6aMfBoweKf08,78a7efQKqz6c1XOAh3iz3o,35nZyw3d7OIbhGeqBEPIYQ,3,1,liked,,2023-04-10T16:28:04Z,2023-04-10T16:28:04Z,,,,
5ghjITRLO7yAGefZQFxoHZ,UNDER THE SIBERIAN STARS,KASPARIAN,UNDER THE SIBERIAN STARS,2024,2024,,electronic,electronic; downtempo; ambient; new age,2024-01-26,104273,False,,https://open.spotify.com/track/5ghjITRLO7yAGefZQFxoHZ,5tFNd3GihoIyIOUaIxRogh,4jegHxcaLtWXZL2EE28iEu,1,1,liked,,2024-02-15T10:20:23Z,2024-02-15T10:20:23Z,,,,
0ZEigpVOtVunIcimL7dJuh,My Twin,Katatonia,The Great Cold Distance,2006,2006,,progressive metal,progressive metal; doom metal; alternative metal; gothic metal; death-doom metal,2006-03-13,221066,True,,https://open.spotify.com/track/0ZEigpVOtVunIcimL7dJuh,3FKvu05whTUtsoMwnXEQ10,2CWWgbxApjbyByxBBCvGTm,4,1,liked,,2023-04-10T16:28:04Z,2023-04-10T16:28:04Z,,,,
5CeBScprfZSLKq9pSrbiE5,July,Katatonia,The Great Cold Distance,2006,2006,,progressive metal,progressive metal; doom metal; alternative metal; gothic metal; death-doom metal,2006-03-13,285306,True,,https://open.spotify.com/track/5CeBScprfZSLKq9pSrbiE5,3FKvu05whTUtsoMwnXEQ10,2CWWgbxApjbyByxBBCvGTm,9,1,liked,,2023-04-10T16:28:04Z,2023-04-10T16:28:04Z,,,,
7fvn9k1TibRIcdUPq3woyu,Journey Through Pressure,Katatonia,The Great Cold Distance,2006,2006,,progressive metal,progressive metal; doom metal; alternative metal; gothic metal; death-doom metal,2006-03-13,260600,True,,https://open.spotify.com/track/7fvn9k1TibRIcdUPq3woyu,3FKvu05whTUtsoMwnXEQ10,2CWWgbxApjbyByxBBCvGTm,12,1,liked,,2025-11-05T06:11:21Z,2025-11-05T06:11:21Z,,,,
1gGqd0eLe2XBwXKr3SxHKU,Wind of no Change,Katatonia,Wind of no Change,2025,2025,,progressive metal,progressive metal; doom metal; alternative metal; gothic metal; death-doom metal,2025-06-04,292560,False,,https://open.spotify.com/track/1gGqd0eLe2XBwXKr3SxHKU,1ngzziiE3nVGMP5zq8rmdC,2CWWgbxApjbyByxBBCvGTm,1,1,liked,,2025-06-04T06:15:43Z,2025-06-04T06:15:43Z,,,,
6BzVYLBpKZ8J2vTo3itgxP,Emerging Human,KATZROAR,Evolution,2024,2024,,dungeon synth,dungeon synth; dark ambient,2024-08-16,221093,False,,https://open.spotify.com/track/6BzVYLBpKZ8J2vTo3itgxP,29BLn4msf4arK8AwVu6Res,14kEabF9MiQJW37PNuLGgJ,3,1,liked,,2024-08-16T12:11:14Z,2024-08-16T12:11:14Z,,,,
5cKtfJsDA2hr0HI33iFKbw,Aeolus,KATZROAR,Invocation,2021,2021,,dungeon synth,dungeon synth; dark ambient,2021-09-09,190069,False,,https://open.spotify.com/track/5cKtfJsDA2hr0HI33iFKbw,0kmhchPCdNmGcfmxnfimEM,14kEabF9MiQJW37PNuLGgJ,2,1,liked,,2023-04-10T16:28:04Z,2023-04-10T16:28:04Z,,,,
49mtGo98RJNqVARkstvmd1,Pomegranate Seeds,KATZROAR,Invocation,2021,2021,,dungeon synth,dungeon synth; dark ambient,2021-09-09,87645,False,,https://open.spotify.com/track/49mtGo98RJNqVARkstvmd1,5TKCNBb8nPUwdTvHD0XPZ8,14kEabF9MiQJW37PNuLGgJ,5,1,liked,,2024-04-26T13:05:59Z,2024-04-26T13:05:59Z,,,,
6YACFl0OCY7ESUAKsEJ10U,Raivo,KAUAN,Ice Fleet,2021,2021,,post-rock,post-rock; doom metal; post-metal; dark folk; ambient post rock,2021-04-09,491168,False,,https://open.spotify.com/track/6YACFl0OCY7ESUAKsEJ10U,3Ei8xp7x6YY6AuHR60Ww6M,2QgzO1Z5XYu9zj3nOYsXUa,5,1,liked,,2023-04-10T16:28:04Z,2023-04-10T16:28:04Z,,,,
5UPjMlxmKfGCKra3hfcRyk,Lapsenmuisto,KAUAN,Kaiho,2017,2017,,post-rock,post-rock; doom metal; post-metal; dark folk; ambient post rock,2017-09-22,332000,False,,https://open.spotify.com/track/5UPjMlxmKfGCKra3hfcRyk,32NBoFmMaGIKjN6zYIh1lg,2QgzO1Z5XYu9zj3nOYsXUa,1,1,liked,,2023-04-10T16:28:04Z,2023-04-10T16:28:04Z,,,,
5li47PW9k3Lm44s9TOBQim,Akva,KAUAN,Sorni Nai,2015,2015,,post-rock,post-rock; doom metal; post-metal; dark folk; ambient post rock,2015-10-20,476530,False,,https://open.spotify.com/track/5li47PW9k3Lm44s9TOBQim,5PvChfV6UTytiRuwsoOx4V,2QgzO1Z5XYu9zj3nOYsXUa,1,1,liked,,2024-01-22T12:06:47Z,2024-01-22T12:06:47Z,,,,
4MLgAKfpWHVIfhZZv94BHF,haste / ascend,KAUAN,Wayhome,2025,2025,,post-rock,post-rock; doom metal; post-metal; dark folk; ambient post rock,2025-11-07,346344,False,,https://open.spotify.com/track/4MLgAKfpWHVIfhZZv94BHF,583UlFYgP9K1UqIqHquSDl,2QgzO1Z5XYu9zj3nOYsXUa,6,1,liked,,2025-11-21T08:00:28Z,2025-11-21T08:00:28Z,,,,
4x1hdAW8LsCTCZWQydiWIB,Crown Of The Kings,Keep Of Kalessin,Armada,2006,2006,,melodic black metal,melodic black metal; black metal; thrash metal,2006-04-04,431480,True,,https://open.spotify.com/track/4x1hdAW8LsCTCZWQydiWIB,1EtJPWuofeFhRLw0vO93Mq,1Oos40mD8hfvswQWVjkbg5,2,1,liked,,2023-04-10T16:28:04Z,2023-04-10T16:28:04Z,,,,
0eL1AM7aHO1kFH50J8QUs0,As A Shadow Cast,Keep Of Kalessin,Through Times Of War,1997,1997,,melodic black metal,melodic black metal; black metal; thrash metal,1997,369173,False,,https://open.spotify.com/track/0eL1AM7aHO1kFH50J8QUs0,0qeWZCPIvaeyPx6Jikgdgj,1Oos40mD8hfvswQWVjkbg5,3,1,liked,,2023-04-10T16:28:04Z,2023-04-10T16:28:04Z,,,,
2J5dxClDG8T0YqI8CRsvTe,Lost at Sea,Kellermensch,Goliath,2017,2017,,alternative rock,alternative rock; post-hardcore,2017-10-27,270968,False,,https://open.spotify.com/track/2J5dxClDG8T0YqI8CRsvTe,0zAvZPqUVadNEtebPD3Jrq,0kQfuEQhZ0BxRSM5TyKolM,8,1,liked,,2023-04-10T16:28:04Z,2023-04-10T16:28:04Z,,,,
3Dp45phAlIRFLnTv8lD60h,Find Your Way,Kem,Kem Album II,2004,2004,,neo soul,neo soul; contemporary r&b; soul,2004-01-01,273493,False,,https://open.spotify.com/track/3Dp45phAlIRFLnTv8lD60h,5QWUi97BWRiWm0rtRfQRNT,1f2e3RQf7LHOum8NU61q0R,1,1,liked,,2023-04-10T16:28:04Z,2023-04-10T16:28:04Z,,,,
27ez36UX2Nw9ZLFXQRCx6B,Make Me A Present Of You,Kenny Dorham,Kenny Dorham Sings And Plays: This Is The Moment!,1958,1958,,jazz,jazz; hard bop; bebop,1958,186266,False,,https://open.spotify.com/track/27ez36UX2Nw9ZLFXQRCx6B,1KDRLyOy19QlUP6Hah6TWg,2fMvylhnE23sAlyePKK8er,10,1,liked,,2023-04-10T16:28:08Z,2023-04-10T16:28:08Z,,,,
1kiUtHauValzdTz03g9db9,The Bereaved,Khemmis,Absolution,2015,2015,,doom metal,doom metal; heavy metal; traditional doom metal,2015-07-10,541520,False,,https://open.spotify.com/track/1kiUtHauValzdTz03g9db9,0whX4FnppEoGJvKmwDrTxX,5Dejhd4zYKEUm6q1FLr1ik,6,1,liked,,2023-04-10T16:28:04Z,2023-04-10T16:28:04Z,,,,
0X6ph2SjyOCqfnN7rMDtXq,A Conversation with Death,Khemmis,Doomed Heavy Metal,2020,2020,,doom metal,doom metal; heavy metal; traditional doom metal,2020-04-17,290459,False,,https://open.spotify.com/track/0X6ph2SjyOCqfnN7rMDtXq,6VTtYJ1gXCbSqAa730Gw7O,5Dejhd4zYKEUm6q1FLr1ik,3,1,liked,,2023-04-10T16:28:04Z,2023-04-10T16:28:04Z,,,,
0dV6ZtPNRpPMpNmVTaVB0v,Blog og blek,Khold,Krek,2005,2005,,black metal,black metal,2005-10-18,185400,False,,https://open.spotify.com/track/0dV6ZtPNRpPMpNmVTaVB0v,3oOv2bYeQgHpbBCrendp9C,1jWLZOjuzRSkIxmrqAx4Vt,2,1,liked,,2023-04-10T16:28:04Z,2023-04-10T16:28:04Z,,,,
26n1Sd6SAo3d0aaMRX1AXa,Svart Helligdom,Khold,Masterpiss of Pain,2001,2001,,black metal,black metal,2001,206320,False,,https://open.spotify.com/track/26n1Sd6SAo3d0aaMRX1AXa,6Ex06j2dl01jpPjbKeEC2v,1jWLZOjuzRSkIxmrqAx4Vt,4,1,liked,,2023-04-10T16:28:04Z,2023-04-10T16:28:04Z,,,,
78sagekD7OOXDd1XsB5LD6,A Dream of Earth,Khonsu,The Xun Protectorate,2016,2016,,industrial metal,industrial metal; progressive metal; black metal,2016-11-18,470088,False,,https://open.spotify.com/track/78sagekD7OOXDd1XsB5LD6,71ABCZvkjCjZJaQHnVxNOa,1RGjVd2AAPAXjVZWYkmf7p,8,1,liked,,2023-04-10T16:28:04Z,2023-04-10T16:28:04Z,,,,
2MIavWMdvbYuRoA2Cw6VkN,August 10,Khruangbin,Con Todo El Mundo,2018,2018,,psychedelic rock,psychedelic rock; surf; alternative rock; blues; indie rock,2018-01-26,265410,False,,https://open.spotify.com/track/2MIavWMdvbYuRoA2Cw6VkN,3lziDe2aT9qXSDxeYuNm2y,2mVVjNmdjXZZDvhgQWiakk,4,1,liked,,2025-03-24T05:51:44Z,2025-03-24T05:51:44Z,,,,
3ezJklJWZRm6pWI3DQjW9e,Right,Khruangbin,Modern Love,2021,2021,,psychedelic rock,psychedelic rock; surf; alternative rock; blues; indie rock,2021-05-28,308913,False,,https://open.spotify.com/track/3ezJklJWZRm6pWI3DQjW9e,5oYObkUoxoZa52Z5FdzjPT,2mVVjNmdjXZZDvhgQWiakk,7,1,liked,,2023-04-10T16:28:04Z,2023-04-10T16:28:04Z,,,,
5el8o8F9zXlbgMun4IRxCj,Fight or Flight,Kick Puncher,Horizon,2017,2017,,synthwave,synthwave; darksynth,2017-11-10,170736,False,,https://open.spotify.com/track/5el8o8F9zXlbgMun4IRxCj,5cmlH7HqVYmdlysItLQJWw,1WvDvicIZrQVB2gFXZHIBN,3,1,liked,,2024-07-26T17:42:56Z,2024-07-26T17:42:56Z,,,,
7AaM3qK1PnqW2JkQxq6TeQ,Resolution,Kick Puncher,Magnatron,2015,2015,,synthwave,synthwave; darksynth,2015-07-14,184000,False,,https://open.spotify.com/track/7AaM3qK1PnqW2JkQxq6TeQ,7LFFQrgPPbPzS6Q61Y3o4F,1WvDvicIZrQVB2gFXZHIBN,11,1,liked,,2024-07-28T06:53:27Z,2024-07-28T06:53:27Z,,,,
2jywPd8LPFCsr5VW6NxH4Z,Ariah Being,Kiev,Falling Bough Wisdom Teeth,2013,2013,,psychedelic rock,psychedelic rock,2013-10-22,378426,False,,https://open.spotify.com/track/2jywPd8LPFCsr5VW6NxH4Z,3GtswezCq8Klu6UGMTOdcB,5H4xnuNXffgHtLO48AHOnP,2,1,liked,,2023-04-10T16:28:04Z,2023-04-10T16:28:04Z,,,,
1WPjX3Ar4BmPMnVlgiMwuQ,You'll Never Get To Me,Killing Joke,Killing Joke,2003,2003,,post-punk,post-punk; industrial metal; new wave; industrial rock; gothic rock,2003-07-15,379213,False,,https://open.spotify.com/track/1WPjX3Ar4BmPMnVlgiMwuQ,0QdWqJmpfrgIepHxGNU4Rs,0Zy4ncr8h1jd7Nzr9946fD,7,1,liked,,2023-04-10T16:28:04Z,2023-04-10T16:28:04Z,,,,
1zkQJfNo2KpqqCKOOvWPF4,Love Like Blood,Killing Joke,Laugh? I Nearly Bought One!,1992,1992,,post-punk,post-punk; industrial metal; new wave; industrial rock; gothic rock,1992-01-01,265466,False,,https://open.spotify.com/track/1zkQJfNo2KpqqCKOOvWPF4,0HkrY28rXvdAX5K15W2zdK,0Zy4ncr8h1jd7Nzr9946fD,15,1,liked,,2023-04-10T16:28:04Z,2023-04-10T16:28:04Z,,,,
1wEeNtO7z41aUqC80shxqK,You Keep Me Hangin On,Kim Wilde,Another Step,1986,1986,,synth-pop,synth-pop; new wave; dance-pop; pop rock; hi-nrg,1986,255220,False,,https://open.spotify.com/track/1wEeNtO7z41aUqC80shxqK,7g47QK9nosKX9B2zdd8yTs,73a6pNH4YtLNgDbPQwXveo,1,1,liked; playlist,DJ Blackheart,2025-05-16T17:52:42Z,2025-07-25T06:47:41Z,,,,
6cJXz1CzKbp4FDB40SJ6OZ,Heartbeat,King Crimson,Beat,1982,1982,,progressive rock,progressive rock; art rock; experimental rock; free improvisation; jazz fusion,1982-01-01,234653,False,,https://open.spotify.com/track/6cJXz1CzKbp4FDB40SJ6OZ,70UWdLBwzIDEu1o30kWGjG,7M1FPw29m5FbicYzS2xdpi,2,1,liked,,2023-04-10T16:28:04Z,2023-04-10T16:28:04Z,,,,
5RF3XKTeCfwX8C0TeHuF5s,Cadence and Cascade,King Crimson,In The Wake Of Poseidon,1970,1970,,progressive rock,progressive rock; art rock; experimental rock; free improvisation; jazz fusion,1970,277659,False,,https://open.spotify.com/track/5RF3XKTeCfwX8C0TeHuF5s,4dgsjsPIogKXhFlPZSYjvT,7M1FPw29m5FbicYzS2xdpi,3,1,liked,,2023-04-10T16:28:04Z,2023-04-10T16:28:04Z,,,,
3PewFQe9okc5oYE1BFHylQ,Fallen Angel,King Crimson,Red (Expanded & Remastered Original Album Mix),1974,1974,,progressive rock,progressive rock; art rock; experimental rock; free improvisation; jazz fusion,1974-01-01,363155,False,,https://open.spotify.com/track/3PewFQe9okc5oYE1BFHylQ,13dGZzRzFoejmyVXAbTPAH,7M1FPw29m5FbicYzS2xdpi,2,1,liked,,2023-04-10T16:28:04Z,2023-04-10T16:28:04Z,,,,
0LHqC4FmgTVusInNrImgrJ,Walking On Air,King Crimson,THRAK,1995,1995,,progressive rock,progressive rock; art rock; experimental rock; free improvisation; jazz fusion,1995-01-01,277987,False,,https://open.spotify.com/track/0LHqC4FmgTVusInNrImgrJ,3qgsEHi1mqPubkwk8UA33Q,7M1FPw29m5FbicYzS2xdpi,4,1,liked,,2023-04-10T16:28:04Z,2023-04-10T16:28:04Z,,,,
2MKXAkcFDDaFAlpgMEkeNH,One Time,King Crimson,THRAK,1995,1995,,progressive rock,progressive rock; art rock; experimental rock; free improvisation; jazz fusion,1995-01-01,321993,False,,https://open.spotify.com/track/2MKXAkcFDDaFAlpgMEkeNH,3qgsEHi1mqPubkwk8UA33Q,7M1FPw29m5FbicYzS2xdpi,10,1,liked,,2023-04-10T16:28:04Z,2023-04-10T16:28:04Z,,,,
5ucYi9C8TfDEgdufy9fvur,Fall Apart,King Dude,Beware of Darkness,2021,2021,,dark folk,dark folk; gothic country; neofolk; gothic rock; country,2021-08-20,129602,False,,https://open.spotify.com/track/5ucYi9C8TfDEgdufy9fvur,2PnG5aC9m6oNlLiewa8gIL,0erhjm5MwzWpFRFuorXLT2,9,1,liked,,2023-04-10T16:28:04Z,2023-04-10T16:28:04Z,,,,
3Nb5r6KxNQ5NVCDoJZoj17,Velvet Rope,King Dude,Music To Make War To,2018,2018,,dark folk,dark folk; gothic country; neofolk; gothic rock; country,2018-08-24,302000,False,,https://open.spotify.com/track/3Nb5r6KxNQ5NVCDoJZoj17,2ArYXICdrzofEg9JYN4oUW,0erhjm5MwzWpFRFuorXLT2,2,1,liked,,2023-04-10T16:28:04Z,2023-04-10T16:28:04Z,,,,
6Ob5IfshjGCSgOqbcm1Fl8,Our Love Will Carry On,King Dude,Sex,2016,2016,,dark folk,dark folk; gothic country; neofolk; gothic rock; country,2016-10-28,241332,False,,https://open.spotify.com/track/6Ob5IfshjGCSgOqbcm1Fl8,2QUf3qxHwZAX4jOYvm57v5,0erhjm5MwzWpFRFuorXLT2,4,1,liked,,2023-04-10T16:28:04Z,2023-04-10T16:28:04Z,,,,
4rT4LK2QwEGtw6FvwTQ4EK,Running,King Hobo,King Hobo,2008,2008,,stoner rock,stoner rock; hard rock; blues rock,2008-05-01,258680,False,,https://open.spotify.com/track/4rT4LK2QwEGtw6FvwTQ4EK,3CSKmLaA3TyMEOKJkYDiZh,2m59HW0hYHTs7zqw4jiTU8,1,1,liked,,2023-04-10T16:28:04Z,2023-04-10T16:28:04Z,,,,
0UAr4d5L0olXUkrSFj0YVy,There Are No Gnomes in Sweden,King Luan,There Are No Gnomes in Sweden,2019,2019,,new wave,new wave; synth-pop; cyberpunk; synthwave,2019-06-14,267530,False,,https://open.spotify.com/track/0UAr4d5L0olXUkrSFj0YVy,6vfXGnHBwCRN0pv3fheiKW,13Sb3Y27Wqzq3PWuxPnMh9,1,1,liked,,2023-04-10T16:28:04Z,2023-04-10T16:28:04Z,,,,
0aWvwHwfcH96GzEh4w9Emg,Morning Star,King Woman,Celestial Blues,2021,2021,,post-metal,post-metal; post-rock; doom; doom metal; drone,2021-07-30,233898,False,,https://open.spotify.com/track/0aWvwHwfcH96GzEh4w9Emg,3OKcePcXMmswbp5BOKIMWH,4C20AUsp5T2VNHmzSTSzYn,2,1,liked,,2023-04-10T16:28:04Z,2023-04-10T16:28:04Z,,,,
0BqIASAFnFG7GBfxmBebMG,What Love Can Be,Kingdom Come,Get It On: 1988-1991 - Classic Album Collection,2019,2019,,hard rock,hard rock; classic rock; heavy metal,2019-05-24,314160,False,,https://open.spotify.com/track/0BqIASAFnFG7GBfxmBebMG,2o8v2sQhmFAWlM7YZdJLVy,2YFKPea38AMhGqGSqkFF1Q,3,1,liked,,2023-04-10T16:28:04Z,2023-04-10T16:28:04Z,,,,
1dZMKLFlmENAKTHOcZx6ls,We Cannot Move,Kingston Wall,II,1993,1993,,psychedelic rock,psychedelic rock; progressive rock,1993,279293,False,,https://open.spotify.com/track/1dZMKLFlmENAKTHOcZx6ls,2kAaF7jQFJBIFkw29Kk4a0,2xiriLbuY0O9BA4dJEG70s,1,1,liked,,2023-04-10T16:28:04Z,2023-04-10T16:28:04Z,,,,
1Za42zP82buuWhIgBqQGC8,Shine On Me,Kingston Wall,II,1993,1993,,psychedelic rock,psychedelic rock; progressive rock,1993,427066,False,,https://open.spotify.com/track/1Za42zP82buuWhIgBqQGC8,2kAaF7jQFJBIFkw29Kk4a0,2xiriLbuY0O9BA4dJEG70s,8,1,liked,,2023-04-10T16:28:04Z,2023-04-10T16:28:04Z,,,,
26sgqMLFOhRrryoaPovlI2,Спокойная ночь,Kino,Группа крови,1988,1988,,progressive rock,progressive rock; prog related,1988-01-01,364009,False,,https://open.spotify.com/track/26sgqMLFOhRrryoaPovlI2,076YyFp9ZiNARVviQEOjom,2jkl2xJVm71azWAgZKyf42,4,1,liked; playlist,Русское поле экспериментов,2023-04-10T16:28:04Z,2023-08-03T08:39:35Z,,,,
7nzMU6ive8Zpv6Puqid46W,Пачка сигарет,Kino,Звезда по имени Солнце,1989,1989,,progressive rock,progressive rock; prog related,1989-01-01,266017,False,,https://open.spotify.com/track/7nzMU6ive8Zpv6Puqid46W,0wpsMlbmTwMN7zr421eMbr,2jkl2xJVm71azWAgZKyf42,6,1,liked; playlist,Русское поле экспериментов,2023-04-10T16:28:04Z,2023-08-03T08:39:47Z,,,,
0c58luGUfo3kkYLwkAQfxO,Лето,Kino,Чёрный альбом,1990,1990,,progressive rock,progressive rock; prog related,1990-01-01,354671,False,,https://open.spotify.com/track/0c58luGUfo3kkYLwkAQfxO,69ZJ5dzcZJdcgcs8hBLgtu,2jkl2xJVm71azWAgZKyf42,1,1,liked; playlist,Русское поле экспериментов,2023-04-10T16:28:04Z,2023-08-03T08:39:43Z,,,,
3LEOXTLXYIr34M1yVeSeQ1,Верь мне (Remake 2024),Kino,Это не любовь (Remake 2024),2024,2024,,progressive rock,progressive rock; prog related,2024-03-15,290954,False,,https://open.spotify.com/track/3LEOXTLXYIr34M1yVeSeQ1,6ieQLMk4CrNZvb49AnUURS,2jkl2xJVm71azWAgZKyf42,9,1,liked; playlist,Русское поле экспериментов,2024-03-22T06:08:51Z,2024-07-24T18:05:34Z,,,,
3onHM3etsRdtbTS7cgwkNb,Reason To Live,KISS,Crazy Nights,1987,1987,,hard rock,hard rock; glam rock; glam metal; heavy metal; classic rock,1987-09-18,240266,False,,https://open.spotify.com/track/3onHM3etsRdtbTS7cgwkNb,3UBqHwvxUDl6jWxY2RhmrN,07XSN3sPlIlB2L2XNcTwJw,8,1,liked,,2023-04-10T16:28:04Z,2023-04-10T16:28:04Z,,,,
5pcOAhkv8BiTpzWITZShKW,I Want You,KISS,Rock And Roll Over,1976,1976,,hard rock,hard rock; glam rock; glam metal; heavy metal; classic rock,1976-11-11,185333,False,,https://open.spotify.com/track/5pcOAhkv8BiTpzWITZShKW,6722nY178mLes49GPldnjj,07XSN3sPlIlB2L2XNcTwJw,1,1,liked,,2023-04-10T16:28:04Z,2023-04-10T16:28:04Z,,,,
5bGZTcRElLENI8gIw3cA0W,Naked City,KISS,Unmasked,1980,1980,,hard rock,hard rock; glam rock; glam metal; heavy metal; classic rock,1980-05-20,232106,False,,https://open.spotify.com/track/5bGZTcRElLENI8gIw3cA0W,3PlYLejxpxhtJcynfE08vE,07XSN3sPlIlB2L2XNcTwJw,4,1,liked,,2023-04-10T16:28:04Z,2023-04-10T16:28:04Z,,,,
3HGSi0QnCacjna3gUWEXa6,Ne Po Pogrebu Bochonochek Kataetsja,Kitka,The Vine,2003,2003,,folk,folk; vocal; world,2003-07-30,124973,False,,https://open.spotify.com/track/3HGSi0QnCacjna3gUWEXa6,7wQXgkVo0PKBQCio3IdRYe,2CuIvL2KKScKxy2P4U2kjv,5,1,liked,,2025-12-09T06:15:21Z,2025-12-09T06:15:21Z,,,,
76g4Ybt7SW4PvloFDIzsSX,Charlotte,Kittie,Spit,2000,2000,,nu metal,nu metal; heavy metal; death metal; new metal; alternative metal,2000-01-11,239066,True,,https://open.spotify.com/track/76g4Ybt7SW4PvloFDIzsSX,1afkQWD3zQlhOQLRRdZrOu,0ImEDe9tW5n4pxHOK39zIc,2,1,liked,,2023-04-10T16:28:04Z,2023-04-10T16:28:04Z,,,,
0VyuOxejOoHX57ZnJWXV32,Nebulous,Klone,Here Comes the Sun,2016,2016,,progressive metal,progressive metal; death metal; groove metal; french metal,2016-01-08,352626,False,,https://open.spotify.com/track/0VyuOxejOoHX57ZnJWXV32,3MRUz0Xu8O9IDshVw1eTOR,0J2gE1fVwnMhsh0OxUpUPT,5,1,liked,,2025-06-11T10:35:47Z,2025-06-11T10:35:47Z,,,,
0maHapexDOaOjaoZ0Yvo63,От любви к любви,Konstantin Nikolsky,Мне только снится жизнь моя,2018,2018,,liedermacher,liedermacher,2018-05-08,331466,False,,https://open.spotify.com/track/0maHapexDOaOjaoZ0Yvo63,0rqaha54VKhmIojNpO3uh7,5dVQc9NOQn0EdTO63dVAed,13,1,liked; playlist,Русское поле экспериментов,2024-05-24T12:38:35Z,2024-07-24T18:05:05Z,,,,
17OWpAhsfazcxppBDwR0TD,Mound,Krakow,Diin,2012,2012,,stoner metal,stoner metal; post-metal,2012-09-14,748309,False,,https://open.spotify.com/track/17OWpAhsfazcxppBDwR0TD,6rZ7udHDeYuLF42CddwrCT,7Ar0qgvUv9jpn9yKqIkoJY,4,1,liked,,2023-04-10T16:28:04Z,2023-04-10T16:28:04Z,,,,
0jlHVu93uXzBE4MPHacl31,Terrible Certainty,Kreator,Terrible Certainty (Expanded Edition),1987,1987,,thrash metal,thrash metal; heavy metal; death metal; hard rock; speed metal,1987-09-22,268800,False,,https://open.spotify.com/track/0jlHVu93uXzBE4MPHacl31,78sQC7kD8NP5DSvhmh07T0,3BM0EaYmkKWuPmmHFUTQHv,3,1,liked,,2024-05-15T13:57:34Z,2024-05-15T13:57:34Z,,,,
1EpGFCcMvqc5zcat2vlJJl,Behind the Mirror,Kreator,Terrible Certainty (Expanded Edition),1987,1987,,thrash metal,thrash metal; heavy metal; death metal; hard rock; speed metal,1987-09-22,271265,False,,https://open.spotify.com/track/1EpGFCcMvqc5zcat2vlJJl,78sQC7kD8NP5DSvhmh07T0,3BM0EaYmkKWuPmmHFUTQHv,8,1,liked,,2024-05-15T13:56:31Z,2024-05-15T13:56:31Z,,,,
6KZZFKCpMXoMjqjs2JKToa,The Light Encompasses Your Entire Being,Krisu,The Light Encompasses Your Entire Being,2024,2024,,chillstep,chillstep,2024-11-08,298914,False,,https://open.spotify.com/track/6KZZFKCpMXoMjqjs2JKToa,7bBqXtcI3pCY4rMsoMe2Yo,4fDwpQvKm3wRao9O2SzU89,1,1,liked,,2024-11-25T06:51:41Z,2024-11-25T06:51:41Z,,,,
3kbC1bX1fTPe9Y3HClEYDQ,The Veil,Kryptograf,Kryptograf,2020,2020,,stoner rock,stoner rock; progressive rock; heavy rock,2020-06-12,197309,False,,https://open.spotify.com/track/3kbC1bX1fTPe9Y3HClEYDQ,3DaeVgvvTg29Cc2TY4STX3,4byG8qtzmS341nStjDGbSD,1,1,liked,,2023-04-10T16:28:04Z,2023-04-10T16:28:04Z,,,,
7mknBo6S3KVSDAROMK1vzG,Lejoninna,Kultiration,Kultiration,2009,2009,,reggae,reggae,2009-04-08,363826,False,,https://open.spotify.com/track/7mknBo6S3KVSDAROMK1vzG,2RoHzym7uBhQdhg9hPtHcJ,5LpfSc34hwEqnPO4ayZFev,2,1,liked,,2023-04-10T16:28:04Z,2023-04-10T16:28:04Z,,,,
2wljbkACdiBPMe6tBsBazB,Agnaye Swaahaa,Kultiration,Kultiration,2009,2009,,reggae,reggae,2009-04-08,321613,False,,https://open.spotify.com/track/2wljbkACdiBPMe6tBsBazB,2RoHzym7uBhQdhg9hPtHcJ,5LpfSc34hwEqnPO4ayZFev,7,1,liked,,2023-04-10T16:28:04Z,2023-04-10T16:28:04Z,,,,
2c2nxvS3M91nubqRA3Jkgg,Check Baby,Kurt Vile,Bottle It In,2018,2018,,indie rock,indie rock; indie folk; lo-fi,2018-10-12,473906,False,,https://open.spotify.com/track/2c2nxvS3M91nubqRA3Jkgg,1UVthTEgHP0WcZZxqHtkvL,5gspAQIAH8nJUrMYgXjCJ2,7,1,liked,,2023-04-10T16:28:04Z,2023-04-10T16:28:04Z,,,,
1WCS98E9DtSfUNSCgeXzed,still don't feel it,kuyaagui,333,2024,2024,,ambient,ambient; electronic,2024-04-12,186668,False,,https://open.spotify.com/track/1WCS98E9DtSfUNSCgeXzed,68oS904xVkE7gtCOPmi2Gh,5MOyLeZu7QiqTzhCDOwmk0,2,1,liked,,2024-04-21T08:34:02Z,2024-04-21T08:34:02Z,,,,
15ac3cGZ5JLkeGU99Eul5q,neverbeenthere,kuyaagui,neverbeenthere,2024,2024,,ambient,ambient; electronic,2024-01-29,157620,True,,https://open.spotify.com/track/15ac3cGZ5JLkeGU99Eul5q,2a2iozr6MweZPQelhCcuhw,5MOyLeZu7QiqTzhCDOwmk0,1,1,liked,,2024-04-21T08:33:04Z,2024-04-21T08:33:04Z,,,,
6RXLIIY810aoklZ4QVUZQb,Lysning,Kveld,Lysning,2024,2024,,pagan folk,pagan folk; celtic chant,2024-04-27,273769,False,,https://open.spotify.com/track/6RXLIIY810aoklZ4QVUZQb,1G8MyJKBszdEnmuuBEYvpe,3ji6JgdovyG79SpMrZaEnL,1,1,liked,,2024-05-03T05:55:05Z,2024-05-03T05:55:05Z,,,,
445GvcvAF1FlwXM7bCPW1O,Ulvetid,Kvelertak,Kvelertak,2011,2011,,hardcore punk,hardcore punk; black metal; black 'n' roll; heavy metal; hard rock,2011-10-03,209800,True,,https://open.spotify.com/track/445GvcvAF1FlwXM7bCPW1O,5xWx2DMLGYJrbz77k6lxnh,0VE0GTaTSeeGSzrQpLmeb9,1,1,liked,,2023-04-10T16:28:04Z,2023-04-10T16:28:04Z,,,,
1yk4Uky6oS50wHByc90zsq,Utrydd Dei Svake,Kvelertak,Kvelertak,2011,2011,,hardcore punk,hardcore punk; black metal; black 'n' roll; heavy metal; hard rock,2011-10-03,382893,True,,https://open.spotify.com/track/1yk4Uky6oS50wHByc90zsq,5xWx2DMLGYJrbz77k6lxnh,0VE0GTaTSeeGSzrQpLmeb9,11,1,liked,,2023-04-10T16:28:04Z,2023-04-10T16:28:04Z,,,,
2tf0mNPcSU70uJ6Pip8j6J,Running Red - 2022 Remaster,Kylesa,Static Tensions (2022 Remaster),2009,2009,,sludge metal,sludge metal; stoner rock; stoner metal; desert rock; atmospheric sludge metal,2009-03-17,346013,False,,https://open.spotify.com/track/2tf0mNPcSU70uJ6Pip8j6J,5IcZbMCphgaFWXZ2EKCMHm,7mO0JGOATH8fVHvgCdZsXh,5,1,liked,,2026-03-09T11:45:57Z,2026-03-09T11:45:57Z,,,,
4Vuk0wkvcchcx3dyYOCF6Q,Unspoken,Kylesa,Ultraviolet,2013,2013,,sludge metal,sludge metal; stoner rock; stoner metal; desert rock; atmospheric sludge metal,2013-05-28,287733,False,,https://open.spotify.com/track/4Vuk0wkvcchcx3dyYOCF6Q,35qXLJqPw9ehORWpBNQiX3,7mO0JGOATH8fVHvgCdZsXh,2,1,liked,,2023-04-10T16:28:04Z,2023-04-10T16:28:04Z,,,,
6PBw9rUl0UQaQ7tzo53XJU,Donghu,Kylver,The Gobi,2025,2025,,post-metal,post-metal; progressive metal; progressive rock; post-rock; doom metal,2025-11-14,392179,False,,https://open.spotify.com/track/6PBw9rUl0UQaQ7tzo53XJU,63gNKIuohp9iNql2yqpSFh,6B8zMDvLv8WtB6dkJ8B2DS,2,1,liked,,2025-12-18T12:35:40Z,2025-12-18T12:35:40Z,,,,
1WPAQR4AGJq9LmZOI6KEax,One Inch Man,Kyuss,...And the Circus Leaves Town,1995,1995,,stoner rock,stoner rock; stoner metal; desert rock,1995-05-30,210733,True,,https://open.spotify.com/track/1WPAQR4AGJq9LmZOI6KEax,6O5lhr0v3ci9fMEIK5g5a9,3HCpwNmFp2rvjkdjTs4uxs,2,1,liked,,2023-04-10T16:28:04Z,2023-04-10T16:28:04Z,,,,
18EkFrYFOGyFK52iiWY8No,Gardenia,Kyuss,Welcome to Sky Valley,1994,1994,,stoner rock,stoner rock; stoner metal; desert rock,1994-06-07,413973,True,,https://open.spotify.com/track/18EkFrYFOGyFK52iiWY8No,2NU3mpjBFtZPUYjjT9pJoq,3HCpwNmFp2rvjkdjTs4uxs,1,1,liked,,2023-04-10T16:28:04Z,2023-04-10T16:28:04Z,,,,
32B4DCTnt8bBJWeLJzseCM,Hvítir Sandar,Kælan Mikla; Alcest,Undir Köldum Norðurljósum,2021,2021,,blackgaze,blackgaze; shoegaze,2021-10-15,277026,False,,https://open.spotify.com/track/32B4DCTnt8bBJWeLJzseCM,09F0rcm5kcsmNBV5UX2HHd,28meEMqGpDrolyQ9OVoDAH; 0d5ZwMtCer8dQdOPAgWhe7,9,1,liked,,2023-04-10T16:28:04Z,2023-04-10T16:28:04Z,,,,
6VGoUHx4w2VN8UntyOjrAY,From the Nothingness,Labyrinthus Stellarum,From the Nothingness,2024,2024,,atmospheric black metal,atmospheric black metal; black metal; space black metal,2024-03-01,308933,False,,https://open.spotify.com/track/6VGoUHx4w2VN8UntyOjrAY,5BGEK8anBzqmQyP5lLcTQh,01aKzpR7phgsyOpq4ndvB7,1,1,liked,,2024-04-08T05:49:11Z,2024-04-08T05:49:11Z,,,,
63hNanVxcSDdCEbIHZ0xww,Ravenous Planet,Labyrinthus Stellarum,Rift in Reality,2025,2025,,atmospheric black metal,atmospheric black metal; black metal; space black metal,2025-05-02,312156,False,,https://open.spotify.com/track/63hNanVxcSDdCEbIHZ0xww,4hXx7roeDOqjQO8CZ4CxjV,01aKzpR7phgsyOpq4ndvB7,2,1,liked,,2025-05-12T08:48:44Z,2025-05-12T08:48:44Z,,,,
6qa0BIpetiObTH5ZPIjLoo,Alle Gegen Alle,Laibach,NATO,1994,1994,,industrial,industrial; martial industrial; experimental; post-industrial; avant-garde,1994-01-01,232333,False,,https://open.spotify.com/track/6qa0BIpetiObTH5ZPIjLoo,2IcuIZRltOb5jQSZm0JyKk,7l4LQfvN4yz8zbK4WY0AAg,6,1,liked,,2025-12-17T06:25:36Z,2025-12-17T06:25:36Z,,,,
66Zx5H7J7r165sbZXLLEn1,To Die Is to Wake,Lake Of Tears,A Crimson Cosmos,1997,1997,,gothic metal,gothic metal; doom metal,1997-05-23,228333,False,,https://open.spotify.com/track/66Zx5H7J7r165sbZXLLEn1,1YFYnvmloDKy7221uUMyX6,13ltbymjg9upz4wOoF5TTs,6,1,liked,,2023-06-20T06:11:06Z,2023-06-20T06:11:06Z,,,,
5saWVhBFlnBI7YznzbSIEY,Eribo - I Collect the Stars,Lantlôs,Agape,2011,2011,,blackgaze,blackgaze; black metal; post-metal,2011-10-28,500266,False,,https://open.spotify.com/track/5saWVhBFlnBI7YznzbSIEY,3h5BoOnNgdHzLdIOKjg1CY,1cbBzQxiKcZCsit68iTbTJ,5,1,liked,,2023-04-10T16:28:04Z,2023-04-10T16:28:04Z,,,,
1KuGzgS3tXTinh04ckoNb7,Daisies,Lantlôs,Daisies,2026,2026,,blackgaze,blackgaze; black metal; post-metal,2026-01-08,165619,False,,https://open.spotify.com/track/1KuGzgS3tXTinh04ckoNb7,5OrkOMjTnkPWrbuMG0hhiN,1cbBzQxiKcZCsit68iTbTJ,1,1,liked,,2026-01-14T11:52:55Z,2026-01-14T11:52:55Z,,,,
6ripTgTnhs9hnD4qaE3Sci,Lake Fantasy,Lantlôs,Wildhund,2021,2021,,blackgaze,blackgaze; black metal; post-metal,2021-07-30,253531,False,,https://open.spotify.com/track/6ripTgTnhs9hnD4qaE3Sci,4joaiFXVmxObMdQ0Cj4HGS,1cbBzQxiKcZCsit68iTbTJ,1,1,liked,,2023-04-10T16:28:04Z,2023-04-10T16:28:04Z,,,,
25rmulFJwUrYY2C5SGuTTS,Forkboy,Lard,The Last Temptation Of Reid,1990,1990,,electronic,electronic; industrial; industrial rock; industrial metal; thrash metal,1990,233626,False,,https://open.spotify.com/track/25rmulFJwUrYY2C5SGuTTS,2rTILylL2lITqrlEWmXjx1,0tVaocnHutXh3lK8GxfaqJ,1,1,liked,,2023-04-10T16:28:04Z,2023-04-10T16:28:04Z,,,,
21RLQzdQ9xtX4AQLzaGgwZ,Rytter av dommedag,Lars Fredrik Frøislie,Fire Fortellinger,2023,2023,,progressive rock,progressive rock; symphonic prog,2023-06-02,1016992,False,,https://open.spotify.com/track/21RLQzdQ9xtX4AQLzaGgwZ,7kS5Tq5i2l2hRFoE66iqK4,6lFcRQm8sfh31LrPy8RzdQ,1,1,liked,,2023-06-25T07:58:25Z,2023-06-25T07:58:25Z,,,,
5cQaSg4IdvOLkUxsUcF6QU,Boreal Forest,Lauge,Boreal Forest,2024,2024,,ambient,ambient; downtempo,2024-04-05,164000,False,,https://open.spotify.com/track/5cQaSg4IdvOLkUxsUcF6QU,6rkPV6vCaYC1an8Y0oukjh,72Syhg4FIEracKDa3yumQY,1,1,liked,,2024-04-05T08:01:50Z,2024-04-05T08:01:50Z,,,,
1RYU22GygPwccYZ7aSmw7p,Echoes - Continuous Mix,Lauge,Echoes,2024,2024,,ambient,ambient; downtempo,2024-04-12,1722500,False,,https://open.spotify.com/track/1RYU22GygPwccYZ7aSmw7p,1STLy4d1E8nnRelFfh6CNx,72Syhg4FIEracKDa3yumQY,9,1,liked,,2024-04-15T13:02:19Z,2024-04-15T13:02:19Z,,,,
6PjkcNrixS7zNPoUG2f7VM,Fön,Lauge,Fön,2023,2023,,ambient,ambient; downtempo,2023-10-06,218500,False,,https://open.spotify.com/track/6PjkcNrixS7zNPoUG2f7VM,2h1JsY2NhGdOx2ojmSKN8n,72Syhg4FIEracKDa3yumQY,1,1,liked,,2023-10-06T04:27:01Z,2023-10-06T04:27:01Z,,,,
1vTrYTT5Byy3yPW5K5TwG1,Staring from a Distance,Lauge,Staring from a Distance,2025,2025,,ambient,ambient; downtempo,2025-04-18,454990,False,,https://open.spotify.com/track/1vTrYTT5Byy3yPW5K5TwG1,503EpL4JDX4xs8qJkXJekS,72Syhg4FIEracKDa3yumQY,1,1,liked,,2025-04-18T07:43:27Z,2025-04-18T07:43:27Z,,,,
4Fe0iOGw0FlGF7oMi1OcKs,Starlight,Lauge,Starlight,2024,2024,,ambient,ambient; downtempo,2024-05-10,154000,False,,https://open.spotify.com/track/4Fe0iOGw0FlGF7oMi1OcKs,0qOfWNPpypWzfGT9AxKPcT,72Syhg4FIEracKDa3yumQY,1,1,liked,,2024-05-11T11:34:24Z,2024-05-11T11:34:24Z,,,,
6JA1u704RR6ZVSWU1HjBzF,Cold,Lauge; Baba Gnohm,Cold,2024,2024,,ambient,ambient; downtempo,2024-06-28,198857,False,,https://open.spotify.com/track/6JA1u704RR6ZVSWU1HjBzF,1dtbylQga5fFEKUWQuAvqQ,72Syhg4FIEracKDa3yumQY; 2emlnsOgKrMMwXqpgpBMLF,1,1,liked,,2024-06-28T05:41:37Z,2024-06-28T05:41:37Z,,,,
1ZPcJkO4ksOyAekrbVDR7p,Echorize,Lauge; Baba Gnohm,Echorize,2024,2024,,ambient,ambient; downtempo,2024-09-06,428267,False,,https://open.spotify.com/track/1ZPcJkO4ksOyAekrbVDR7p,5hGrHaLtOTA9JrYrsIFMgq,72Syhg4FIEracKDa3yumQY; 2emlnsOgKrMMwXqpgpBMLF,1,1,liked,,2024-09-10T08:20:41Z,2024-09-10T08:20:41Z,,,,
4fNJxep3oGRz4mmYk0BlTV,Daybreak,Lauge; Baba Gnohm; Mikkel Govertz,Daybreak Revival,2013,2013,,ambient,ambient; downtempo,2013-03-23,442179,False,,https://open.spotify.com/track/4fNJxep3oGRz4mmYk0BlTV,4WLZqE69sPI2NznBge2v5E,72Syhg4FIEracKDa3yumQY; 2emlnsOgKrMMwXqpgpBMLF; 1YrLmcH4Lu0tcHiiEy7iU3,3,1,liked,,2023-04-10T16:28:04Z,2023-04-10T16:28:04Z,,,,
7vBJjT5MscGnWQUQdBDc1v,Freelance Fiend,Leaf Hound,Legend Of A Mind - The Underground Anthology,2002,2002,,heavy psych,heavy psych; hard rock; psychedelic rock,2002-01-01,189373,False,,https://open.spotify.com/track/7vBJjT5MscGnWQUQdBDc1v,7rVmN6Ts1yg6JPtfSV3Z2r,4rl5EBislX2Uc6nT6rYJIs,13,1,liked,,2023-04-10T16:28:04Z,2023-04-10T16:28:04Z,,,,
0R2KPhScxyAuujvokVHclb,Forever,League of Legends; Miscél,Sessions: Vi,2021,2021,,hip hop,hip hop; instrumental hip hop; lo-fi; lo-fi hip hop; chillwave,2021-07-02,165937,False,,https://open.spotify.com/track/0R2KPhScxyAuujvokVHclb,4WvKA2Da1YSVLyrW6aTNaK,47mIJdHORyRerp4os813jD; 5P8zM1rnE2owF1M5HzAuM5,32,1,liked,,2023-04-10T16:28:04Z,2023-04-10T16:28:04Z,,,,
0GRBFjza23Im7Xb16c9AaK,No Quarter - Remaster,Led Zeppelin,Houses of the Holy (Remaster),1973,1973,,hard rock,hard rock; blues rock; classic rock; folk rock; heavy metal,1973-03-28,422517,False,,https://open.spotify.com/track/0GRBFjza23Im7Xb16c9AaK,0GqpoHJREPp0iuXK3HzrHk,36QJpDe2go2KgaRleHCDTp,7,1,liked,,2023-04-10T16:28:04Z,2023-04-10T16:28:04Z,,,,
4OMu5a8sFpcRCPCcsoEaov,Babe I'm Gonna Leave You - 1990 Remaster,Led Zeppelin,Led Zeppelin,1969,1969,,hard rock,hard rock; blues rock; classic rock; folk rock; heavy metal,1969-01-12,401066,False,,https://open.spotify.com/track/4OMu5a8sFpcRCPCcsoEaov,3ycjBixZf7S3WpC5WZhhUK,36QJpDe2go2KgaRleHCDTp,2,1,liked,,2023-04-10T16:28:04Z,2023-04-10T16:28:04Z,,,,
78lgmZwycJ3nzsdgmPPGNx,Immigrant Song - Remaster,Led Zeppelin,Led Zeppelin III (Remaster),1970,1970,,hard rock,hard rock; blues rock; classic rock; folk rock; heavy metal,1970,146250,False,,https://open.spotify.com/track/78lgmZwycJ3nzsdgmPPGNx,6P5QHz4XtxOmS5EuiGIPut,36QJpDe2go2KgaRleHCDTp,1,1,liked,,2023-04-10T16:28:04Z,2023-04-10T16:28:04Z,,,,
5ko1X8CQVAojn9maBWXNGK,Arrete,Leech,For Better Or For Worse,2018,2018,,post-rock,post-rock; instrumental rock; progressive rock; post-metal,2018-09-14,444360,False,,https://open.spotify.com/track/5ko1X8CQVAojn9maBWXNGK,1cPqOaSrUEd7ePK3GefcMb,21DtKSgtPS1mEUQsSl6y6Y,5,1,liked,,2025-12-17T11:12:08Z,2025-12-17T11:12:08Z,,,,
2F5Vve3LbM699FQOls04OP,The Destroyer,Legend,From the Fjords (40th Anniversary Edition),2019,2019,,soul,soul; neo soul; soul and reggae; r&b; contemporary r&b,2019-07-31,305746,False,,https://open.spotify.com/track/2F5Vve3LbM699FQOls04OP,4bhE4o5TjR92uxZwIi5RIg,4W7LF81bddig6ILSL0ymQA,1,1,liked,,2024-12-05T17:04:46Z,2024-12-05T17:04:46Z,,,,
7il399lezGveBfUpkTT4gh,Castaway Angels,Leprous,Aphelion,2021,2021,,progressive metal,progressive metal; progressive rock; alternative rock; avant-garde metal; avant-garde,2021-08-27,293167,False,,https://open.spotify.com/track/7il399lezGveBfUpkTT4gh,1FqPZscG7gDH6utCpoWnkG,4lgrzShsg2FLA89UM2fdO5,9,1,liked,,2023-04-10T16:28:04Z,2023-04-10T16:28:04Z,,,,
1tBxs9BqNlBXbIxVaCBrv5,From the Flame,Leprous,Malina,2017,2017,,progressive metal,progressive metal; progressive rock; alternative rock; avant-garde metal; avant-garde,2017-08-25,231346,False,,https://open.spotify.com/track/1tBxs9BqNlBXbIxVaCBrv5,0DvboP39IwpnJU9QrKIpDW,4lgrzShsg2FLA89UM2fdO5,3,1,liked,,2025-10-29T18:03:14Z,2025-10-29T18:03:14Z,,,,
0mYZEfLd3lA44jWZsalmrd,L'échappée,Les Discrets,Septembre et ses dernières pensées,2010,2010,,shoegaze,shoegaze; post-rock; blackgaze; metalgaze,2010-03-26,243520,False,,https://open.spotify.com/track/0mYZEfLd3lA44jWZsalmrd,3tKmNbS4YlnbSpsoXUftfL,2VYbuGDGM7ipeu54IbKzyw,2,1,liked,,2023-04-10T16:28:04Z,2023-04-10T16:28:04Z,,,,
0njSyA8BBKgkX0ihQcqeN7,Song for Mountains,Les Discrets,Septembre et ses dernières pensées,2010,2010,,shoegaze,shoegaze; post-rock; blackgaze; metalgaze,2010-03-26,358866,False,,https://open.spotify.com/track/0njSyA8BBKgkX0ihQcqeN7,3tKmNbS4YlnbSpsoXUftfL,2VYbuGDGM7ipeu54IbKzyw,4,1,liked,,2024-06-16T11:43:33Z,2024-06-16T11:43:33Z,,,,
5hG8aoZiM7kYmk6XXAfGvy,Warrior,Lethal Steel,Legion of the Night,2015,2015,,heavy metal,heavy metal,2015,252373,False,,https://open.spotify.com/track/5hG8aoZiM7kYmk6XXAfGvy,2FH7nUXWoQe9aXyZwjThjU,0X1mmlSOTqR72YEl9qYzd5,4,1,liked,,2024-11-08T05:42:18Z,2024-11-08T05:42:18Z,,,,
2PTEvcIU7rpq2iAyn2Sm97,White Gold,Lethian Dreams,Just Passing By & Unreleased Requiems,2011,2011,,doom metal,doom metal; atmospheric doom metal; gothic metal; atmospheric metal,2011-06-01,273333,False,,https://open.spotify.com/track/2PTEvcIU7rpq2iAyn2Sm97,0EaMtO9Kcdcb0secggmZxi,0Qbh2M6eHClBu2UYzdmWMo,2,1,liked,,2023-04-10T16:28:04Z,2023-04-10T16:28:04Z,,,,
4LutDLidc1bJYQQWT6A7GA,Elusive,Lethian Dreams,Just Passing By & Unreleased Requiems,2011,2011,,doom metal,doom metal; atmospheric doom metal; gothic metal; atmospheric metal,2011-06-01,530346,False,,https://open.spotify.com/track/4LutDLidc1bJYQQWT6A7GA,0EaMtO9Kcdcb0secggmZxi,0Qbh2M6eHClBu2UYzdmWMo,9,1,liked,,2023-04-10T16:28:04Z,2023-04-10T16:28:04Z,,,,
41ABDMtm8AGyzDwSHWLFoY,Shades,Lethian Dreams,Red Silence Lodge,2014,2014,,doom metal,doom metal; atmospheric doom metal; gothic metal; atmospheric metal,2014-04-30,377886,False,,https://open.spotify.com/track/41ABDMtm8AGyzDwSHWLFoY,5oA09YSj0oGQR4W0WustwL,0Qbh2M6eHClBu2UYzdmWMo,2,1,liked,,2025-01-27T13:25:46Z,2025-01-27T13:25:46Z,,,,
4EIQKBSIHTLgPYpTFnApu3,Funeral Anthem,LIK,Misanthropic Breed,2020,2020,,death metal,death metal,2020-09-25,208000,False,,https://open.spotify.com/track/4EIQKBSIHTLgPYpTFnApu3,6AaCYCj2NF0zbGD9CTnUAH,0D5ly26kWmFNj6cbzIpJn7,3,1,liked,,2023-12-14T11:05:58Z,2023-12-14T11:05:58Z,,,,
3L48uWebIhPkojabANcLf6,headboard,Lil Ugly Mane,volcanic bird enemy and the voiced concern,2021,2021,,experimental hip hop,experimental hip hop; memphis rap; neo-psychedelia; slacker rock; noise,2021-10-12,211973,False,,https://open.spotify.com/track/3L48uWebIhPkojabANcLf6,4osMxywkQeNeGDzExEmAfB,2gPLG9mGaU67woC5L0luYA,10,1,liked,,2023-04-10T16:28:04Z,2023-04-10T16:28:04Z,,,,
66chbS8v9SOnmb8IePK1Qr,Sjelvind,Liljevars Brann,Helja Kor,2024,2024,,black metal,black metal; nordic folk,2024-09-27,448257,False,,https://open.spotify.com/track/66chbS8v9SOnmb8IePK1Qr,3JxB1FXk5sD4PtsRD55TT0,1nSOyd4K5peppKKSSchlNf,3,1,liked,,2024-10-08T06:57:04Z,2024-10-08T06:57:04Z,,,,
0ShB8rlcQF9yL01mUmAuLx,A Solitary Future,Liminal Sky; Ulver,A Solitary Future,2026,2026,,experimental,experimental; black metal; electronic,2026-04-24,291866,False,,https://open.spotify.com/track/0ShB8rlcQF9yL01mUmAuLx,5IsagTuQjJTnBcoI5cg2TK,1zeUhhqXA168NE8SY9Mpoc; 6bYFkBNvayh3nGqxcPp7Sv,1,1,liked,,2026-04-26T14:55:12Z,2026-04-26T14:55:12Z,,,,
4QXPuYRElPzO9UipjIfBfQ,Мало огня - Remastered,Linda,Песни тибетских лам (Remastered),1994,1994,,folk,folk; country; classic pop and rock,1994-01-01,332974,False,,https://open.spotify.com/track/4QXPuYRElPzO9UipjIfBfQ,1R6qLRsrldE8ZUYHaukrii,4Q72w3Y5FXJCzN5ehkoqLj,4,1,playlist,Русское поле экспериментов,2023-08-03T08:37:02Z,2023-08-03T08:37:02Z,,,,
7ioZKZPKvI2W0E42DDAOCU,Hildring,Lindy-Fay Hella; Dei Farne,Hildring,2021,2021,,nordic folk,nordic folk; dark folk,2021-11-26,208839,False,,https://open.spotify.com/track/7ioZKZPKvI2W0E42DDAOCU,5mQnkZ0MWQR6ceiAmuWLsL,03wtLmrx51o98GKld7O0RU; 7aDAr3Q59kweWz5LUu2n0H,1,1,liked,,2024-03-19T08:44:17Z,2024-03-19T08:44:17Z,,,,
4kBQppqTvtDjSYRjvZ7SdZ,Low Water,Lindy-Fay Hella; Dei Farne,Low Water,2024,2024,,nordic folk,nordic folk; dark folk,2024-02-16,235863,False,,https://open.spotify.com/track/4kBQppqTvtDjSYRjvZ7SdZ,43XgUY63iBP8fmIAbRLOSB,03wtLmrx51o98GKld7O0RU; 7aDAr3Q59kweWz5LUu2n0H,1,1,liked,,2024-05-31T17:22:06Z,2024-05-31T17:22:06Z,,,,
3FU93lhY0BlCTzed8c7yPe,This Is,Lizz Wright,The Orchard,2008,2008,,vocal jazz,vocal jazz; soul; gospel; rhythm and blues,2008-01-01,250026,False,,https://open.spotify.com/track/3FU93lhY0BlCTzed8c7yPe,2odKalCvBxw0Hostq9usL4,3K0BfjMh2dS8WITuiMuGGW,9,1,liked,,2023-04-10T16:28:04Z,2023-04-10T16:28:04Z,,,,
4lOZFV8Lb681ZZd8c7ZnqQ,Slow Bleed Gorgon / Pleasure Pave Seweres,Lock Up,Play Fast Or Die - Live in Japan,2008,2008,,deathgrind,deathgrind; death metal; grindcore,2008-08-19,143866,False,,https://open.spotify.com/track/4lOZFV8Lb681ZZd8c7ZnqQ,5ohDU1775Ou3o2REI3J4sI,0AKZrsOYW77C7QW1jzdhNX,18,1,liked,,2023-04-10T16:28:04Z,2023-04-10T16:28:04Z,,,,
26ov9tWKgxf5Bv9U3XKyzl,Negative Is the New Positive,Long Distance Calling,Ghost,2021,2021,,post-rock,post-rock; progressive rock; instrumental rock; progressive metal; progressive/post-rock,2021-02-26,530733,False,,https://open.spotify.com/track/26ov9tWKgxf5Bv9U3XKyzl,2qlRf3cy9GAQWKiAVpKcra,3SiCxhceGZgzusCLHd4Zz6,6,1,liked,,2023-04-10T16:28:04Z,2023-04-10T16:28:04Z,,,,
2KqpPZeZxGt7ayJ9Hd8adf,Headnumb,Loose Change,Headnumb,2024,2024,,funk,funk; soul,2024-05-01,223808,False,,https://open.spotify.com/track/2KqpPZeZxGt7ayJ9Hd8adf,72ATydH4iwWWu7ofgLSnqv,2PVeW9svmzGfstNCch6Q6F,1,1,liked,,2024-05-12T08:27:28Z,2024-05-12T08:27:28Z,,,,
1di7h244SmoeqEEGNfpIxO,Insomnia,Lost in Kyiv,Nuit Noire,2016,2016,,post-rock,post-rock; post-metal,2016-09-02,443226,False,,https://open.spotify.com/track/1di7h244SmoeqEEGNfpIxO,3OSB7K6iaLMJllRZDCzF4f,4VBq7oPj5Yi4Yfx4hopGY3,2,1,liked,,2023-04-10T16:28:04Z,2023-04-10T16:28:04Z,,,,
64DidMjXOKgZ5GxKRRRzcf,Shadow,Lost Weekend,Shadow,2023,2023,,pop,pop; instrumental rock; rock and roll; surf; rock & roll,2023-12-31,264937,False,,https://open.spotify.com/track/64DidMjXOKgZ5GxKRRRzcf,1RYao8PBeOeUOAXFgZHrs2,57wYetiR17xlzAnSGJsk76,1,1,liked,,2024-01-08T10:24:39Z,2024-01-08T10:24:39Z,,,,
7zTwrk3id0tFPFeUa6nG8B,Corruption on Earth,Lowen,Do Not Go To War With The Demons Of Mazandaran,2024,2024,,doom metal,doom metal; progressive metal; arabic folk music; heavy metal; stoner metal,2024-10-04,403571,False,,https://open.spotify.com/track/7zTwrk3id0tFPFeUa6nG8B,79tvicAFSw9tUc3qbxLf5P,2jJxBOcsVwHF0kYnnjsPu9,1,1,liked,,2025-04-14T13:30:52Z,2025-04-14T13:30:52Z,,,,
5waQ7NyOgTOqwdEI4TyB7Y,Waging War Against God,Lowen,Do Not Go To War With The Demons Of Mazandaran,2024,2024,,doom metal,doom metal; progressive metal; arabic folk music; heavy metal; stoner metal,2024-10-04,343405,False,,https://open.spotify.com/track/5waQ7NyOgTOqwdEI4TyB7Y,79tvicAFSw9tUc3qbxLf5P,2jJxBOcsVwHF0kYnnjsPu9,3,1,liked,,2025-04-14T11:16:21Z,2025-04-14T11:16:21Z,,,,
6VR5VM91OzYlbgAZh8u17g,Close to Violence,Lowood,Close to Violence,2009,2009,,rock,rock; pop,2009-01-01,207203,False,,https://open.spotify.com/track/6VR5VM91OzYlbgAZh8u17g,3h5SoKER6j2VpmhU7zMJAN,7vTdD24n2azhI0MQklhRgG,3,1,liked,,2023-04-10T16:28:04Z,2023-04-10T16:28:04Z,,,,
68KlsajBUvztTBpvfrd0BK,Wild Hearses,Lucifer,Lucifer IV,2021,2021,,heavy metal,heavy metal; occult rock; doom metal,2021-10-29,296160,False,,https://open.spotify.com/track/68KlsajBUvztTBpvfrd0BK,0IVV4hXH65maHm70S4oC5V,4fqjeVEalB6iB3BhKu5HwZ,2,1,liked,,2023-04-10T16:28:04Z,2023-04-10T16:28:04Z,,,,
5kwKET3sX9sTcjtlGdvfxU,Embrace Me,Lullacry,Be My God,2010,2010,,gothic metal,gothic metal,2010-01-01,199800,False,,https://open.spotify.com/track/5kwKET3sX9sTcjtlGdvfxU,7AIcS3jolNZWa60fvHQlSZ,5YEiU2cv6C6WBFS4epAT3i,1,1,liked,,2025-05-20T07:05:41Z,2025-05-20T07:05:41Z,,,,
10pXhXaHCMQ4rYsKPBa0XG,Whisper In The Chaos - Remastered,Lullacry; Ville Valo,Legacy 1998 - 2014,2014,2014,,gothic metal,gothic metal; gothic rock; alternative rock,2014-09-05,200493,False,,https://open.spotify.com/track/10pXhXaHCMQ4rYsKPBa0XG,2mArCvUIhOnToXCzSJ4TsY,5YEiU2cv6C6WBFS4epAT3i; 1c30Y9mJTjoLZhkKxDQMaR,5,2,liked,,2025-05-13T16:49:31Z,2025-05-13T16:49:31Z,,,,
07wIRc3hnVmfQ1uQAOu9Jk,Lunatic Soul,Lunatic Soul,Lunatic Soul,2008,2008,,progressive rock,progressive rock; art rock; new prog; crossover prog,2008-10-06,407293,False,,https://open.spotify.com/track/07wIRc3hnVmfQ1uQAOu9Jk,4S8YE4oWcqPOp1mLOTbP17,5kL0FLCWlo2xLmyRI68bW4,5,1,liked,,2024-08-27T10:07:52Z,2024-08-27T10:07:52Z,,,,
1UeGOulHJOatQ23bfr8K5D,Thirst,Lustre,A Thirst for Summer Rain,2022,2022,,atmospheric black metal,atmospheric black metal; ambient,2022-08-26,506133,False,,https://open.spotify.com/track/1UeGOulHJOatQ23bfr8K5D,1y0i6hgaPVjC8ysMQMtGik,0kcwQz8MibbVtQKuXJuBym,3,1,liked,,2023-09-13T13:44:08Z,2023-09-13T13:44:08Z,,,,
5cWIoa3mKP8UzC4s065Cv3,Dreaded Still,Lustre,Still Innocence,2017,2017,,atmospheric black metal,atmospheric black metal; ambient,2017-11-03,403714,False,,https://open.spotify.com/track/5cWIoa3mKP8UzC4s065Cv3,7sVTdpU6UH7THTeuG4LePH,0kcwQz8MibbVtQKuXJuBym,1,1,liked,,2025-09-29T06:49:52Z,2025-09-29T06:49:52Z,,,,
6vzi2VdyRFaD70XSNXTAo1,The First Snow,Lustre,The First Snow,2018,2018,,atmospheric black metal,atmospheric black metal; ambient,2018-02-23,658800,False,,https://open.spotify.com/track/6vzi2VdyRFaD70XSNXTAo1,0bEnGW8WzvwRxA3XCwbVMe,0kcwQz8MibbVtQKuXJuBym,1,1,liked,,2023-04-10T16:28:04Z,2023-04-10T16:28:04Z,,,,
0QLNsWTtgWVA02aORMktXU,Estrella,Lycia,Estrella,1998,1998,,dark wave,dark wave; darkwave; dream pop; gothic rock; ethereal wave,1998-05-05,376935,False,,https://open.spotify.com/track/0QLNsWTtgWVA02aORMktXU,0pxU6ERjDCxruZP0bZu7aF,6D2FZCqwDafnI49jrFYROE,5,1,liked,,2023-04-10T16:28:04Z,2023-04-10T16:28:04Z,,,,
2e6qroe20tHfu8aTQSTglt,On The Hunt,Lynyrd Skynyrd,Nuthin' Fancy (Expanded Edition),1975,1975,,southern rock,southern rock; hard rock; blues rock; americana; classic rock,1975,328466,False,,https://open.spotify.com/track/2e6qroe20tHfu8aTQSTglt,6SIQDipZD7xtkwnlS5FvQx,4MVyzYMgTwdP7Z49wAZHx0,5,1,liked,,2023-04-10T16:28:04Z,2023-04-10T16:28:04Z,,,,
2UQWW8rhNJo5tBt77LnbZH,I Need You,Lynyrd Skynyrd,Second Helping (Expanded Edition),1974,1974,,southern rock,southern rock; hard rock; blues rock; americana; classic rock,1974-04-15,415600,False,,https://open.spotify.com/track/2UQWW8rhNJo5tBt77LnbZH,54V1ljNtyzAm053oJqi0SH,4MVyzYMgTwdP7Z49wAZHx0,2,1,liked,,2023-04-22T09:36:27Z,2023-04-22T09:36:27Z,,,,
6qKf8ZehMh9wMo60nyr9QV,Lend A Helpin' Hand,Lynyrd Skynyrd,Skynyrd's First: The Complete Muscle Shoals Album,1998,1998,,southern rock,southern rock; hard rock; blues rock; americana; classic rock,1998-01-01,262026,False,,https://open.spotify.com/track/6qKf8ZehMh9wMo60nyr9QV,7cV1RYqvK1XhI8HMsbXlSg,4MVyzYMgTwdP7Z49wAZHx0,13,1,liked,,2023-04-10T16:28:04Z,2023-04-10T16:28:04Z,,,,
1pJGu1stf1M0RSbhaFqhDL,Serial Killer (80's Version),MACABRE,Grim Reality,2009,2009,,death metal,death metal; grindcore; thrash metal; murder metal; punk rock,2009-05-24,109249,False,,https://open.spotify.com/track/1pJGu1stf1M0RSbhaFqhDL,73sZYCgFfcZKnlJS67yp63,2lbJzDX11fy6cLeFtlkUA8,7,1,liked,,2024-10-23T07:36:12Z,2024-10-23T07:36:12Z,,,,
7qyARb4MZhYxQSWpmWWBJf,Fables,Macbeth,Vanitas,2001,2001,,gothic metal,gothic metal; symphonic metal; heavy metal,2001-08-27,305720,False,,https://open.spotify.com/track/7qyARb4MZhYxQSWpmWWBJf,2IFwuviAvdgVfstpW6405G,1PbWkxVa4QXtDuI8LEsboM,4,1,liked,,2023-04-10T16:28:04Z,2023-04-10T16:28:04Z,,,,
0fp8XEUc9Yxxd1Ago0VgyA,Cross The Tracks (We Better Go Back),Maceo And The Macks,Funky Good Time: The Anthology,1995,1995,,rock and indie,rock and indie,1995-02-28,198160,False,,https://open.spotify.com/track/0fp8XEUc9Yxxd1Ago0VgyA,2ykVx7x9XaezFnsfIoDmzy,0rDIqnqwAmDPL1gyzoFH9y,11,2,liked,,2023-04-10T16:27:00Z,2023-04-10T16:27:00Z,,,,
7BdI7ZL5DLKXIseDZF56BW,DUSTMAKER,Machine Head,UNATØNED,2025,2025,,thrash metal,thrash metal; groove metal; heavy metal; nu metal,2025-04-25,130353,False,,https://open.spotify.com/track/7BdI7ZL5DLKXIseDZF56BW,197VDX6RBWHRl7w89XcJWE,0lVlNsuGaOr9vMHCZIAKMt,7,1,liked,,2025-11-27T13:09:55Z,2025-11-27T13:09:55Z,,,,
2mOikNVrSEnmFTgOZU84m3,Keep on Movin' On,Magic,Enclosed,1969,1969,,synth-pop,synth-pop; electronic; synthpop; electropop; techno kayō,1969,200506,False,,https://open.spotify.com/track/2mOikNVrSEnmFTgOZU84m3,1WEBvtCfQHQBbieeFrxH06,5jfG6BpR9jiWewzPvOn62x,1,1,liked,,2023-04-10T16:28:04Z,2023-04-10T16:28:04Z,,,,
3nbGL9BWO8g6zchYpEssow,Wake up Girl,Magic,Enclosed,1969,1969,,synth-pop,synth-pop; electronic; synthpop; electropop; techno kayō,1969,149893,False,,https://open.spotify.com/track/3nbGL9BWO8g6zchYpEssow,1WEBvtCfQHQBbieeFrxH06,5jfG6BpR9jiWewzPvOn62x,5,1,liked,,2023-04-10T16:28:04Z,2023-04-10T16:28:04Z,,,,
0JqKEXcIUTZiL4w9W6FeEI,One Minus Two,Magic,Enclosed,1969,1969,,synth-pop,synth-pop; electronic; synthpop; electropop; techno kayō,1969,139106,False,,https://open.spotify.com/track/0JqKEXcIUTZiL4w9W6FeEI,1WEBvtCfQHQBbieeFrxH06,5jfG6BpR9jiWewzPvOn62x,6,1,liked,,2023-04-10T16:28:04Z,2023-04-10T16:28:04Z,,,,
6HuGq4EoARBr6URyb8032h,Who Am I to Say (I'll Just Play),Magic,Enclosed,1969,1969,,synth-pop,synth-pop; electronic; synthpop; electropop; techno kayō,1969,745666,False,,https://open.spotify.com/track/6HuGq4EoARBr6URyb8032h,1WEBvtCfQHQBbieeFrxH06,5jfG6BpR9jiWewzPvOn62x,7,1,liked,,2023-04-10T16:28:04Z,2023-04-10T16:28:04Z,,,,
0g01NvYliOtBigWoioDaut,Faces [Where is Life],MaidaVale,Sun Dog,2024,2024,,retro rock,retro rock; blues; stoner,2024-05-03,190238,False,,https://open.spotify.com/track/0g01NvYliOtBigWoioDaut,1rewDsz5nS7D6QO01orado,7rsoTsWjPBw9tyPbLXJko2,1,1,liked,,2024-08-31T13:21:49Z,2024-08-31T13:21:49Z,,,,
4rmnD54P4OuPB4eiSCnhwn,The World Unseen,Majesties,Vast Reaches Unclaimed,2023,2023,,melodic death metal,melodic death metal; death metal; black metal,2023-03-03,223760,False,,https://open.spotify.com/track/4rmnD54P4OuPB4eiSCnhwn,74fPoPJnStFBtkXFa34Q1Q,6ltmynMmgIUOQiL4eHlHyo,2,1,liked,,2025-02-11T17:41:06Z,2025-02-11T17:41:06Z,,,,
6HeqfrvtOER7DM6rSTrNIo,Vienna,Makthaverskan,Ill,2017,2017,,post-punk,post-punk; indie rock; dream pop,2017-10-13,203200,False,,https://open.spotify.com/track/6HeqfrvtOER7DM6rSTrNIo,3IDKWVLQ09a4PibB5EBd0s,57MIstrTi3Sw9J9yJybN0E,1,1,liked,,2023-04-10T16:28:04Z,2023-04-10T16:28:04Z,,,,
3bSpIDSZXpyIWp2kPiIXNv,Comfort,Makthaverskan,Ill,2017,2017,,post-punk,post-punk; indie rock; dream pop,2017-10-13,208066,False,,https://open.spotify.com/track/3bSpIDSZXpyIWp2kPiIXNv,3IDKWVLQ09a4PibB5EBd0s,57MIstrTi3Sw9J9yJybN0E,9,1,liked; playlist,YOU DIRTY PUNK,2023-08-05T07:22:45Z,2023-08-05T07:22:51Z,,,,
4gCjCJ4Src0QIQLj2oevgC,Comfort,Makthaverskan,Ill,2017,2017,,post-punk,post-punk; indie rock; dream pop,2017-10-13,208066,False,,https://open.spotify.com/track/4gCjCJ4Src0QIQLj2oevgC,2iXGF08w4o3w9esALdLKDQ,57MIstrTi3Sw9J9yJybN0E,9,1,liked,,2023-04-10T16:28:04Z,2023-04-10T16:28:04Z,,,,
62iYTRFb1HjJyEA2Mj1Uqn,Witness,Makthaverskan,Witness,2015,2015,,post-punk,post-punk; indie rock; dream pop,2015-02-06,186053,False,,https://open.spotify.com/track/62iYTRFb1HjJyEA2Mj1Uqn,76CxsN6cgUwtUB0LQ8XHEP,57MIstrTi3Sw9J9yJybN0E,1,1,liked,,2023-04-10T16:28:04Z,2023-04-10T16:28:04Z,,,,
7LGPYnhfh2M7ZdlYqbLkwe,Na Okraji Priepaste Otevíra Sa Hviezdny Zámek,Malokarpatan,Vertumnus Caesar,2023,2023,,black metal,black metal; heavy metal; dark ambient; black 'n' roll,2023-10-27,66853,False,,https://open.spotify.com/track/7LGPYnhfh2M7ZdlYqbLkwe,6yMc3ojACzPmigaB6LbsnX,0ubZb5LkGMpWUps33ulYrl,1,1,liked,,2024-08-25T08:31:25Z,2024-08-25T08:31:25Z,,,,
1VfuGgIUBh79N53YmI31IU,Kočár Postupuje Temnomodrými Dálavami Na Juhozápad,Malokarpatan,Vertumnus Caesar,2023,2023,,black metal,black metal; heavy metal; dark ambient; black 'n' roll,2023-10-27,375946,False,,https://open.spotify.com/track/1VfuGgIUBh79N53YmI31IU,6yMc3ojACzPmigaB6LbsnX,0ubZb5LkGMpWUps33ulYrl,2,1,liked,,2023-11-02T16:06:12Z,2023-11-02T16:06:12Z,,,,
2GEaMkn0mJCjajcLAvSQmZ,A Whisper of Dew,Mandragora Scream,A Whisper of Dew,2003,2003,,gothic metal,gothic metal,2003-01-01,497376,False,,https://open.spotify.com/track/2GEaMkn0mJCjajcLAvSQmZ,1VmgmBpujMv0CxQJz3eJJd,1AYR9Ow3g2tzBY9mQYCZUv,12,1,liked,,2024-05-21T10:19:30Z,2024-05-21T10:19:30Z,,,,
0UvBdp9ZpUJPogCCDZi4Ah,Necropolis,Manilla Road,Crystal Logic,2013,2013,,heavy metal,heavy metal; epic heavy metal; power metal; hard rock; us power metal,2013-11-29,191480,False,,https://open.spotify.com/track/0UvBdp9ZpUJPogCCDZi4Ah,3D33RVGhzxPqNyVB4ybRuP,1qt7m48wpniTuMJ2YsVBI5,2,1,liked,,2023-04-10T16:28:04Z,2023-04-10T16:28:04Z,,,,
3ARCXnuTN8yYDqRVWQN0AL,Feeling Free Again,Manilla Road,Crystal Logic,2013,2013,,heavy metal,heavy metal; epic heavy metal; power metal; hard rock; us power metal,2013-11-29,166360,False,,https://open.spotify.com/track/3ARCXnuTN8yYDqRVWQN0AL,3D33RVGhzxPqNyVB4ybRuP,1qt7m48wpniTuMJ2YsVBI5,4,1,liked,,2023-04-10T16:28:04Z,2023-04-10T16:28:04Z,,,,
1mww71sxkwIXWLAWe7MuXx,The Empire,Manilla Road,Roadkill Tapes & Rarities,2019,2019,,heavy metal,heavy metal; epic heavy metal; power metal; hard rock; us power metal,2019-09-27,810840,False,,https://open.spotify.com/track/1mww71sxkwIXWLAWe7MuXx,5WHoPRpZHBstDZ2thBhTmk,1qt7m48wpniTuMJ2YsVBI5,1,2,liked,,2023-04-10T16:28:04Z,2023-04-10T16:28:04Z,,,,
7o78fAVjxA1TpRtAtV5w5w,Just for Tonight,Manna; Ville Valo,Sister,2007,2007,,filmi,filmi; gothic rock; alternative rock,2007,237826,False,,https://open.spotify.com/track/7o78fAVjxA1TpRtAtV5w5w,7d2IatfOKBmnRMrcZ99coR,152kekcjUj3UzN8kwacp9t; 1c30Y9mJTjoLZhkKxDQMaR,4,1,liked,,2023-04-10T16:28:04Z,2023-04-10T16:28:04Z,,,,
3jHZe8pDJHezOSRiNkR7kZ,Hang 'Em Low (So the Rats Can Get 'Em),Mantar,Pain is Forever and This is the End,2022,2022,,sludge metal,sludge metal; black metal; doom metal; doom; sludge,2022-07-15,256173,False,,https://open.spotify.com/track/3jHZe8pDJHezOSRiNkR7kZ,2BuaDm6RzGt21iRmcBgsNP,6rVRU7I6r1lt6bhXGYTRQL,2,1,liked,,2024-12-09T08:17:51Z,2024-12-09T08:17:51Z,,,,
5tHch2cB9kCw71HuFqCMJm,My Girl,Marc Giugni; Marco Biolcati,M&M Acoustic Band live at Kompass Pub,2021,2021,,glam rock,glam rock; folk rock; psychedelic pop; psychedelic rock; psychedelic folk,2021-03-19,211000,False,,https://open.spotify.com/track/5tHch2cB9kCw71HuFqCMJm,1B5ZrSShUNsy32JQZU8Z9o,6sYWI4u2EQsOnecYpZWnfJ; 3gYRbRkvoTObc9lUvvRsCo,2,1,liked,,2023-04-10T16:28:04Z,2023-04-10T16:28:04Z,,,,
2UZZtkoLOg7IHxeTAdPFvd,Weightless Part 1,Marconi Union,Weightless (Ambient Transmission Vol. 2),2012,2012,,ambient,ambient; electronic; downtempo; post-rock; minimal techno,2012,486840,False,,https://open.spotify.com/track/2UZZtkoLOg7IHxeTAdPFvd,3d8apQ32ZVRDPFtllVTKGR,3nZ3ed6p4CKc1McTLypr6H,1,1,liked,,2023-10-13T06:06:54Z,2023-10-13T06:06:54Z,,,,
5F1FNfceUGMfLhz0RMon1O,It's Me Again,Marcus Miller,M2,2001,2001,,jazz-funk,jazz-funk; contemporary jazz; jazz fusion,2001-05-02,363866,False,,https://open.spotify.com/track/5F1FNfceUGMfLhz0RMon1O,2hr4XybRlCkBQXsMLWRGCj,6fmq5mv6HnduZdlTOEYBC9,8,1,liked,,2023-04-10T16:28:04Z,2023-04-10T16:28:04Z,,,,
0xry3O5RBZsiMLDD32kH1n,"Seven Angels, Seven Trumpets - remastered",Marduk,Plague Angel (Remastered),2004,2004,,black metal,black metal,2004-11-22,167453,False,,https://open.spotify.com/track/0xry3O5RBZsiMLDD32kH1n,74UnXwMaPJOWFn7IY5REKR,2lxB5NTcQXj7GGRR4xAVaH,3,1,liked,,2023-04-10T16:28:04Z,2023-04-10T16:28:04Z,,,,
4tOutGktqKSwH9GYfQFGiS,Friend,Mariana Semkina,Disillusioned,2021,2021,,folk,folk,2021-10-01,182786,False,,https://open.spotify.com/track/4tOutGktqKSwH9GYfQFGiS,6VNZjDRRiBQbSbr6GU2Ad9,7DMnWGMYXJxSWrXizLvrnF,1,1,liked,,2023-04-10T16:28:04Z,2023-04-10T16:28:04Z,,,,
0r5Ju8WyodpXBHmg3f4zYf,Kayleigh - 2017 Remaster,Marillion,Misplaced Childhood (2017 Remaster),1985,1985,,progressive rock,progressive rock; neo-progressive rock; neo-prog; art rock; alternative rock,1985-06-17,243560,False,,https://open.spotify.com/track/0r5Ju8WyodpXBHmg3f4zYf,3ExyKxlUkqD41I8tQumMDF,7ai5TWiOG8g9Hds5AATS28,2,1,liked,,2023-04-10T16:28:04Z,2023-04-10T16:28:04Z,,,,
18crx51y0QREC1W6VpHwvd,Mockingbirds,Mark Lanegan,The Winding Sheet,1990,1990,,alternative rock,alternative rock; folk rock; indie rock; americana; acoustic rock,1990-05-01,150320,False,,https://open.spotify.com/track/18crx51y0QREC1W6VpHwvd,7nB7r0yBmVMDJfnADLdMie,1fpXM23IoNckJ7NDAm8YJQ,1,1,liked,,2023-04-10T16:28:04Z,2023-04-10T16:28:04Z,,,,
7Kxkh0ibuEA5uOtwUIZqBY,If You Were a Song,Mark Sholtez,Real Street,2006,2006,,jazz,jazz; singer-songwriter,2006-04-01,254826,False,,https://open.spotify.com/track/7Kxkh0ibuEA5uOtwUIZqBY,30yv7uc4rbutvRTcXH2VIG,2GsUCgdY9MrMekg7hCE07J,2,1,liked,,2023-04-10T16:28:04Z,2023-04-10T16:28:04Z,,,,
3ITVfnOWqufdNq3rD0lFsh,Strong Reflection,Mars Red Sky,Mars Red Sky,2011,2011,,stoner rock,stoner rock; doom; psychedelic; space rock; stoner,2011-04-11,329626,False,,https://open.spotify.com/track/3ITVfnOWqufdNq3rD0lFsh,6nEiLfcZ4nJ5SW0o3VibX0,1vrCjYU0zXNXvLobueUTvQ,1,1,liked,,2023-04-17T06:59:57Z,2023-04-17T06:59:57Z,,,,
1B5tTV4KRpcjqTnIhCmFmU,Clean White Hands,Mars Red Sky,"New Heavy Sounds, Vol. 3",2014,2014,,stoner rock,stoner rock; doom; psychedelic; space rock; stoner,2014-04-21,438640,False,,https://open.spotify.com/track/1B5tTV4KRpcjqTnIhCmFmU,7orpxVnmxYXlD4eJlbhyW0,1vrCjYU0zXNXvLobueUTvQ,10,1,liked,,2023-04-10T16:28:04Z,2023-04-10T16:28:04Z,,,,
3FPo2Dn87UTrEQqAJuOElF,Collector,Mars Red Sky,The Task Eternal,2019,2019,,stoner rock,stoner rock; doom; psychedelic; space rock; stoner,2019-09-27,254573,False,,https://open.spotify.com/track/3FPo2Dn87UTrEQqAJuOElF,3pM2liqk3yZNDAkTHhyNbn,1vrCjYU0zXNXvLobueUTvQ,2,1,liked,,2023-04-10T16:28:04Z,2023-04-10T16:28:04Z,,,,
0d8juTGJ0PTPTkYYZuW45I,Under the Hammer,Marshall Law,Marshall Law,1989,1989,,speed metal,speed metal; heavy metal; power metal,1989-01-01,228133,True,,https://open.spotify.com/track/0d8juTGJ0PTPTkYYZuW45I,1NKoznYjlGcuis3aCT9557,4Cs7ygUeQ5R3hUKPdlzEZI,2,1,liked,,2024-11-12T11:38:50Z,2024-11-12T11:38:50Z,,,,
5kWYoSfZm4srHlflNgM1QD,Rising,Mason Lindahl,Kissing Rosy in the Rain,2021,2021,,indie folk,indie folk; singer-songwriter; american primitive guitar,2021-01-22,163346,False,,https://open.spotify.com/track/5kWYoSfZm4srHlflNgM1QD,50FEEQKJa8YI9bfKDSxmuz,1JHWVGXM8J7dAaLZpCqFcP,2,1,liked,,2023-04-10T16:28:04Z,2023-04-10T16:28:04Z,,,,
1qD1wxLwVpVdip6FdsgWKB,Outside Laughing,Mason Lindahl,Kissing Rosy in the Rain,2021,2021,,indie folk,indie folk; singer-songwriter; american primitive guitar,2021-01-22,253386,False,,https://open.spotify.com/track/1qD1wxLwVpVdip6FdsgWKB,50FEEQKJa8YI9bfKDSxmuz,1JHWVGXM8J7dAaLZpCqFcP,3,1,liked,,2023-04-10T16:28:04Z,2023-04-10T16:28:04Z,,,,
7ynGB97gaKrvAnky9HRzK8,Distant Thunder,Mason Ruffner,Gypsy Blood,1987,1987,,blues rock,blues rock,1987,283293,False,,https://open.spotify.com/track/7ynGB97gaKrvAnky9HRzK8,7ltJ0q9KTdqE1RNif3CHeV,7pAt3LUtuhJozvzrmSMxAL,4,1,liked,,2023-04-10T16:28:04Z,2023-04-10T16:28:04Z,,,,
2PgpmBOPS4kgb6yG1ZoWeQ,Lane,MASSIVE HASSLE,Lane,2023,2023,,blues rock,blues rock; garage rock; indie rock; psychedelic rock; stoner rock,2023-06-17,332750,False,,https://open.spotify.com/track/2PgpmBOPS4kgb6yG1ZoWeQ,2hLwnjbfVUsfs7zoXcnij0,6O8IDyT0NjzTXB0jVoLLcJ,1,1,liked,,2023-07-07T06:53:24Z,2023-07-07T06:53:24Z,,,,
00T5ngNM7iYUboEd7DlwF2,Knife,MASSIVE HASSLE,Number One,2023,2023,,blues rock,blues rock; garage rock; indie rock; psychedelic rock; stoner rock,2023-10-27,343616,False,,https://open.spotify.com/track/00T5ngNM7iYUboEd7DlwF2,2cWNDHUgVyo4Zxj7GE7PTa,6O8IDyT0NjzTXB0jVoLLcJ,5,1,liked,,2025-12-09T15:31:58Z,2025-12-09T15:31:58Z,,,,
6EF0xhfKtQNqUPz2mnE5BD,The Motherload,Mastodon,Once More 'Round the Sun,2014,2014,,progressive metal,progressive metal; sludge metal; heavy metal; alternative metal; hard rock,2014-06-17,299786,False,,https://open.spotify.com/track/6EF0xhfKtQNqUPz2mnE5BD,7mEkBi9a2p2f1WQbnH8Qk5,1Dvfqq39HxvCJ3GvfeIFuT,2,1,liked,,2023-04-10T16:28:04Z,2023-04-10T16:28:04Z,,,,
68LvFcDLqo1cejJi9oVVOV,The Sparrow,Mastodon,The Hunter (Deluxe),2011,2011,,progressive metal,progressive metal; sludge metal; heavy metal; alternative metal; hard rock,2011-09-23,330880,False,,https://open.spotify.com/track/68LvFcDLqo1cejJi9oVVOV,7lObP1GanG65wToWzufQtq,1Dvfqq39HxvCJ3GvfeIFuT,13,1,liked,,2023-04-10T16:28:04Z,2023-04-10T16:28:04Z,,,,
5r6FaK9yo5X3xunJF8Lgxn,Black Glass Communion,Mayhem,Atavistic Black Disorder / Kommando - EP,2021,2021,,black metal,black metal,2021-07-09,264746,True,,https://open.spotify.com/track/5r6FaK9yo5X3xunJF8Lgxn,47Nfu5oEsi14NMPBUiKYUK,0dR10i73opHXuRuLbgxltM,2,1,liked,,2023-04-10T16:28:05Z,2023-04-10T16:28:05Z,,,,
2Mluv8d398CG8L6AsPexIT,Piłem z diabłem bruderszaft,Mech,Królewski poker (The Best),2005,2005,,hard rock,hard rock; heavy metal,2005-02-25,397666,False,,https://open.spotify.com/track/2Mluv8d398CG8L6AsPexIT,7mEjGwccYX8udzj6IN6TB6,6MhYC5TZzVzLKGMEHBC03a,14,1,liked,,2023-04-17T06:03:30Z,2023-04-17T06:03:30Z,,,,
0U1WCmZYKesVpNzoEZaXz1,Dances of Death (Dances of Death Medley),Mekong Delta,Dances of Death (And Other Walking Shadows),1990,1990,,thrash metal,thrash metal; progressive metal; technical thrash metal; speed metal,1990-01-01,1185093,False,,https://open.spotify.com/track/0U1WCmZYKesVpNzoEZaXz1,730y30Qi5IS2n1QNjsc074,1EzRkEPmjf1ZEjTnWVXiQ2,1,1,liked,,2023-04-10T16:28:05Z,2023-04-10T16:28:05Z,,,,
7CyCdQpTrLeoaFMqx8GRHv,Tonight Tonight,Meldamor; Dark Chisme,Tonight Tonight,2025,2025,,electronic,electronic,2025-01-10,234242,False,,https://open.spotify.com/track/7CyCdQpTrLeoaFMqx8GRHv,0w23d9g3aeeCPuZ5FZV6i1,20XdcZT7DIATLCVOpQpT4A; 704pDqaroLiTRwJQxVdPO0,1,1,liked,,2025-07-06T11:14:38Z,2025-07-06T11:14:38Z,,,,
5uJfIzqUdLij98R0Oak9FC,A History of Bad Men,Melvins,A Senile Animal,2006,2006,,sludge metal,sludge metal; stoner metal; grunge; alternative rock; experimental rock,2006-10-10,402573,False,,https://open.spotify.com/track/5uJfIzqUdLij98R0Oak9FC,1EIwgUB37IeFLHYVVZfrbV,6aVjo0xHSiuW5hkasoYSR3,8,1,liked,,2023-04-10T16:28:05Z,2023-04-10T16:28:05Z,,,,
5RzOoDBdAOwdXFglaTh0DC,The Decay of Lying,Melvins,Basses Loaded,2016,2016,,sludge metal,sludge metal; stoner metal; grunge; alternative rock; experimental rock,2016-06-03,395110,False,,https://open.spotify.com/track/5RzOoDBdAOwdXFglaTh0DC,1U0xeWFmMxJeVpHQXl0hFH,6aVjo0xHSiuW5hkasoYSR3,1,1,liked,,2023-04-10T16:28:05Z,2023-04-10T16:28:05Z,,,,
09hctAvAEUpm7MKl1RBK2j,Revolve,Melvins,Stoner Witch,1994,1994,,sludge metal,sludge metal; stoner metal; grunge; alternative rock; experimental rock,1994,284906,False,,https://open.spotify.com/track/09hctAvAEUpm7MKl1RBK2j,1Ft1QQbUOCgSqumZKYuWhw,6aVjo0xHSiuW5hkasoYSR3,4,1,liked,,2023-04-10T16:28:05Z,2023-04-10T16:28:05Z,,,,
3ZZq9396zv8pcn5GYVhxUi,Down Under,Men At Work,Business As Usual,1981,1981,,new wave,new wave; pop rock; classic pop and rock; pop reggae,1981-11-09,222320,False,,https://open.spotify.com/track/3ZZq9396zv8pcn5GYVhxUi,4HDJMKkwAMVFewqfZcmf84,0f3EsoviYnRKTkmayI3cux,3,1,liked,,2023-04-10T16:28:05Z,2023-04-10T16:28:05Z,,,,
2EZRzPydf4N1ju7DSZXG7i,Tribulation,Mercy,King Doom,1989,1989,,gothic rock,gothic rock; post-punk; goth rock; hard rock; electronic,1989-01-01,339773,False,,https://open.spotify.com/track/2EZRzPydf4N1ju7DSZXG7i,0Kmi7gKi6aLpFjqVTGJEus,2QZQb9k2rRUZqDXwLsdv1z,2,1,liked,,2026-02-01T09:16:50Z,2026-02-01T09:16:50Z,,,,
3qwngQo9qTC4lWLbNPayNm,Witches' Dance,Mercyful Fate,Time,1994,1994,,heavy metal,heavy metal,1994,286600,False,,https://open.spotify.com/track/3qwngQo9qTC4lWLbNPayNm,2obmaKyWOL5YVWruoT6OvV,0W8edGiwAsv6HXF0Kyc2V9,3,1,liked,,2023-04-10T16:28:05Z,2023-04-10T16:28:05Z,,,,
3CGU55Ej8RYPlKwFqh4qWb,Re-Inanimate,Meshuggah,Catch Thirty Three,2005,2005,,djent,djent; progressive metal; death metal; thrash metal; technical metal,2005-05-17,64053,False,,https://open.spotify.com/track/3CGU55Ej8RYPlKwFqh4qWb,04NtJiGUlXvRdQSFPOSbX2,3ggwAqZD3lyT2sbovlmfQY,5,1,liked,,2023-04-10T16:28:05Z,2023-04-10T16:28:05Z,,,,
1rnvX6HHqcquxIzPcBD7VQ,Stengah,Meshuggah,Nothing,2002,2002,,djent,djent; progressive metal; death metal; thrash metal; technical metal,2002-09-16,336253,False,,https://open.spotify.com/track/1rnvX6HHqcquxIzPcBD7VQ,4ucDcX8iPgBKY9zAJyHOjy,3ggwAqZD3lyT2sbovlmfQY,1,1,liked,,2023-04-10T16:28:05Z,2023-04-10T16:28:05Z,,,,
5uqr3lCMWkyQx6yTvoMl4F,Rational Gaze,Meshuggah,Nothing,2002,2002,,djent,djent; progressive metal; death metal; thrash metal; technical metal,2002-09-16,304493,False,,https://open.spotify.com/track/5uqr3lCMWkyQx6yTvoMl4F,4ucDcX8iPgBKY9zAJyHOjy,3ggwAqZD3lyT2sbovlmfQY,2,1,liked,,2023-04-10T16:28:05Z,2023-04-10T16:28:05Z,,,,
0CBX5ZXfbaj8hz692IP3Uj,Rubedo,Messa,Close,2022,2022,,doom metal,doom metal; dark ambient; alternative metal; post-rock; pop,2022-03-11,401266,False,,https://open.spotify.com/track/0CBX5ZXfbaj8hz692IP3Uj,7AzLM5tPYEPYDi8ceFJzFP,6vFinMN4E9leUfcEyIIO0D,4,1,liked,,2023-04-10T16:28:05Z,2023-04-10T16:28:05Z,,,,
3KUzngWbwJ5a38toqxM1HY,Gentle Giant,Mestís,Polysemy,2015,2015,,progressive,progressive; jazz; progressive metal; progressive rock,2015-11-06,213802,False,,https://open.spotify.com/track/3KUzngWbwJ5a38toqxM1HY,0LfZSolVRfjqA3msdwPein,3adhzSHzVWN1ICfxIqO9Cn,1,1,liked,,2023-04-10T16:28:05Z,2023-04-10T16:28:05Z,,,,
7FE5fPgt4D1vHYwA1T1ahe,Gods of Wrath,Metal Church,Metal Church,1984,1984,,heavy metal,heavy metal; thrash metal; power metal; us power metal,1984,401000,False,,https://open.spotify.com/track/7FE5fPgt4D1vHYwA1T1ahe,6LYQlKhDAXE9xMS3YzioNv,0exvkfkATkqWOJgugTjJhP,4,1,liked,,2024-10-25T11:52:52Z,2024-10-25T11:52:52Z,,,,
2BNvvoD2p6dHWSDDNM9jml,Watch the Children Pray,Metal Church,The Dark,1986,1986,,heavy metal,heavy metal; thrash metal; power metal; us power metal,1986-09-30,357466,False,,https://open.spotify.com/track/2BNvvoD2p6dHWSDDNM9jml,32nLLpycunqmJfnF3EEfNJ,0exvkfkATkqWOJgugTjJhP,4,1,liked,,2024-11-27T12:36:27Z,2024-11-27T12:36:27Z,,,,
5IX4TbIR5mMHGE4wiWwKW0,One,Metallica,...And Justice For All,1988,1988,,thrash metal,thrash metal; heavy metal; hard rock; alternative rock; progressive metal,1988-08-25,447440,False,,https://open.spotify.com/track/5IX4TbIR5mMHGE4wiWwKW0,6Eycw3dwcDMEFSqkUvLQ7g,2ye2Wgw4gimLv2eAKyk1NB,4,1,liked,,2023-04-10T16:28:05Z,2023-04-10T16:28:05Z,,,,
4Ct71cFMTrnOIRr7jU0vbt,White Crows,Meteor,Parallel Lives,2016,2016,,electronic,electronic; synthwave,2016-03-11,308210,False,,https://open.spotify.com/track/4Ct71cFMTrnOIRr7jU0vbt,6WANTLfKAunhmukRM6tuse,3A4fNuEjrFPkY85KCSOdPb,8,1,liked; playlist,80's,2023-04-10T16:28:05Z,2024-07-24T18:19:19Z,,,,
1VeWrmH8Q1mrML1cItBmHK,Another Cup of Coffee,Mike + The Mechanics,Beggar On a Beach of Gold,1995,1995,,soft rock,soft rock; pop rock; new wave; synthpop; aor,1995-03-06,282400,False,,https://open.spotify.com/track/1VeWrmH8Q1mrML1cItBmHK,0acx9TzkLwyCWNntG6b64H,2yTUYhIf8fxptTIy3KLuJD,2,1,liked,,2023-04-10T16:28:05Z,2023-04-10T16:28:05Z,,,,
5Q6EU8ixUfxhcFYUjJ6GvM,There Used to Be a Darkness,Mikko Joensuu,Amen 2,2016,2016,,dream pop,dream pop; progressive electronic,2016-11-11,679195,False,,https://open.spotify.com/track/5Q6EU8ixUfxhcFYUjJ6GvM,3GiYD43KebkLTEJyDmfi2W,6trUID4p69Kwk7x4GNSCZz,6,1,liked,,2023-04-10T16:28:05Z,2023-04-10T16:28:05Z,,,,
1NgcH78bArgBHtNQJ9v137,Revenge,Ministry,With Sympathy,1983,1983,,industrial metal,industrial metal; industrial rock; industrial; synthpop; synth-pop,1983-01-01,228840,False,,https://open.spotify.com/track/1NgcH78bArgBHtNQJ9v137,25mM8RQO7ys3MlUtYUDfK5,1DXylZlWbVvlckNqwvjTEt,2,1,liked,,2023-04-10T16:28:05Z,2023-04-10T16:28:05Z,,,,
24Upu7Ne9xaHYr4vnw1jqI,I Wanted To Tell Her,Ministry,With Sympathy,1983,1983,,industrial metal,industrial metal; industrial rock; industrial; synthpop; synth-pop,1983-01-01,329293,False,,https://open.spotify.com/track/24Upu7Ne9xaHYr4vnw1jqI,25mM8RQO7ys3MlUtYUDfK5,1DXylZlWbVvlckNqwvjTEt,3,1,liked,,2023-04-10T16:28:05Z,2023-04-10T16:28:05Z,,,,
2oIIBDET3kTCYFh3QABuF8,Work for Love,Ministry,With Sympathy,1983,1983,,industrial metal,industrial metal; industrial rock; industrial; synthpop; synth-pop,1983-01-01,283666,False,,https://open.spotify.com/track/2oIIBDET3kTCYFh3QABuF8,25mM8RQO7ys3MlUtYUDfK5,1DXylZlWbVvlckNqwvjTEt,4,1,liked,,2023-04-10T16:28:05Z,2023-04-10T16:28:05Z,,,,
1ne0LUtXwF4dh47FupQrgT,What He Say,Ministry,With Sympathy,1983,1983,,industrial metal,industrial metal; industrial rock; industrial; synthpop; synth-pop,1983-01-01,244800,False,,https://open.spotify.com/track/1ne0LUtXwF4dh47FupQrgT,25mM8RQO7ys3MlUtYUDfK5,1DXylZlWbVvlckNqwvjTEt,6,1,liked,,2023-04-10T16:28:05Z,2023-04-10T16:28:05Z,,,,
2pYqOHeENOQgroTumpIOkr,Filler,Minor Threat,First Two Seven Inches,1981,1981,,hardcore punk,hardcore punk,1981,92693,False,,https://open.spotify.com/track/2pYqOHeENOQgroTumpIOkr,6Sty6rLnMTXFjKxKUZEfmy,07PiZYrhllpSXtELkUxlrf,1,1,liked,,2023-04-10T16:28:05Z,2023-04-10T16:28:05Z,,,,
5ADKQyUHRleVWuzMLkFS8x,I Don't Wanna Hear It,Minor Threat,First Two Seven Inches,1981,1981,,hardcore punk,hardcore punk,1981,74106,False,,https://open.spotify.com/track/5ADKQyUHRleVWuzMLkFS8x,6Sty6rLnMTXFjKxKUZEfmy,07PiZYrhllpSXtELkUxlrf,2,1,liked,,2023-04-10T16:28:05Z,2023-04-10T16:28:05Z,,,,
1a1kqSYDQkgND1PgCIx16y,Requiem: From Substance to Silence,Minsk,With Echoes In The Movement of Stone,2009,2009,,post-metal,post-metal; psychedelic rock; post-rock; sludge metal; sludge,2009-05-26,678173,False,,https://open.spotify.com/track/1a1kqSYDQkgND1PgCIx16y,7buQieVkw1pHCaQMjWdHjc,5erdrAYztFRglp27OjVJij,8,1,liked,,2023-04-10T16:28:05Z,2023-04-10T16:28:05Z,,,,
7Cbh2KLnm57P5czc8ECbpF,Я есмь,MINUALA,Земля-матерь,2024,2024,,folk,folk; dark folk,2024-10-07,307250,False,,https://open.spotify.com/track/7Cbh2KLnm57P5czc8ECbpF,7v9Ly4n0UNl7C7JOa0u32Z,5AhN3cikCXyZMwhw3drxd9,2,1,liked,,2024-10-08T13:45:17Z,2024-10-08T13:45:17Z,,,,
0HUsC31rwOGmuPtYdPr4Sq,Гори,MINUALA,Земля-матерь,2024,2024,,folk,folk; dark folk,2024-10-07,210375,False,,https://open.spotify.com/track/0HUsC31rwOGmuPtYdPr4Sq,7v9Ly4n0UNl7C7JOa0u32Z,5AhN3cikCXyZMwhw3drxd9,4,1,liked,,2024-10-09T06:07:42Z,2024-10-09T06:07:42Z,,,,
2uqQXl3CWniLE0Uhfb7izu,Scream,Misfits,Famous Monsters,1999,1999,,horror punk,horror punk; hardcore punk; punk rock; hardcore,1999-10-04,153830,False,,https://open.spotify.com/track/2uqQXl3CWniLE0Uhfb7izu,4CKrRK52g4mNzbpGIMVbtE,1cXi8ALPQCBHZbf0EgP4Ey,7,1,liked,,2023-04-10T16:28:05Z,2023-04-10T16:28:05Z,,,,
7h9Vtbws7PZsCKAYBkxSwL,Hælið,Misþyrming,Algleymi,2019,2019,,black metal,black metal,2019-05-24,152986,False,,https://open.spotify.com/track/7h9Vtbws7PZsCKAYBkxSwL,4uWiO8kSwoVRt6tpb6TrgU,32zyj5MW8nhKGMaGlp4njt,4,1,liked,,2023-06-05T05:55:28Z,2023-06-05T05:55:28Z,,,,
5M7lKqwqEozfCs7PWcAcVJ,Under the Banner,Mithotyn,King of the Distant Forest,2009,2009,,viking metal,viking metal; viking/black-metal,2009-09-14,336760,False,,https://open.spotify.com/track/5M7lKqwqEozfCs7PWcAcVJ,63at6lc5n2HUpu1frLUEm9,7gFfRPckqHxOZEpgRVfA2t,7,1,liked,,2023-04-10T16:28:05Z,2023-04-10T16:28:05Z,,,,
5NcSupoBhcdZoda2men9DT,Begging To Be Lost,Mizmor; Hell,Alluvion,2025,2025,,dark electronic,dark electronic; drone; sludge; doom metal; heavy metal,2025-04-04,980078,False,,https://open.spotify.com/track/5NcSupoBhcdZoda2men9DT,1pqrXa0HNnRMgDMPWSLk0W,655AEE6ifgDJ3TYkhHdP48; 1GADI0lYIGa91vBrcv0Nsc,1,1,liked,,2025-05-06T06:52:42Z,2025-05-06T06:52:42Z,,,,
67sXPg89vYxeIM36diF3Cx,Part I: An Orchid Night,Monastery,The Garden of Abandon (Part I: The Summer Queen & Part II: the Winter King),2019,2019,,electronic,electronic; ambient; folk; experimental; new age,2019-03-15,531529,False,,https://open.spotify.com/track/67sXPg89vYxeIM36diF3Cx,4RneNKY486PxGeiOzzv4fh,6jYG9nOTjxTGqj9RZlef1d,3,1,liked,,2025-02-25T18:59:31Z,2025-02-25T18:59:31Z,,,,
6abyOcjMsqYN69qDj9mHOK,Apple,Mondo Drag,New Rituals,2010,2010,,psychedelic rock,psychedelic rock; heavy psych; krautrock; psychedelic; space rock,2010-01-26,230720,True,,https://open.spotify.com/track/6abyOcjMsqYN69qDj9mHOK,45C5RxX8Xpjnj5n6Az6cfP,3r1b9pqXbTCfPejZtghkKV,8,1,liked,,2025-06-02T16:31:38Z,2025-06-02T16:31:38Z,,,,
0yhlydKCXQISmwO1LJVdpC,Icarus,Monkey3,The 5th Sun,2013,2013,,space rock,space rock; stoner rock; psychedelic rock,2013-01-01,880869,False,,https://open.spotify.com/track/0yhlydKCXQISmwO1LJVdpC,6fmj8JYJQvNTCFTHT9Rxzd,31GFg2x20JkksUlQxN9BMe,1,1,liked,,2023-04-17T09:37:20Z,2023-04-17T09:37:20Z,,,,
36MZDyi1ZMGA5YGVO2kYQz,Glaive (It's All The Same),Monolord,It's All The Same,2023,2023,,doom metal,doom metal; stoner rock; doom; psychedelic rock; stoner metal,2023-07-18,362053,False,,https://open.spotify.com/track/36MZDyi1ZMGA5YGVO2kYQz,6soFLijhpOReqBkQeSQy4Y,3X0a18Q9nluwuFYv5hB5cm,1,1,liked,,2023-07-31T08:37:05Z,2023-07-31T08:37:05Z,,,,
0VwnpMHygq0filGVol7yn0,The Last Leaf,Monolord,No Comfort,2019,2019,,doom metal,doom metal; stoner rock; doom; psychedelic rock; stoner metal,2019-09-20,314656,False,,https://open.spotify.com/track/0VwnpMHygq0filGVol7yn0,2GkKlUD9Ac7CCycGeNuDW0,3X0a18Q9nluwuFYv5hB5cm,2,1,liked,,2023-04-10T16:28:05Z,2023-04-10T16:28:05Z,,,,
6juRuoQNyH0VK6nsZK9BJ5,The Weary,Monolord,Your Time to Shine,2021,2021,,doom metal,doom metal; stoner rock; doom; psychedelic rock; stoner metal,2021-10-29,298120,False,,https://open.spotify.com/track/6juRuoQNyH0VK6nsZK9BJ5,0XQ8tRVIl0Ig65mVgf2U5B,3X0a18Q9nluwuFYv5hB5cm,1,1,liked,,2023-04-10T16:28:05Z,2023-04-10T16:28:05Z,,,,
49XKVaj1MHRgJGZLfV5RQz,Жито жала,Moon Far Away,Belovodie,2005,2005,,dark folk,dark folk,2005-04-27,234013,False,,https://open.spotify.com/track/49XKVaj1MHRgJGZLfV5RQz,3TbHPeRXtFTetpi6UjZ88B,6238xlX4sjUs5QDfZ53RSe,3,1,liked; playlist,Русское поле экспериментов,2023-04-10T16:28:05Z,2023-08-03T08:33:29Z,,,,
1klsdn9A8qOVJufx0Ctqf3,1065: Aika,Moonsorrow,Suden Uni,2008,2008,,folk metal,folk metal; black metal; viking metal; pagan metal; folklore,2008-01-01,656746,False,,https://open.spotify.com/track/1klsdn9A8qOVJufx0Ctqf3,70vYpypjBZL9QfO6a6sIlo,4PdaU6ArZ8JTZvCX9ZWuTI,6,1,liked,,2023-04-10T16:28:05Z,2023-04-10T16:28:05Z,,,,
382n3evScBDJk3bZbS07TR,Kuolleiden maa,Moonsorrow,Varjoina kuljemme kuolleiden maassa,2010,2010,,folk metal,folk metal; black metal; viking metal; pagan metal; folklore,2010-01-01,983120,False,,https://open.spotify.com/track/382n3evScBDJk3bZbS07TR,0QHWnMihvKlZQtOirVldrj,4PdaU6ArZ8JTZvCX9ZWuTI,7,1,liked,,2023-04-10T16:28:05Z,2023-04-10T16:28:05Z,,,,
1eBql3YB9FGNSCV7oynG1J,The Curse,Morax,Rites and Curses,2023,2023,,heavy metal,heavy metal,2023-10-13,430493,False,,https://open.spotify.com/track/1eBql3YB9FGNSCV7oynG1J,5oKGYa3Yccv0piQJccgn7h,6tIZ9JilWoUMjVkBVqnbE8,5,1,liked,,2024-12-05T10:50:45Z,2024-12-05T10:50:45Z,,,,
21SZlVHxRRgnswfkUxk4Ns,Angel Of Disease,Morbid Angel,Covenant,1993,1993,,death metal,death metal,1993-06-22,375293,False,,https://open.spotify.com/track/21SZlVHxRRgnswfkUxk4Ns,1kOirMk030VNTpyhyTL8wB,35jmO5o3AhUV70kiR7u4Nw,7,1,liked,,2023-10-24T07:03:52Z,2023-10-24T07:03:52Z,,,,
2Ge9tGgPH4AEQvmFGQjYzp,Hudbreiderens Revir,Mork,Den Vandrende Skygge,2016,2016,,black metal,black metal,2016-02-12,320898,False,,https://open.spotify.com/track/2Ge9tGgPH4AEQvmFGQjYzp,4x5urLcJ6QseoW8A5cDscJ,6txf2ksDlbyt06kNh1m4o7,4,1,liked,,2024-11-20T10:59:58Z,2024-11-20T10:59:58Z,,,,
3Sayl9YoveMx8z5piLXCHs,Utbrent,Mork,Utbrent,2024,2024,,black metal,black metal,2024-07-23,375464,False,,https://open.spotify.com/track/3Sayl9YoveMx8z5piLXCHs,1nqOfK8cjhbAsVzt0oREd9,6txf2ksDlbyt06kNh1m4o7,1,1,liked,,2024-09-09T13:08:27Z,2024-09-09T13:08:27Z,,,,
1Y6olcMzBZ9F6d8hl1nvFy,Sublymed Respair,Morke,To Carry On,2025,2025,,atmospheric black metal,atmospheric black metal; black metal; melodic black metal,2025-10-10,198375,False,,https://open.spotify.com/track/1Y6olcMzBZ9F6d8hl1nvFy,0I3TtLPDLG2CtQsU0cXNAm,3jegViJCrzhGW0kv9mJrj1,1,1,liked,,2025-10-15T06:16:00Z,2025-10-15T06:16:00Z,,,,
5X8S7nMVDAY3TOVjMlFJ9Q,Wretched Empire,Morne,Engraved with Pain,2023,2023,,sludge metal,sludge metal; sludge; post-metal; doom; crust punk,2023-11-03,465266,False,,https://open.spotify.com/track/5X8S7nMVDAY3TOVjMlFJ9Q,432MQbFyATFUxoebrvTxtF,5hpeBTPIG4IE2ymmNZUiEf,3,1,liked,,2023-12-06T07:48:26Z,2023-12-06T07:48:26Z,,,,
2SSBJhvMsujY94GK5JAtKs,Buena,Morphine,Cure for Pain,1993,1993,,alternative rock,alternative rock; indie rock; jazz rock; blues rock; low rock,1993-09-14,199666,False,,https://open.spotify.com/track/2SSBJhvMsujY94GK5JAtKs,0FocpOyE7RnaNsiaEhSbp6,3QgSmABpItIdj908ek80n5,2,1,liked,,2023-04-10T16:28:05Z,2023-04-10T16:28:05Z,,,,
1eF50vk7sxzgWkz8wKUOAK,Theme de Yoyo,Motorpsycho; JAGA JAZZIST HORNS,In The Fishtank 10,2003,2003,,alternative rock,alternative rock; progressive rock; psychedelic rock; eclectic prog; hard rock,2003-10-06,448226,True,,https://open.spotify.com/track/1eF50vk7sxzgWkz8wKUOAK,17nH4XAMW7OuDwelGKGeAX,2bNIAjyL3hFCuQBQqhPN4T; 1tuGpW5fe30VprcqXYUxI6,4,1,liked,,2023-04-10T16:28:05Z,2023-04-10T16:28:05Z,,,,
7E4TH1POIeDTlk04V8g1TR,Starhammer,Motorpsycho; The Electric Psalmon,Heavy Metal Fruit,2010,2010,,alternative rock,alternative rock; progressive rock; psychedelic rock; eclectic prog; hard rock,2010-01-22,776973,False,,https://open.spotify.com/track/7E4TH1POIeDTlk04V8g1TR,1kruI3y3LjLccKvkWGJabP,2bNIAjyL3hFCuQBQqhPN4T; 4XHrXPJwgl0pRjBgY26o9c,1,1,liked,,2023-04-10T16:28:05Z,2023-04-10T16:28:05Z,,,,
7rcdp5C1awID3t5S6UX3KX,Stone Dead Forever,Motörhead,Bomber,1979,1979,,heavy metal,heavy metal; hard rock; speed metal; gratuitous heavy metal umlaut; rock'n roll,1979-10-27,294640,False,,https://open.spotify.com/track/7rcdp5C1awID3t5S6UX3KX,0WVRXw04iy4QN2EnmXx11I,1DFr97A9HnbV3SKTJFu62M,6,1,liked,,2025-08-05T12:35:42Z,2025-08-05T12:35:42Z,,,,
2Zt381ktlsPDxtKrrivnGk,Blackheart,Motörhead,Rock N' Roll (Expanded Edition),1987,1987,,heavy metal,heavy metal; hard rock; speed metal; gratuitous heavy metal umlaut; rock'n roll,1987-09-05,240593,False,,https://open.spotify.com/track/2Zt381ktlsPDxtKrrivnGk,3aoZZWomzwY4KuXM2Jqt7C,1DFr97A9HnbV3SKTJFu62M,3,1,liked,,2023-04-10T16:28:05Z,2023-04-10T16:28:05Z,,,,
4vO9dmzNRqDhFY3jD1a3P7,Mississippi Queen,Mountain,Climbing!,1970,1970,,hard rock,hard rock; blues rock; jam band; heavy psych; psychedelic rock,1970,151293,False,,https://open.spotify.com/track/4vO9dmzNRqDhFY3jD1a3P7,2tWvZmP9EVRYqmWyJPLzjP,7LCp4MN0SOIVWlssid9KyE,1,1,liked,,2023-04-10T16:28:05Z,2023-04-10T16:28:05Z,,,,
1bYeGuZ53iXJISeE4po2bi,Nantucket Sleighride (To Owen Coffin),Mountain,Nantucket Sleighride,1971,1971,,hard rock,hard rock; blues rock; jam band; heavy psych; psychedelic rock,1971,352426,False,,https://open.spotify.com/track/1bYeGuZ53iXJISeE4po2bi,6Olkoi8hoXUfoMgCb2SW6V,7LCp4MN0SOIVWlssid9KyE,3,1,liked,,2024-10-31T06:50:26Z,2024-10-31T06:50:26Z,,,,
6mIBi7yqON4cnXqFQ9IoLw,The Embers Are Still Warm,Mountain Realm,Rustborn,2025,2025,,dungeon synth,dungeon synth; ambient,2025-03-03,201951,False,,https://open.spotify.com/track/6mIBi7yqON4cnXqFQ9IoLw,5pfhdcLXuLbmoH3u4HTZde,0POdKjd1tVBixid29Js0DJ,1,1,liked,,2025-09-21T06:08:01Z,2025-09-21T06:08:01Z,,,,
5Zdd3z9JsKy0DfONuj2hdG,Squeeze Me Macaroni,Mr. Bungle,Mr. Bungle,1991,1991,,experimental rock,experimental rock; avant-garde; experimental; thrash metal; art rock,1991-08-09,338400,True,,https://open.spotify.com/track/5Zdd3z9JsKy0DfONuj2hdG,5TzQq2irJPHeHNnh11atPw,2zq0uqN9Wq12tqrQQt1ozw,3,1,liked,,2023-04-10T16:28:05Z,2023-04-10T16:28:05Z,,,,
78FHUZRbFDCG6VkRAQdFLm,Broken Wings,Mr. Mister,Welcome To The Real World,1985,1985,,soft rock,soft rock; new wave; pop rock; electronic; synth-pop,1985-11-27,343933,False,,https://open.spotify.com/track/78FHUZRbFDCG6VkRAQdFLm,682sQ449vmcJXS2AGIMrsl,7Bah8E0kCETqEpAHI6CPzQ,8,1,liked; playlist,80's,2023-04-10T16:28:05Z,2024-06-27T10:12:07Z,,,,
128msOz4IlMM47LUWPPUoy,You Took Everything,Mrs. Piss,Self-Surgery,2020,2020,,metal,metal; rock; industrial,2020-05-29,154071,False,,https://open.spotify.com/track/128msOz4IlMM47LUWPPUoy,5AXqrGlN5HqydZftOZbMiX,6sPHBIja0imvaz22P29xt4,6,1,liked,,2023-10-02T06:13:56Z,2023-10-02T06:13:56Z,,,,
1DaVsne1xIuntpmDm3EoSb,CHEAP TRICK (Nostalgia version),Ms. Kaplan,CHEAP TRICK (Nostalgia version),2023,2023,,power pop,power pop; hard rock; classic rock; pop rock,2023-04-28,249500,False,,https://open.spotify.com/track/1DaVsne1xIuntpmDm3EoSb,5dXKMYYIJ22Zi2ztZx8IAC,4O4C8P2a3YON57jO6t4PSg,1,1,liked,,2023-05-13T08:22:16Z,2023-05-13T08:22:16Z,,,,
2sdWNKPL4caiKJeokiSq4m,Paper Dust,Murmansk,Eleven Eyes to Shade,2009,2009,,noise rock,noise rock; shoegaze,2009-01-01,241840,False,,https://open.spotify.com/track/2sdWNKPL4caiKJeokiSq4m,5LZRZ2AEfHiffV0rjUBX0p,5w7xqEdmN7gXyYqJ2aaJiv,4,1,liked,,2023-04-10T16:28:05Z,2023-04-10T16:28:05Z,,,,
2lbCXDXE9MpfR5ky9mGNQc,Silver Heel,Murmansk,Eleven Eyes to Shade,2009,2009,,noise rock,noise rock; shoegaze,2009-01-01,211440,False,,https://open.spotify.com/track/2lbCXDXE9MpfR5ky9mGNQc,5LZRZ2AEfHiffV0rjUBX0p,5w7xqEdmN7gXyYqJ2aaJiv,5,1,liked,,2023-04-10T16:28:05Z,2023-04-10T16:28:05Z,,,,
1qMPu3VyUTiLmfbUWGZbCQ,Bandages,Mutoid Man,War Moans,2017,2017,,metalcore,metalcore; psychedelic rock; progressive metal; heavy metal; speed metal,2017-06-02,282445,False,,https://open.spotify.com/track/1qMPu3VyUTiLmfbUWGZbCQ,2LtOM2DJCJvMLbA1sI061t,2KhRuej67LynneJthmMx8o,12,1,liked,,2025-07-16T08:09:09Z,2025-07-16T08:09:09Z,,,,
3HR1973PbSAqy8oKdR7Pln,"The Matter, Form and Power",My Diligence,"The Matter, Form and Power",2022,2022,,stoner rock,stoner rock; desert rock; progressive rock; heavy psych,2022-06-03,272085,False,,https://open.spotify.com/track/3HR1973PbSAqy8oKdR7Pln,48VOv8q4kffYEDiBnrAjPd,3gwEKGsymNFllrIlZ6nhih,1,1,liked,,2023-11-20T06:40:13Z,2023-11-20T06:40:13Z,,,,
324nqVFxqHjdDTiNiV0h8L,Sear Me Iii,My Dying Bride,Introducing My Dying Bride,1993,1993,,doom metal,doom metal; gothic metal,1993,326613,False,,https://open.spotify.com/track/324nqVFxqHjdDTiNiV0h8L,6RN0eZASNqMfqYfAuCnUi8,7iMWWdRNiCJwGOGEIYr02z,4,1,liked,,2023-04-10T16:28:05Z,2023-04-10T16:28:05Z,,,,
4iDzlqg4nMdHnNDsqroVcG,For You,My Dying Bride,Like Gods Of The Sun,1996,1996,,doom metal,doom metal; gothic metal,1996,397466,False,,https://open.spotify.com/track/4iDzlqg4nMdHnNDsqroVcG,4aT19EqoXkQEhRbvqb1sTq,7iMWWdRNiCJwGOGEIYr02z,6,1,liked,,2023-04-10T16:28:05Z,2023-04-10T16:28:05Z,,,,
6VyghI3tdKh51Na4AmCMX3,The Cry of Mankind,My Dying Bride,Peaceville Presents... My Dying Bride,1993,1993,,doom metal,doom metal; gothic metal,1993,733333,False,,https://open.spotify.com/track/6VyghI3tdKh51Na4AmCMX3,5Joqeh8Wm6V5bnr2uyDx2W,7iMWWdRNiCJwGOGEIYr02z,2,1,liked; playlist,FD top,2023-04-10T16:28:05Z,2025-08-14T06:29:39Z,,,,
7w8fjPUHqFsRFLH4hkn7iA,Tired of Tears,My Dying Bride,The Ghost of Orion,2020,2020,,doom metal,doom metal; gothic metal,2020-03-06,515365,False,,https://open.spotify.com/track/7w8fjPUHqFsRFLH4hkn7iA,6s3wQ8IVlICAX1nyRSn19w,7iMWWdRNiCJwGOGEIYr02z,3,1,liked,,2023-04-10T16:28:05Z,2023-04-10T16:28:05Z,,,,
0dl6nGOQLXzcJ9eKOLrtCE,She Is The Dark,My Dying Bride,The Light At The End Of The World,1999,1999,,doom metal,doom metal; gothic metal,1999,506493,False,,https://open.spotify.com/track/0dl6nGOQLXzcJ9eKOLrtCE,20cIG6jxvP2JDDUz0w3op6,7iMWWdRNiCJwGOGEIYr02z,1,1,liked; playlist,FD top,2025-08-14T07:35:05Z,2025-08-15T14:40:55Z,,,,
5y4uaYig7mZIBMMjEAJh9q,Sear Me III,My Dying Bride,The Light At The End Of The World,1999,1999,,doom metal,doom metal; gothic metal,1999,326333,False,,https://open.spotify.com/track/5y4uaYig7mZIBMMjEAJh9q,20cIG6jxvP2JDDUz0w3op6,7iMWWdRNiCJwGOGEIYr02z,9,1,playlist,FD top,2025-08-14T07:37:21Z,2025-08-14T07:37:21Z,,,,
6GB7HjwxlN6fY8JKaBzbTG,Only Tears To Replace Her With,My Dying Bride,The Manuscript EP,2013,2013,,doom metal,doom metal; gothic metal,2013-05-13,260359,False,,https://open.spotify.com/track/6GB7HjwxlN6fY8JKaBzbTG,1C2N6BPacSAsKkmW8vyLf1,7iMWWdRNiCJwGOGEIYr02z,4,1,liked,,2024-05-16T10:54:55Z,2024-05-16T10:54:55Z,,,,
6g2VdjwwqK8VeaJQELRXrP,Only Tears to Replace Her With,My Dying Bride,The Vaulted Shadows,2011,2011,,doom metal,doom metal; gothic metal,2011,260359,False,,https://open.spotify.com/track/6g2VdjwwqK8VeaJQELRXrP,5mX7SB6JTY8f7dvA9LslWT,7iMWWdRNiCJwGOGEIYr02z,5,1,liked,,2025-08-14T12:00:59Z,2025-08-14T12:00:59Z,,,,
6gNFDagJp9IWAuDPyrorOr,Don´t Let 'Em Bring You Down,My Midnight Creeps,Histamin,2007,2007,,rock,rock,2007-03-05,440480,False,,https://open.spotify.com/track/6gNFDagJp9IWAuDPyrorOr,1Lv7BrH8F3kXbvkLKFeg08,6EMB8uvl3yR5AbG0SOKtpQ,3,1,liked,,2023-04-10T16:28:05Z,2023-04-10T16:28:05Z,,,,
0axsMumJxKRTuYCMb9oeWl,Tyrone,My Morning Jacket,"Chapter 2: Learning: Early Recordings, B-Sides, Covers, Y Mas",2004,2004,,alternative rock,alternative rock; indie rock; psychedelic rock; alternative country; rock and indie,2004-11-15,312533,False,,https://open.spotify.com/track/0axsMumJxKRTuYCMb9oeWl,4c1Av2HyK2xnFKbjpNSXK3,43O3c6wewpzPKwVaGEEtBM,12,1,liked,,2023-04-10T16:28:05Z,2023-04-10T16:28:05Z,,,,
43CIgfQXSIhd0fUfideBBQ,When You Look Back,My Silent Wake,"Lost in Memories, Lost in Grief",2024,2024,,doom metal,doom metal; gothic metal; death metal,2024-05-03,254368,False,,https://open.spotify.com/track/43CIgfQXSIhd0fUfideBBQ,5CwUSrhqjTpm4T2Yeclqfu,3qPrlRd4HKfOpGwPl6ydIW,4,1,liked,,2024-05-11T11:33:51Z,2024-05-11T11:33:51Z,,,,
5A8rKx9ShfCuCQ931hUQD9,Moksha,My Sleeping Karma,Moksha,2015,2015,,space rock,space rock; psychedelic rock; stoner rock; stoner,2015-06-01,577360,False,,https://open.spotify.com/track/5A8rKx9ShfCuCQ931hUQD9,6LjSLauP6x6gSn5cvKuS9p,4idYdwYKM9exGep2RkwHcE,7,1,liked,,2023-04-10T16:28:05Z,2023-04-10T16:28:05Z,,,,
65aCKuEoA7tDOaLPURTDHR,Melancholic Overdose,My Useless Life,My Useless Life,2017,2017,,depressive black metal,depressive black metal,2017-09-11,373865,False,,https://open.spotify.com/track/65aCKuEoA7tDOaLPURTDHR,64G8JK1Jde1xhR0QdvCqPY,1wMqSb6Jx1f9ETpLwMgQno,1,1,liked,,2024-02-12T12:17:18Z,2024-02-12T12:17:18Z,,,,
0TpsUDbytvS9LEki8uhLeK,Om å Danse Bekhette,Myrkgrav,"Trollskau, Skrømt og Kølabrenning",2006,2006,,black metal,black metal; folk metal; viking metal,2006,261093,False,,https://open.spotify.com/track/0TpsUDbytvS9LEki8uhLeK,7zUcyShGoe25ur6KXxC4Cc,4I9OMViKXQAt6sMuGWwSAI,3,1,liked,,2025-06-04T06:04:41Z,2025-06-04T06:04:41Z,,,,
7FpLO7UwyPgfJDrS7c1O0w,Sigrblot,Månegarm,Vredens tid,2005,2005,,viking metal,viking metal; black metal; folk metal,2005-09-28,293772,False,,https://open.spotify.com/track/7FpLO7UwyPgfJDrS7c1O0w,7puNW6wmvYYT8hggcOuZmY,6jQgWQKirZ7IKDGN8fRtdA,2,1,liked,,2023-04-10T16:29:40Z,2023-04-10T16:29:40Z,,,,
2cc9k15AifO7RfxxuEExkS,Dr. Feelgood,Mötley Crüe,Dr. Feelgood (Deluxe Version),1989,1989,,glam metal,glam metal; hard rock; heavy metal; album rock; arena rock,1989-09-01,291306,False,,https://open.spotify.com/track/2cc9k15AifO7RfxxuEExkS,23krn1eEy7o3u9laLI1PLD,0cc6vw3VN8YlIcvr1v7tBL,2,1,liked,,2023-04-10T16:28:05Z,2023-04-10T16:28:05Z,,,,
6VZivrPxu9MJ5rIPIERg56,Shout At The Devil,Mötley Crüe,Shout At The Devil,1983,1983,,glam metal,glam metal; hard rock; heavy metal; album rock; arena rock,1983-09-26,194986,False,,https://open.spotify.com/track/6VZivrPxu9MJ5rIPIERg56,7xuz2r1QalMeEVkYuDfPgY,0cc6vw3VN8YlIcvr1v7tBL,2,1,liked,,2023-04-10T16:28:05Z,2023-04-10T16:28:05Z,,,,
2sRTj07Ov6dKtquqU3mubb,Garland,MØL,Garland,2025,2025,,atmospheric black metal,atmospheric black metal; post-metal; shoegaze; post-black metal; blackgaze,2025-10-16,227346,False,,https://open.spotify.com/track/2sRTj07Ov6dKtquqU3mubb,19zYH0IPBTsYgTOEe9wIgv,10AROE3jG5grMdhlNyZiWo,1,1,liked,,2025-10-21T11:41:24Z,2025-10-21T11:41:24Z,,,,
0BYNyYz3dy4Yh9AhxVMIgN,Bruma - Instrumental,MØL,Jord (Instrumental),2018,2018,,atmospheric black metal,atmospheric black metal; post-metal; shoegaze; post-black metal; blackgaze,2018-08-10,324789,False,,https://open.spotify.com/track/0BYNyYz3dy4Yh9AhxVMIgN,7KszynEjLnVsZufqplU0Av,10AROE3jG5grMdhlNyZiWo,3,1,liked,,2023-04-10T16:28:05Z,2023-04-10T16:28:05Z,,,,
5JeW8wBfctAeQ0ZpBdcywO,The Ballað Of The Broken Birdie Records,múm,Yesterday Was Dramatic – Today Is OK,2005,2005,,post-rock,post-rock; indietronica; electronic; glitch pop; idm,2005-10-04,325560,False,,https://open.spotify.com/track/5JeW8wBfctAeQ0ZpBdcywO,1NNVjD5ZkVg6eeR62OmEs2,4mw86zm4QZIL8SksdyE6OU,7,1,liked,,2023-04-10T16:28:05Z,2023-04-10T16:28:05Z,,,,
7BuXtLAdrUAbtdAq8IFXq2,Tomorrow,N4m3,Café del Mar ChillWave 3,2019,2019,,electronic,electronic,2019-03-22,294661,False,,https://open.spotify.com/track/7BuXtLAdrUAbtdAq8IFXq2,1DdsNCQ32Zoc8RtYB3sdPq,4dkrZNfc0DQY8NfuFP3LUQ,12,2,liked,,2023-04-10T16:28:05Z,2023-04-10T16:28:05Z,,,,
25Q2WPmAYFgC2dgLqfCvt5,Hemlanden,N; Simulacra,Birka,2016,2016,,hard rock,hard rock; glam metal; heavy metal; art rock; aor,2016-09-22,637360,False,,https://open.spotify.com/track/25Q2WPmAYFgC2dgLqfCvt5,43UWDDiGunNFI23tmhGO2w,5JUphDCfBUCUEc3CwlEzAQ; 7BQwU4CuBuXxBXxq5fx5iK,3,1,liked,,2023-04-10T16:28:05Z,2023-04-10T16:28:05Z,,,,
176ostFbfcjZlSeNcFvyJ3,Skin Turns To Glass,Nadja,Skin Turns To Glass,2008,2008,,drone,drone; drone metal; post-metal; shoegaze; ambient,2008-12-15,1078893,False,,https://open.spotify.com/track/176ostFbfcjZlSeNcFvyJ3,62gKSFp6YsiarnSRT2G7r4,5ilW7mgqfRPZzRi28RNk8V,2,1,liked,,2023-04-10T16:28:05Z,2023-04-10T16:28:05Z,,,,
0PtKMJOq2OKxHo2aEwkkNk,Smoke's Men,Nahemah,A New Constellation,2009,2009,,progressive metal,progressive metal; melodic death metal,2009-05-25,317106,False,,https://open.spotify.com/track/0PtKMJOq2OKxHo2aEwkkNk,2BlmMyaLgXoxvkuhJMkIkm,3ncx8IRTf1fHtrOiIs8lKG,9,1,liked,,2023-04-10T16:28:05Z,2023-04-10T16:28:05Z,,,,
7sQsJItB0PbQ5asT8PPYrk,Spirit Corrosion,Nailed to Obscurity,Spirit Corrosion,2025,2025,,melodic death metal,melodic death metal; melodic/death/doom-metal,2025-06-11,317706,False,,https://open.spotify.com/track/7sQsJItB0PbQ5asT8PPYrk,738zzIsYYGg5lcbiApHYXR,3VKWvDnlwWaBI2uzMTjuSJ,1,1,liked,,2025-06-19T07:32:28Z,2025-06-19T07:32:28Z,,,,
64syMK7oo9VPihJBj1IBGH,Scum,Napalm Death,Scum,1987,1987,,grindcore,grindcore; deathgrind; death metal; industrial metal; crust punk,1987,158200,False,,https://open.spotify.com/track/64syMK7oo9VPihJBj1IBGH,51wqCUWehVrNj2Ltc83zJu,3UqRgrDIQ208yNGiWKRMNt,4,1,liked,,2024-11-01T08:21:26Z,2024-11-01T08:21:26Z,,,,
0cEBDdBtmvQJXLgIEbtOEM,Gearhead,Narrow Head,Gearhead,2022,2022,,alternative rock,alternative rock; shoegaze; grunge,2022-12-13,204228,False,,https://open.spotify.com/track/0cEBDdBtmvQJXLgIEbtOEM,2YuR8K2alQaOo7TPdyJlhP,4g6ODwOQYRZLsP89kEoBIu,1,1,liked,,2023-04-10T16:28:05Z,2023-04-10T16:28:05Z,,,,
4v8tVonb61TttqhDH9KoTu,Moments of Clarity,Narrow Head,Moments of Clarity,2022,2022,,alternative rock,alternative rock; shoegaze; grunge,2022-11-07,230935,False,,https://open.spotify.com/track/4v8tVonb61TttqhDH9KoTu,5VVOEBLHrTaHcAo1z86anZ,4g6ODwOQYRZLsP89kEoBIu,1,1,liked,,2023-04-10T16:28:05Z,2023-04-10T16:28:05Z,,,,
4Ty6nMK3FnFWq9ByxxbVUE,Journey to Narahmon,Naxatras,IV,2022,2022,,psychedelic rock,psychedelic rock; stoner rock; space rock; progressive rock; heavy psych,2022-02-25,366532,False,,https://open.spotify.com/track/4Ty6nMK3FnFWq9ByxxbVUE,7utI8KePZFiccJegsP46ds,6HN1s0JzLowapZ7nhOAJ71,3,1,liked,,2025-05-19T11:11:43Z,2025-05-19T11:11:43Z,,,,
513xl0DnMUBAxftXQLwhY8,The Citadel,Naxatras,V,2025,2025,,psychedelic rock,psychedelic rock; stoner rock; space rock; progressive rock; heavy psych,2025-02-21,355719,False,,https://open.spotify.com/track/513xl0DnMUBAxftXQLwhY8,2ZZktLwzbKzwP1bUeZVY1J,6HN1s0JzLowapZ7nhOAJ71,8,1,liked,,2025-09-22T13:45:53Z,2025-09-22T13:45:53Z,,,,
1rPbbNTiHpZQdmgTczywVN,The Shroud,Naïve,The End,2009,2009,,guitar pop,guitar pop,2009-08-03,401506,False,,https://open.spotify.com/track/1rPbbNTiHpZQdmgTczywVN,5VzjkHMpiU7q3BvJ2Yc3Fw,2ntWkOE8B2fakB6BqCyYnl,4,1,liked,,2023-04-10T16:28:05Z,2023-04-10T16:28:05Z,,,,
0yUF0HoE7ckbKf64TNNcE1,Blotha Huñaga Bolañan Alu,Nebala; Vessel,Lustuz Laþu Wōþuz Alu,2022,2022,,electronic,electronic; ambient; experimental,2022-07-29,469087,False,,https://open.spotify.com/track/0yUF0HoE7ckbKf64TNNcE1,0Wbb30kwaAZwYVVPCaMJGB,1x1XcUjrX73EhuKUatFacV; 3CVP7vT9JUFGLj8MgiVKjY,9,1,liked,,2023-09-09T19:32:03Z,2023-09-09T19:32:03Z,,,,
0NcLgzMLr8NmQbp7FFRE0d,Blotha Huñaga Bolañan Alu,Nebala; Vessel,Lustuz Laþu Wōþuz Alu,2022,2022,,electronic,electronic; ambient; experimental,2022-07-29,469087,False,,https://open.spotify.com/track/0NcLgzMLr8NmQbp7FFRE0d,3hijwTsw36Xb0kaohvYOdD,1x1XcUjrX73EhuKUatFacV; 3CVP7vT9JUFGLj8MgiVKjY,9,1,liked,,2023-04-10T16:28:05Z,2023-04-10T16:28:05Z,,,,
4FyBdSKgEq7tjm6ewzF2UU,Plastic Womb,Nebula Nine,Plastic Womb,2024,2024,,grunge,grunge; goth rock,2024-04-19,375000,False,,https://open.spotify.com/track/4FyBdSKgEq7tjm6ewzF2UU,24Hbte4UVvoJCJn3JzEqKz,6FIMoPRbRrHOhDIowMuaZS,1,1,liked,,2024-05-12T08:43:19Z,2024-05-12T08:43:19Z,,,,
4Dy9PLhg5djdCCh8avAiwd,Temple Of Juno,Necro Deathmort,Music of Bleak Origin,2011,2011,,electronic,electronic; drone; experimental rock; dark electro,2011-07-04,432786,False,,https://open.spotify.com/track/4Dy9PLhg5djdCCh8avAiwd,0m3gx45I0511dPmIuUWlUM,0IlXhImEcXA0yLl01ayMux,3,1,liked,,2023-04-10T16:28:05Z,2023-04-10T16:28:05Z,,,,
2q4kIZgwi2JJ9diGWJaAvu,Drill the Skull,Necrot,Lifeless Birth,2024,2024,,death metal,death metal,2024-04-12,345906,True,,https://open.spotify.com/track/2q4kIZgwi2JJ9diGWJaAvu,05kOE4UkPAJW5a0FuRxs4X,5jWIRPU5rVBm6ky8Atq7AW,4,1,liked,,2024-07-16T07:17:15Z,2024-07-16T07:17:15Z,,,,
4iEaqpVdfz3FSFMR34wBso,Cunoasterea Tacuta,Negură Bunget,OM,2003,2003,,black metal,black metal; atmospheric black metal; progressive metal; folk metal; progressive black metal,2003-01-20,431666,False,,https://open.spotify.com/track/4iEaqpVdfz3FSFMR34wBso,06bqLEGmA8E74HdcKxWlbh,6wLgoPmccgFkKpjPYvJqtM,4,1,liked,,2023-04-10T16:28:05Z,2023-04-10T16:28:05Z,,,,
2hrjexXreC2CstrrzeHQ5P,Toacă Din Cer - Single Edit,Negură Bunget,Toacă Din Cer,2021,2021,,black metal,black metal; atmospheric black metal; progressive metal; folk metal; progressive black metal,2021-11-10,526950,False,,https://open.spotify.com/track/2hrjexXreC2CstrrzeHQ5P,5QYB4SbpCHDBKu2ebvL34g,6wLgoPmccgFkKpjPYvJqtM,1,1,liked,,2023-04-10T16:28:05Z,2023-04-10T16:28:05Z,,,,
1gp5GlIHJysAgiOGbhoRS1,Rockin' in the Free World,Neil Young,100 Greatest Classic Rock Songs,2019,2019,,folk rock,folk rock; country rock; hard rock; country; classic rock,2019-04-05,281853,False,,https://open.spotify.com/track/1gp5GlIHJysAgiOGbhoRS1,5xrx34yrP6lj9NzvBx9PuT,6v8FB84lnmJs434UJf2Mrm,6,1,liked,,2023-04-10T16:28:05Z,2023-04-10T16:28:05Z,,,,
1SIOF686WCbAfBRai66sc9,Cowgirl in the Sand - Live,Neil Young; Crazy Horse,Live at the Fillmore East 1970,2006,2006,,folk rock,folk rock; hard rock; country rock; psychedelic rock; country,2006-11-07,969386,False,,https://open.spotify.com/track/1SIOF686WCbAfBRai66sc9,2X9CyDeFy0wRDoOn5WKyF8,6v8FB84lnmJs434UJf2Mrm; 0oi7g8NUnlLh5tJvg2y5e3,6,1,liked,,2023-04-10T16:28:05Z,2023-04-10T16:28:05Z,,,,
5iQVhdVO1xwyusDv9Hp1Bz,Countenance,Nektar,Journey To The Centre Of The Eye,1971,1971,,progressive rock,progressive rock; psychedelic rock; space rock; krautrock; hard rock,1971-01-01,214226,False,,https://open.spotify.com/track/5iQVhdVO1xwyusDv9Hp1Bz,67yodfReEKnfcYuJ59mV6e,0n2Uel3CvQrmMsYLEfpO3s,3,1,liked,,2025-09-15T08:35:02Z,2025-09-15T08:35:02Z,,,,
0oIDYECjfXVLthVPVBm59g,Surtr's Flames,Nemuer,Urðarbrunnr,2019,2019,,pagan folk,pagan folk; folk ambient; dark ambient; dark folk; atmospheric folk,2019-10-18,137053,False,,https://open.spotify.com/track/0oIDYECjfXVLthVPVBm59g,26ox9aAM8XJc8cfduHhcb8,5YLlSPiJ0oTTwToxWrmNVZ,12,1,liked,,2024-01-02T09:18:42Z,2024-01-02T09:18:42Z,,,,
4aB5cIRjPbKyKCWodt6rsu,Dark Triumphant Hordes,Nerthus,Black Medieval Art,2003,2003,,black metal,black metal,2003,334493,False,,https://open.spotify.com/track/4aB5cIRjPbKyKCWodt6rsu,1xEKwribVjtEp6CCId71rv,00ZRfeItdb8OFODaQA8wE7,4,1,liked,,2023-04-10T16:28:05Z,2023-04-10T16:28:05Z,,,,
0D6eRmVzg4fDshEz6cOSDn,cold,never easy,cold,2025,2025,,shoegaze,shoegaze; alternative rock,2025-04-04,217634,False,,https://open.spotify.com/track/0D6eRmVzg4fDshEz6cOSDn,54Jc6dF9Xde9TUEr9l3NNC,3Qr5Z948M0BpkrKDFTRwv1,1,1,liked,,2025-04-04T10:32:23Z,2025-04-04T10:32:23Z,,,,
6W9yTmOy7ql9mbHML9ttfp,stay,never easy,it never gets easier,2024,2024,,shoegaze,shoegaze; alternative rock,2024-07-26,146842,False,,https://open.spotify.com/track/6W9yTmOy7ql9mbHML9ttfp,616txNCG96U40USW4hfHts,3Qr5Z948M0BpkrKDFTRwv1,4,1,liked,,2024-11-09T18:31:53Z,2024-11-09T18:31:53Z,,,,
3nRFgNpIbGVjobqbXlIuPX,Sentient 6,Nevermore,This Godless Endeavor,2005,2005,,progressive metal,progressive metal; thrash metal; power metal; us power metal; heavy metal,2005-07-13,418333,False,,https://open.spotify.com/track/3nRFgNpIbGVjobqbXlIuPX,0qWyN9Kpv8oCmCkDRYkvYH,1wUArE0NhHB8M1bU2WSplY,5,1,liked,,2024-11-05T13:47:03Z,2024-11-05T13:47:03Z,,,,
4SMOW5TbB361MwomUfnN1L,aas,neànder,neànder,2019,2019,,doom metal,doom metal; post-metal,2019-02-22,543760,False,,https://open.spotify.com/track/4SMOW5TbB361MwomUfnN1L,7hkDZpZwLF7BW3qGQJnu2s,3boxetQXPWlw7DND6hMvrm,3,1,liked,,2023-04-10T16:28:05Z,2023-04-10T16:28:05Z,,,,
0WPdGyc2srfs88aWl3kweu,Ishjarte,Nifrost,Orkja,2021,2021,,viking metal,viking metal; black metal,2021-06-25,540013,False,,https://open.spotify.com/track/0WPdGyc2srfs88aWl3kweu,4O7roBXdA7YlmTQ7slLCm3,5ZMigpCb9oVcFPic8egh7D,7,1,liked,,2023-04-10T16:28:05Z,2023-04-10T16:28:05Z,,,,
36sMSHB5zRmUK6tc5XOFOm,Åska (feat. Author & Punisher),Night Verses; Author & Punisher,Every Sound Has A Color In The Valley Of Night,2024,2024,,post-rock,post-rock; industrial; garage rock; doom metal; post-hardcore,2024-03-15,149440,False,,https://open.spotify.com/track/36sMSHB5zRmUK6tc5XOFOm,6vcoKJhkNPj3HeTOudcRLO,55GUoQ2E2hze3842bFs4bb; 4QtqJ5KVIhBruJWEhWjnsv,9,1,liked,,2025-04-03T07:29:32Z,2025-04-03T07:29:32Z,,,,
6sn3FHCq2csvNkq2h9Au8V,The Riddle,Nik Kershaw,The Riddle (Expanded Edition),1984,1984,,new wave,new wave; classic pop and rock; production music; synthpop; pop rock,1984-01-01,234840,False,,https://open.spotify.com/track/6sn3FHCq2csvNkq2h9Au8V,2CqELgQ8dNxGgBuIic49Gq,7kCL98rPFsNKjAHDmWrMac,6,1,liked,,2023-04-10T16:28:05Z,2023-04-10T16:28:05Z,,,,
6y4jTJeCGmYLqPKOcjZyQR,Sunday,Nikonn; Maria Papadopoulou,Poladroid,2006,2006,,electronic,electronic; downtempo; ambient; deep house,2006-05-01,281613,False,,https://open.spotify.com/track/6y4jTJeCGmYLqPKOcjZyQR,0mGC03jvVOmYC59KTftOFG,1IUR872zLRlWXAfr7Uls4Q; 61GTqziB7iCUf6CSGyHc5S,1,1,liked,,2023-04-10T16:28:05Z,2023-04-10T16:28:05Z,,,,
617B8BzRj0qN4cx8ITXV5B,Late,Nils Frahm,Old Friends New Friends,2021,2021,,modern classical,modern classical; minimalism; electronic; ambient; classical,2021-12-03,198584,False,,https://open.spotify.com/track/617B8BzRj0qN4cx8ITXV5B,6kczD163sXLW0Z8P42laJ6,5gqhueRUZEa7VDnQt4HODp,2,1,liked,,2026-03-29T16:31:23Z,2026-03-29T16:31:23Z,,,,
7uYRmq6tONjvwUh8wn8zvh,Further in the Making,Nils Frahm,Old Friends New Friends,2021,2021,,modern classical,modern classical; minimalism; electronic; ambient; classical,2021-12-03,108286,False,,https://open.spotify.com/track/7uYRmq6tONjvwUh8wn8zvh,6kczD163sXLW0Z8P42laJ6,5gqhueRUZEa7VDnQt4HODp,8,1,liked,,2026-05-26T07:31:30Z,2026-05-26T07:31:30Z,,,,
25zykbJGBYXYjnq5VyhO3N,Ambre,Nils Frahm,Wintermusik,2009,2009,,modern classical,modern classical; minimalism; electronic; ambient; classical,2009-12-07,227184,False,,https://open.spotify.com/track/25zykbJGBYXYjnq5VyhO3N,7wkQV8xvauPFBG2xC3pawK,5gqhueRUZEa7VDnQt4HODp,1,1,liked,,2026-03-27T19:26:14Z,2026-03-27T19:26:14Z,,,,
00Vy3UdDrfqJjpAMXgz6Vw,At The Ocean's Strand,Nine Covens,...On The Dawning Of Light,2012,2012,,black metal,black metal,2012-11-12,222666,False,,https://open.spotify.com/track/00Vy3UdDrfqJjpAMXgz6Vw,7JHMgaYJs0wmZFKJ55iX9N,4DjndeXYYL6XOEuO5px3i4,3,1,liked,,2023-04-10T16:28:05Z,2023-04-10T16:28:05Z,,,,
1Ng1T9kD0tt21YEdbRcEkW,芋虫,Ningen Isu,怪人二十面相,2016,2016,,doom metal,doom metal; hard rock; heavy metal,2016-07-06,520773,False,,https://open.spotify.com/track/1Ng1T9kD0tt21YEdbRcEkW,2YDEsW0yStojhZdFWsjfZz,4rd6QvHo3CdZNmZrPJs8yz,7,1,liked,,2023-04-10T16:28:05Z,2023-04-10T16:28:05Z,,,,
0EY1Z9UmZnYZyM7zHs6C0j,School,Nirvana,Bleach,1989,1989,,grunge,grunge; alternative rock; noise rock; acoustic rock; sludge metal,1989-06-01,162115,False,,https://open.spotify.com/track/0EY1Z9UmZnYZyM7zHs6C0j,1KVGLuPtrMrLlyy4Je6df7,6olE6TJLqED3rqDCT0FyPh,4,1,liked,,2023-04-10T16:28:05Z,2023-04-10T16:28:05Z,,,,
55yvzYuvJYG2RUEnMK78tr,About A Girl,Nirvana,Nirvana,2002,2002,,grunge,grunge; alternative rock; noise rock; acoustic rock; sludge metal,2002-10-29,166640,False,,https://open.spotify.com/track/55yvzYuvJYG2RUEnMK78tr,5zBPRXCAc801vyHWoRurNZ,6olE6TJLqED3rqDCT0FyPh,2,1,liked,,2023-04-10T16:28:05Z,2023-04-10T16:28:05Z,,,,
6AsgcX3hO4ei17EYoxe5Gd,Torn Out Roots,Nocmar,Torn Out Roots,2023,2023,,ambient,ambient; dark ambient; dungeon synth,2023-09-08,347541,False,,https://open.spotify.com/track/6AsgcX3hO4ei17EYoxe5Gd,0Hpv8z0BA07n0M0aI5RwRe,4rnsFcRvo1aa1k4gIyUKtD,2,1,liked,,2024-08-06T06:21:18Z,2024-08-06T06:21:18Z,,,,
0EJxK8EtZ0gMCyAiMGflEb,Leaderless And Self Enlisted,Norma Jean,Meridional,2010,2010,,metalcore,metalcore; hardcore; mathcore,2010-07-13,199333,False,,https://open.spotify.com/track/0EJxK8EtZ0gMCyAiMGflEb,3zDO2fEFPe01KiGw8XDB5t,55b0Gfm53udtGBs8mmNXrH,1,1,liked,,2023-04-10T16:28:05Z,2023-04-10T16:28:05Z,,,,
6TzJpaB4roN8MYTBZ5gynW,Deathbed Atheist,Norma Jean,Meridional,2010,2010,,metalcore,metalcore; hardcore; mathcore,2010-07-13,306560,False,,https://open.spotify.com/track/6TzJpaB4roN8MYTBZ5gynW,3zDO2fEFPe01KiGw8XDB5t,55b0Gfm53udtGBs8mmNXrH,3,1,liked,,2023-04-10T16:28:05Z,2023-04-10T16:28:05Z,,,,
0P1bhrbR7Jgqfj8M7lPt8T,Falling From The Sky: Day Seven,Norma Jean,Meridional,2010,2010,,metalcore,metalcore; hardcore; mathcore,2010-07-13,377373,False,,https://open.spotify.com/track/0P1bhrbR7Jgqfj8M7lPt8T,6WP3UHi7QQXaRjv4W8FP8l,55b0Gfm53udtGBs8mmNXrH,9,1,liked,,2025-08-22T11:00:31Z,2025-08-22T11:00:31Z,,,,
47lsLQ4dc2nBr1K2QFD7Oi,Innocent Bystanders United,Norma Jean,Meridional,2010,2010,,metalcore,metalcore; hardcore; mathcore,2010-07-13,522980,False,,https://open.spotify.com/track/47lsLQ4dc2nBr1K2QFD7Oi,6WP3UHi7QQXaRjv4W8FP8l,55b0Gfm53udtGBs8mmNXrH,13,1,liked,,2023-04-10T16:28:05Z,2023-04-10T16:28:05Z,,,,
4aI87vAjRPEzJPB26HRWzw,A Grand Scene For A Color Film,Norma Jean,Redeemer,2006,2006,,metalcore,metalcore; hardcore; mathcore,2006-01-01,204000,False,,https://open.spotify.com/track/4aI87vAjRPEzJPB26HRWzw,7ju4BQgiknmVAQSb2V3vky,55b0Gfm53udtGBs8mmNXrH,1,1,liked,,2023-04-10T16:28:05Z,2023-04-10T16:28:05Z,,,,
5GQlWWb1evGQw5CwZ6iRJg,"Sword In Mouth, Fire Eyes",Norma Jean,Wrongdoers,2013,2013,,metalcore,metalcore; hardcore; mathcore,2013-08-06,265613,False,,https://open.spotify.com/track/5GQlWWb1evGQw5CwZ6iRJg,2n6jhBxAIapcSnLciCEF4p,55b0Gfm53udtGBs8mmNXrH,5,1,liked,,2025-08-06T19:09:39Z,2025-08-06T19:09:39Z,,,,
73xJd6TWkdNra0k8c4Gi1V,Det förlorade ljuset,Norrfjällen,Vid skymningens slut,2025,2025,,atmospheric black metal,atmospheric black metal; black metal,2025-01-17,394560,False,,https://open.spotify.com/track/73xJd6TWkdNra0k8c4Gi1V,3SQ8Q9kifRUdcwcXn6MJ2a,4WPzttvPjHSzuuAgMiOnPz,3,1,liked,,2026-01-24T08:21:25Z,2026-01-24T08:21:25Z,,,,
2F87m9GEwcsafEo1ZoRZKL,Keep the Devil Down,North Mississippi Allstars,Hernando,2008,2008,,blues rock,blues rock,2008,230760,False,,https://open.spotify.com/track/2F87m9GEwcsafEo1ZoRZKL,54sSlLWKL4QaonoFBP4YrF,714osTgzZrkyf3SGjggpfY,2,1,liked,,2023-04-10T16:28:05Z,2023-04-10T16:28:05Z,,,,
2Q6H0iY9o5euS92380LO71,Shimmy She Wobble>Station Blues,North Mississippi Allstars,Hill Country Revue,2005,2005,,blues rock,blues rock,2005-10-12,551920,False,,https://open.spotify.com/track/2Q6H0iY9o5euS92380LO71,3nyAQXRZWGYoX0dz0gKVPk,714osTgzZrkyf3SGjggpfY,9,1,liked,,2023-04-10T16:28:05Z,2023-04-10T16:28:05Z,,,,
2mudgghqD6tEuUwMCJvXlc,Found My Home,Nosferatu,Krautrock Essentials,2012,2012,,hardcore techno,hardcore techno; hardcore; gabber,2012-11-01,519693,False,,https://open.spotify.com/track/2mudgghqD6tEuUwMCJvXlc,0J0RpnhC19KHgWL2SYYQEB,2cG03FBU1aWH63LTamJYBb,3,1,liked,,2024-07-30T16:14:49Z,2024-07-30T16:14:49Z,,,,
2PTO1SgBnq7DOwZkCCBOsi,In Celebration of Life,Nosound,Scintilla,2016,2016,,progressive rock,progressive rock; experimental; art rock; psychedleic rock; psychedelic,2016-09-02,334381,False,,https://open.spotify.com/track/2PTO1SgBnq7DOwZkCCBOsi,2CVxIFXuP5jIQskzzi1f1v,3lxJFv99itw5UfcbG1uwht,4,1,liked,,2025-07-08T12:02:01Z,2025-07-08T12:02:01Z,,,,
5YNjGisg3qXFUFdpFCxn3D,Сирены,Nosłeep,Impaled,2024,2024,,dungeon synth,dungeon synth; dark ambient,2024-02-05,444374,False,,https://open.spotify.com/track/5YNjGisg3qXFUFdpFCxn3D,6xkuCiAFS0SenyTYyVShXi,6rDNyVmt0I25QgpOhaChXP,3,1,liked,,2024-02-16T07:32:11Z,2024-02-16T07:32:11Z,,,,
5918U5xYBF6Dx6T36fwxlw,Famine Asylum,Nothing,The Great Dismal,2020,2020,,shoegaze,shoegaze; alternative rock; post-punk; indie rock; dream pop,2020-10-30,250096,False,,https://open.spotify.com/track/5918U5xYBF6Dx6T36fwxlw,0LKwC9p0PLomstKm9Y0nt3,60mqEPQp1eNjuwt1Z4yL4J,5,1,liked,,2023-04-10T16:28:05Z,2023-04-10T16:28:05Z,,,,
72LCw6fk4YZL5cyoG1TOzU,A.C.D. (Abcessive Compulsive Disorder),Nothing,Tired of Tomorrow (Deluxe Version),2016,2016,,shoegaze,shoegaze; alternative rock; post-punk; indie rock; dream pop,2016-05-13,219020,False,,https://open.spotify.com/track/72LCw6fk4YZL5cyoG1TOzU,2655MXRi7PSJTtYqdGKeuH,60mqEPQp1eNjuwt1Z4yL4J,4,1,liked,,2023-04-10T16:28:05Z,2023-04-10T16:28:05Z,,,,
6LPRvPfDJQrNSiUQ0z5kdH,Elm,NOÊTA,Elm,2021,2021,,ambient,ambient; dark wave; black ambient folk; dark folk,2021-04-23,235586,False,,https://open.spotify.com/track/6LPRvPfDJQrNSiUQ0z5kdH,1WfX5TqZUW6CnMY1CdkvnP,0vluNFDEQJ13KpkB5FLIW0,7,1,liked,,2023-04-11T16:01:35Z,2023-04-11T16:01:35Z,,,,
4LJXGkuHpOoiImHhWde3yt,Sunday Morning - Original Mix,Nuage; N4m3,Collaborations & Remixes EP,2011,2011,,electronic,electronic; shoegaze; ambient; dream pop,2011-12-28,299124,False,,https://open.spotify.com/track/4LJXGkuHpOoiImHhWde3yt,3OANwHqSXGfpne20DqG7vy,40aC0ICH8LjuNvZrh30WtD; 4dkrZNfc0DQY8NfuFP3LUQ,4,1,liked; playlist,DJ Blackheart,2023-04-10T16:28:05Z,2025-07-31T14:14:03Z,,,,
4uOq76srFzt94o98QrCVRO,Critical Mass,Nuclear Assault,Handle With Care,1989,1989,,thrash metal,thrash metal; heavy metal; speed metal; crossover thrash,1989,198960,False,,https://open.spotify.com/track/4uOq76srFzt94o98QrCVRO,79vmBrXaUaPS7LleUgP7HY,2iu7W76DMacXn6hzAqmJJU,2,1,liked,,2025-03-29T19:17:50Z,2025-03-29T19:17:50Z,,,,
0HrzUycntbHYWf23OGgK6q,A Clear and Present Rager,Nuclear Power Trio,A Clear and Present Rager,2020,2020,,rock,rock; heavy metal; progressive metal,2020-09-29,186550,False,,https://open.spotify.com/track/0HrzUycntbHYWf23OGgK6q,0g06rUWcNv35ty7OTWAI5Q,1ehBmvzykgp3Il0BUIZdev,1,1,liked,,2023-10-09T07:01:47Z,2023-10-09T07:01:47Z,,,,
1N8nG2E4ZSmOlO1qAUSURT,Adore,Numenorean,Adore,2019,2019,,black metal,black metal; post-metal,2019-04-12,522250,False,,https://open.spotify.com/track/1N8nG2E4ZSmOlO1qAUSURT,4Yf0HZRHPCZvRteeDMLcul,2qBGuYUZX53HN4Vk7Msjlc,9,1,liked,,2023-04-10T16:28:05Z,2023-04-10T16:28:05Z,,,,
005kHNiEW3tKdgWMprDpUy,Golden Boy,Nuovo Testamento,New Earth,2021,2021,,synth-pop,synth-pop; italo-disco; electronic; new wave; hi-nrg,2021-06-29,260773,False,,https://open.spotify.com/track/005kHNiEW3tKdgWMprDpUy,5JPNq4Trv6D1nrGJGI3unu,70MnQHSuHcHizcq5qma5vA,4,1,liked; playlist,80's,2023-04-10T16:28:05Z,2024-12-29T15:19:50Z,,,,
4mzFF0lf44qm48fNvUtXyp,Gold Vulcan,NYOS,Celebration,2022,2022,,post-rock,post-rock; math rock,2022-04-08,384137,False,,https://open.spotify.com/track/4mzFF0lf44qm48fNvUtXyp,0okfiKVWXA8BC6kpUlzsmt,4Euhhr6Da22zneAorqNTov,6,1,liked,,2023-04-10T16:28:05Z,2023-04-10T16:28:05Z,,,,
5OMIGHtaeyTwUNAqFqINR2,By the Light,Obituary,Back from the Dead,1997,1997,,death metal,death metal; old school death metal,1997-04-14,176160,False,,https://open.spotify.com/track/5OMIGHtaeyTwUNAqFqINR2,6Nt3MIvrpxlmfaAOb7hJjB,0SbGI4sb8dAKFZnK7RFyhz,2,1,liked,,2025-03-21T17:57:24Z,2025-03-21T17:57:24Z,,,,
5st0CKelul6IkDMo8Q2hyp,Don't Care,Obituary,World Demise (Reissue),1994,1994,,death metal,death metal; old school death metal,1994,192466,False,,https://open.spotify.com/track/5st0CKelul6IkDMo8Q2hyp,1j3nCDwXTWUCe1moh98kIa,0SbGI4sb8dAKFZnK7RFyhz,1,1,liked,,2025-03-21T17:56:48Z,2025-03-21T17:56:48Z,,,,
1ItEQWb7yAqijI1vpG5r1k,Methamorphosis,Obscure,On Formaldehyde,2008,2008,,death metal,death metal,2008-09-29,232493,False,,https://open.spotify.com/track/1ItEQWb7yAqijI1vpG5r1k,5RL3iKkCVR0roH1V63pfri,6UCGlnMvvNd2v8M7QLoi3L,2,1,liked,,2023-04-10T16:28:05Z,2023-04-10T16:28:05Z,,,,
7HXVjmvd6bbCYD5vjuTjA0,Abra Macabra,Obscure,On Formaldehyde,2008,2008,,death metal,death metal,2008-09-29,368493,False,,https://open.spotify.com/track/7HXVjmvd6bbCYD5vjuTjA0,5RL3iKkCVR0roH1V63pfri,6UCGlnMvvNd2v8M7QLoi3L,4,1,liked,,2023-04-10T16:28:05Z,2023-04-10T16:28:05Z,,,,
5nGGw6xs358HWMXr0D9k2q,Fragments,Obscure,On Formaldehyde,2008,2008,,death metal,death metal,2008-09-29,325240,False,,https://open.spotify.com/track/5nGGw6xs358HWMXr0D9k2q,5RL3iKkCVR0roH1V63pfri,6UCGlnMvvNd2v8M7QLoi3L,7,1,liked,,2023-04-10T16:28:05Z,2023-04-10T16:28:05Z,,,,
1f8kqXx1RoPuoqTEUrhdMA,Subserialist,Obscure,On Formaldehyde,2008,2008,,death metal,death metal,2008-09-29,512226,False,,https://open.spotify.com/track/1f8kqXx1RoPuoqTEUrhdMA,5RL3iKkCVR0roH1V63pfri,6UCGlnMvvNd2v8M7QLoi3L,8,1,liked,,2023-04-10T16:28:05Z,2023-04-10T16:28:05Z,,,,
0HmFeg3Lau1kgbYhYc9E9y,Abraxas,Obscure,On Formaldehyde,2008,2008,,death metal,death metal,2008-09-29,355986,False,,https://open.spotify.com/track/0HmFeg3Lau1kgbYhYc9E9y,5RL3iKkCVR0roH1V63pfri,6UCGlnMvvNd2v8M7QLoi3L,10,1,liked,,2023-04-10T16:28:05Z,2023-04-10T16:28:05Z,,,,
5ca8EKximHqA1q2ATq8rEg,Ay Que Por Muy Gran Fremosura,Obsequiae,Aria of Vernal Tombs,2015,2015,,black metal,black metal; melodic black metal; medieval; medieval metal; atmospheric black metal,2015-05-26,182500,False,,https://open.spotify.com/track/5ca8EKximHqA1q2ATq8rEg,1AAzWBkgkhlIxmR3FH41pR,5KwdkxxLA3mR8dxpzauigT,1,1,liked,,2023-04-10T16:28:05Z,2023-04-10T16:28:05Z,,,,
0puEoyIMTNDLJ8rVrQjaPZ,Autumnal Pyre,Obsequiae,Aria of Vernal Tombs,2015,2015,,black metal,black metal; melodic black metal; medieval; medieval metal; atmospheric black metal,2015-05-26,324500,False,,https://open.spotify.com/track/0puEoyIMTNDLJ8rVrQjaPZ,1AAzWBkgkhlIxmR3FH41pR,5KwdkxxLA3mR8dxpzauigT,2,1,liked,,2023-04-10T16:28:05Z,2023-04-10T16:28:05Z,,,,
3VANrwkmYkLHpzZs63YadJ,Anlace and Heart,Obsequiae,Aria of Vernal Tombs,2015,2015,,black metal,black metal; melodic black metal; medieval; medieval metal; atmospheric black metal,2015-05-26,320000,False,,https://open.spotify.com/track/3VANrwkmYkLHpzZs63YadJ,1AAzWBkgkhlIxmR3FH41pR,5KwdkxxLA3mR8dxpzauigT,6,1,liked; playlist,FD top,2025-02-13T09:03:07Z,2025-08-26T19:05:38Z,,,,
3gkmckKq5q3ipfiIV2CX0D,The Anchoress's Orison,Obsequiae,Aria of Vernal Tombs,2015,2015,,black metal,black metal; melodic black metal; medieval; medieval metal; atmospheric black metal,2015-05-26,98000,False,,https://open.spotify.com/track/3gkmckKq5q3ipfiIV2CX0D,1AAzWBkgkhlIxmR3FH41pR,5KwdkxxLA3mR8dxpzauigT,7,1,liked,,2023-04-10T16:28:05Z,2023-04-10T16:28:05Z,,,,
7xDOyjbYqnA4drzrjzyQ94,In the Absence of Light,Obsequiae,Aria of Vernal Tombs,2015,2015,,black metal,black metal; melodic black metal; medieval; medieval metal; atmospheric black metal,2015-05-26,305000,False,,https://open.spotify.com/track/7xDOyjbYqnA4drzrjzyQ94,1AAzWBkgkhlIxmR3FH41pR,5KwdkxxLA3mR8dxpzauigT,8,1,liked,,2023-04-10T16:28:05Z,2023-04-10T16:28:05Z,,,,
7c7HIeQ40wzkILS7zF1OxN,Spiritual Fortress,Ocean of Grief,Fortress of My Dark Self,2016,2016,,death-doom metal,death-doom metal,2016-03-15,273671,False,,https://open.spotify.com/track/7c7HIeQ40wzkILS7zF1OxN,3rbPpfaOIoEFSxOQEi3Za5,0FyJgGUsFZlg1M2WS1ckwr,1,1,liked,,2024-08-08T05:54:18Z,2024-08-08T05:54:18Z,,,,
59EXUU1Fde9Lc6QjGotk2B,The Waters Rising,Oceans of Slumber,The Waters Rising,2022,2022,,progressive metal,progressive metal; doom metal; heavy metal; black metal; death metal,2022-02-22,262973,False,,https://open.spotify.com/track/59EXUU1Fde9Lc6QjGotk2B,58fcRPmN042228TwRVoVsQ,2JSza6IRxLr1Ez3wqKd0SY,1,1,liked,,2023-04-10T16:28:05Z,2023-04-10T16:28:05Z,,,,
0hAM2VDYMWzAgtCVZXA6Qr,A Midsummer Nice Dream,Ochre,A Midsummer Nice Dream,2004,2004,,electronic,electronic; idm; ambient,2004-11-29,170000,False,,https://open.spotify.com/track/0hAM2VDYMWzAgtCVZXA6Qr,4WZ0dPZH8wktMC0RiFhwL6,0OmHDBh5styCXDWKwz58Ts,13,1,liked,,2023-10-14T14:46:14Z,2023-10-14T14:46:14Z,,,,
4jOmwPqUQCw4lbyduoeF91,12 Day of Rain,October Tide,Rain Without End,2008,2008,,death-doom metal,death-doom metal; death metal; doom metal,2008-11-10,403426,False,,https://open.spotify.com/track/4jOmwPqUQCw4lbyduoeF91,6JIVebWMTGtNpVFjfOOdBO,4Ttdsj7ypWvHOhephBvXAl,1,1,liked,,2025-06-05T16:02:03Z,2025-06-05T16:02:03Z,,,,
4FtHEQ4vNuaywdRY1IHQfh,Freefall,OGRE Sound,Calico Brawn,2014,2014,,synthwave,synthwave; electronic; chiptune,2014-11-17,246857,False,,https://open.spotify.com/track/4FtHEQ4vNuaywdRY1IHQfh,3Bb1nb7jVF7qigjWeSdvrc,1cSXroP62yDewheYORCPoj,3,1,liked; playlist,80's,2023-04-10T16:28:05Z,2024-07-26T17:32:40Z,,,,
0Lm6nVFfrjotBMeUy718nZ,Haunted Broom,Old Nick,Crisp Winter Dawn of My Night Moon,2021,2021,,black metal,black metal; dungeon synth,2021-11-20,191590,False,,https://open.spotify.com/track/0Lm6nVFfrjotBMeUy718nZ,5RkO164GDZCKHecuof47k8,7D5ft5DruogdkdFaaFwODc,3,1,liked,,2024-10-18T07:42:53Z,2024-10-18T07:42:53Z,,,,
6KXJ4eONbfOR0g60x1ui86,In a Forest Trapped,Old Sorcery,Realms of Magickal Sorrow,2018,2018,,dungeon synth,dungeon synth; black metal; atmospheric black metal,2018-04-09,320040,False,,https://open.spotify.com/track/6KXJ4eONbfOR0g60x1ui86,26SEv2UKQeriTEJc4svwYL,30SiUhbJL8LZLbO1FfVR22,4,1,liked,,2023-12-06T07:31:57Z,2023-12-06T07:31:57Z,,,,
4hojoWY4kEPP7UJHZGgEUt,Frozen Bloom I,Olhava,Frozen Bloom,2021,2021,,atmospheric black metal,atmospheric black metal; blackgaze; black metal; post-black metal,2021-04-02,883157,False,,https://open.spotify.com/track/4hojoWY4kEPP7UJHZGgEUt,5SbALdCsu2Lud13hfdf6ZE,4lpvlgUCumwxmQD37sbIZt,3,1,liked,,2023-04-10T16:28:05Z,2023-04-10T16:28:05Z,,,,
2G9vqXPHiE3zpAEHc2t6CA,Forever with You,Olhava,Sacrifice,2024,2024,,atmospheric black metal,atmospheric black metal; blackgaze; black metal; post-black metal,2024-01-26,982180,False,,https://open.spotify.com/track/2G9vqXPHiE3zpAEHc2t6CA,2zKSqcZ0cLVu5wPe2fTPxE,4lpvlgUCumwxmQD37sbIZt,1,1,liked,,2024-02-07T14:25:45Z,2024-02-07T14:25:45Z,,,,
7aWzNbrpeEKL1JMoB1lBXE,В леску,Oligarkh; FolkBeat,В леску / Порушка,2019,2019,,electronic,electronic; indietronica,2019-10-31,178500,False,,https://open.spotify.com/track/7aWzNbrpeEKL1JMoB1lBXE,06Jbihwgjf1BI3u7P1gq6L,2kWiOL8Vy40c0HsOYpLRqM; 4CU795ZKZ6Vn5GvkXrbxy9,1,1,liked,,2025-01-07T13:47:12Z,2025-01-07T13:47:12Z,,,,
4rweIylhC9uQ67gTrGCdez,State of Non-Return,OM,Advaitic Songs,2012,2012,,stoner rock,stoner rock; stoner metal; doom metal; psychedelic rock; dub,2012-07-24,365720,False,,https://open.spotify.com/track/4rweIylhC9uQ67gTrGCdez,1lJn3Ku809KZKTS3411iTT,4hCgC4FnYZLBgQPUMLOoiI,2,1,liked,,2023-04-10T16:28:06Z,2023-04-10T16:28:06Z,,,,
2E26Vgc5DTlScIrYkrCeVG,Bedouin's Vigil,OM,Bedouin’s Vigil / Assyrian Blood,2006,2006,,stoner rock,stoner rock; stoner metal; doom metal; psychedelic rock; dub,2006-07-01,267733,False,,https://open.spotify.com/track/2E26Vgc5DTlScIrYkrCeVG,7FitWQf3ZQYbfykDmPlfgH,4hCgC4FnYZLBgQPUMLOoiI,1,1,liked,,2026-04-21T06:36:10Z,2026-04-21T06:36:10Z,,,,
5DyYyyeE7aVuKBfkdHo8QB,Unitive Knowledge of The Godhead,OM,Within The Church Of Thee Overlords II,2009,2009,,stoner rock,stoner rock; stoner metal; doom metal; psychedelic rock; dub,2009-02-24,344560,False,,https://open.spotify.com/track/5DyYyyeE7aVuKBfkdHo8QB,2ZsrkJZLIzY4HyGX2TGqIh,4hCgC4FnYZLBgQPUMLOoiI,1,1,liked,,2023-04-10T16:28:06Z,2023-04-10T16:28:06Z,,,,
4H0CetjSTGodZdf8IwE88T,Coma Pony,Omar Rodríguez-López Quintet,The Apocalypse Inside Of An Orange,2007,2007,,rock,rock; jazz; experimental; avant-garde,2007-11-20,399826,False,,https://open.spotify.com/track/4H0CetjSTGodZdf8IwE88T,7qfGIVPCdIx3gFoo5fsalD,5jnQPIYH26gegbXDqdMjmh,8,1,liked,,2023-04-10T16:28:06Z,2023-04-10T16:28:06Z,,,,
6uLRSm0VE2ETLX2NgBrH69,Finálé,Omega,Csillagok útján - Skyrover,1977,1977,,progressive rock,progressive rock; hard rock; psychedelic rock; space rock; psychedelic pop,1977-02-01,163466,False,,https://open.spotify.com/track/6uLRSm0VE2ETLX2NgBrH69,3byiBrL2iryfLnfMG20pWu,2jFXKAH9A9H8lVnJkkLxXl,18,1,liked,,2023-04-10T16:28:06Z,2023-04-10T16:28:06Z,,,,
5aJFl1xTKTLcfSuirL3MjY,Pearls in Her Hair,Omega,The Beaty Sixties,2015,2015,,progressive rock,progressive rock; hard rock; psychedelic rock; space rock; psychedelic pop,2015-11-23,329960,False,,https://open.spotify.com/track/5aJFl1xTKTLcfSuirL3MjY,7BHTW6itfT9fnj6JT07O9a,2jFXKAH9A9H8lVnJkkLxXl,16,1,liked,,2023-04-10T16:28:06Z,2023-04-10T16:28:06Z,,,,
37TkowlcCeDdkezYGP9qqk,Erevos,On Thorns I Lay,Aegean Sorrow,2018,2018,,gothic metal,gothic metal; doom metal; death metal; death doom metal; death-doom metal,2018-03-12,325866,False,,https://open.spotify.com/track/37TkowlcCeDdkezYGP9qqk,3yVsCT0oGZLw4cj9WF7m1O,7bGopU168qloFmaY1OcSwv,3,1,liked,,2023-04-10T16:28:06Z,2023-04-10T16:28:06Z,,,,
3RO9b5KtpkOEbLIodiGUtf,Elastic - Phase I,Opal Sunn,Elastic (Phase I),2024,2024,,electronic,electronic; ambient; house; electro; dub,2024-12-06,628184,False,,https://open.spotify.com/track/3RO9b5KtpkOEbLIodiGUtf,29cHaiWLnZhffzoS5rEnWB,78S74FaXeZ5e7JyMF8Axok,1,1,liked,,2026-01-30T06:01:25Z,2026-01-30T06:01:25Z,,,,
2PWenuL4N6PKCe4uIehEKd,Take Warning - 2007 Remaster,Operation Ivy,Operation Ivy (2007 Remaster),1989,1989,,ska,ska; ska punk; hardcore punk; skacore,1989,164200,True,,https://open.spotify.com/track/2PWenuL4N6PKCe4uIehEKd,2Rv1kIWFeIYeq8kAtdhY6m,18XRGxd1b484f2h06cwvJJ,4,1,liked,,2023-04-10T16:28:06Z,2023-04-10T16:28:06Z,,,,
0Nj4eoThAEPpmeSA6zWYEs,Bleak,Opeth,Blackwater Park,2001,2001,,progressive metal,progressive metal; death metal,2001-02-27,555933,False,,https://open.spotify.com/track/0Nj4eoThAEPpmeSA6zWYEs,7cMJfxkJwUAcxHCHQMNYYs,0ybFZ2Ab08V8hueghSXm6E,2,1,liked,,2023-04-10T16:28:06Z,2023-04-10T16:28:06Z,,,,
0fBPwRmfNmOdpNcxOoli9Q,Harvest,Opeth,Blackwater Park,2001,2001,,progressive metal,progressive metal; death metal,2001-02-27,361466,False,,https://open.spotify.com/track/0fBPwRmfNmOdpNcxOoli9Q,7cMJfxkJwUAcxHCHQMNYYs,0ybFZ2Ab08V8hueghSXm6E,3,1,liked,,2023-04-10T16:28:06Z,2023-04-10T16:28:06Z,,,,
3OhcMJk4hCebfDH1h4Z8mX,The Drapery Falls,Opeth,Blackwater Park,2001,2001,,progressive metal,progressive metal; death metal,2001-02-27,653866,False,,https://open.spotify.com/track/3OhcMJk4hCebfDH1h4Z8mX,7cMJfxkJwUAcxHCHQMNYYs,0ybFZ2Ab08V8hueghSXm6E,4,1,liked,,2023-04-10T16:28:06Z,2023-04-10T16:28:06Z,,,,
3rhnF3pFa07OzA5ss2zLsp,Dirge for November,Opeth,Blackwater Park,2001,2001,,progressive metal,progressive metal; death metal,2001-02-27,473666,False,,https://open.spotify.com/track/3rhnF3pFa07OzA5ss2zLsp,7cMJfxkJwUAcxHCHQMNYYs,0ybFZ2Ab08V8hueghSXm6E,5,1,liked,,2023-04-10T16:28:06Z,2023-04-10T16:28:06Z,,,,
3WtsQAngIkmcNeqVeK3fXQ,In My Time of Need,Opeth,Damnation,2003,2003,,progressive metal,progressive metal; death metal,2003-04-22,346733,False,,https://open.spotify.com/track/3WtsQAngIkmcNeqVeK3fXQ,4FmI0F5GvvR1M9RURWnJV9,0ybFZ2Ab08V8hueghSXm6E,2,1,liked,,2023-04-10T16:28:06Z,2023-04-10T16:28:06Z,,,,
61Hd6XNqSpreYVEiMkaHvq,Death Whispered a Lullaby,Opeth,Damnation,2003,2003,,progressive metal,progressive metal; death metal,2003-04-22,349746,False,,https://open.spotify.com/track/61Hd6XNqSpreYVEiMkaHvq,4FmI0F5GvvR1M9RURWnJV9,0ybFZ2Ab08V8hueghSXm6E,3,1,liked,,2023-04-10T16:28:06Z,2023-04-10T16:28:06Z,,,,
05lem7bHWxyo98HOwPmils,Hope Leaves,Opeth,Damnation,2003,2003,,progressive metal,progressive metal; death metal,2003-04-22,267146,False,,https://open.spotify.com/track/05lem7bHWxyo98HOwPmils,4FmI0F5GvvR1M9RURWnJV9,0ybFZ2Ab08V8hueghSXm6E,5,1,liked,,2023-04-10T16:28:06Z,2023-04-10T16:28:06Z,,,,
4mwwznwVSRqBXaIK3Wbcf7,Pyre,Opeth,Heritage (Special Edition),2011,2011,,progressive metal,progressive metal; death metal,2011-09-20,332493,False,,https://open.spotify.com/track/4mwwznwVSRqBXaIK3Wbcf7,2bVYeA0BEb0Rtj94ECaahK,0ybFZ2Ab08V8hueghSXm6E,11,1,liked,,2023-11-25T15:28:10Z,2023-11-25T15:28:10Z,,,,
0tuIvp8I6eAG4PgCkkfxb9,Face in the Snow,Opeth,Heritage (Special Edition),2011,2011,,progressive metal,progressive metal; death metal,2011-09-20,244906,False,,https://open.spotify.com/track/0tuIvp8I6eAG4PgCkkfxb9,2bVYeA0BEb0Rtj94ECaahK,0ybFZ2Ab08V8hueghSXm6E,12,1,liked,,2023-11-25T15:41:14Z,2023-11-25T15:41:14Z,,,,
2acpxLjhtwB1YHWtsMpdZb,Black Rose Immortal,Opeth,Morningrise,1996,1996,,progressive metal,progressive metal; death metal,1996-06-24,1214520,False,,https://open.spotify.com/track/2acpxLjhtwB1YHWtsMpdZb,7mov9rVPoOWLi2mksFx5ex,0ybFZ2Ab08V8hueghSXm6E,4,1,liked,,2023-04-10T16:28:06Z,2023-04-10T16:28:06Z,,,,
7zUf7gPC7vYpVuN9pNuXRj,To Bid You Farewell,Opeth,Morningrise,1996,1996,,progressive metal,progressive metal; death metal,1996-06-24,654413,False,,https://open.spotify.com/track/7zUf7gPC7vYpVuN9pNuXRj,7mov9rVPoOWLi2mksFx5ex,0ybFZ2Ab08V8hueghSXm6E,5,1,liked,,2023-04-10T16:28:06Z,2023-04-10T16:28:06Z,,,,
018niUa0zEJujaSxDAcFdp,April Ethereal,Opeth,"My Arms, Your Hearse",1998,1998,,progressive metal,progressive metal; death metal,1998-08-18,521559,False,,https://open.spotify.com/track/018niUa0zEJujaSxDAcFdp,4b7oroZfX3w5vaRaotvr6p,0ybFZ2Ab08V8hueghSXm6E,2,1,liked,,2023-04-10T16:28:06Z,2023-04-10T16:28:06Z,,,,
0M9oBhrSU7VUHniH2a4qbF,When,Opeth,"My Arms, Your Hearse",1998,1998,,progressive metal,progressive metal; death metal,1998-08-18,554266,False,,https://open.spotify.com/track/0M9oBhrSU7VUHniH2a4qbF,4b7oroZfX3w5vaRaotvr6p,0ybFZ2Ab08V8hueghSXm6E,3,1,liked,,2023-04-10T16:28:06Z,2023-04-10T16:28:06Z,,,,
3HLMacwudGsPVWfMoCxt3P,Madrigal,Opeth,"My Arms, Your Hearse",1998,1998,,progressive metal,progressive metal; death metal,1998-08-18,86066,False,,https://open.spotify.com/track/3HLMacwudGsPVWfMoCxt3P,4b7oroZfX3w5vaRaotvr6p,0ybFZ2Ab08V8hueghSXm6E,4,1,liked,,2023-04-10T16:28:06Z,2023-04-10T16:28:06Z,,,,
517hZOebkkEJxXjJvB7KoN,The Amen Corner,Opeth,"My Arms, Your Hearse",1998,1998,,progressive metal,progressive metal; death metal,1998-08-18,523653,False,,https://open.spotify.com/track/517hZOebkkEJxXjJvB7KoN,4b7oroZfX3w5vaRaotvr6p,0ybFZ2Ab08V8hueghSXm6E,5,1,liked,,2023-04-10T16:28:06Z,2023-04-10T16:28:06Z,,,,
1I98CzExh9HtZjt3Akz1q4,Credence,Opeth,"My Arms, Your Hearse",1998,1998,,progressive metal,progressive metal; death metal,1998-08-18,326026,False,,https://open.spotify.com/track/1I98CzExh9HtZjt3Akz1q4,4b7oroZfX3w5vaRaotvr6p,0ybFZ2Ab08V8hueghSXm6E,7,1,liked,,2023-04-10T16:28:06Z,2023-04-10T16:28:06Z,,,,
3rLlKgrEJaGk7skD3QcHU1,Karma,Opeth,"My Arms, Your Hearse",1998,1998,,progressive metal,progressive metal; death metal,1998-08-18,470053,False,,https://open.spotify.com/track/3rLlKgrEJaGk7skD3QcHU1,4b7oroZfX3w5vaRaotvr6p,0ybFZ2Ab08V8hueghSXm6E,8,1,liked,,2023-04-10T16:28:06Z,2023-04-10T16:28:06Z,,,,
0rzMHOoTHTEuIIemojtn5K,Eternal Rains Will Come,Opeth,Pale Communion,2014,2014,,progressive metal,progressive metal; death metal,2014-08-25,403146,False,,https://open.spotify.com/track/0rzMHOoTHTEuIIemojtn5K,0DLImjuzdrOBQKtYLlf3C5,0ybFZ2Ab08V8hueghSXm6E,1,1,liked,,2023-04-10T16:28:06Z,2023-04-10T16:28:06Z,,,,
12bVZuuIZS6jVv6jobbOH1,Faith in Others,Opeth,Pale Communion,2014,2014,,progressive metal,progressive metal; death metal,2014-08-25,461360,False,,https://open.spotify.com/track/12bVZuuIZS6jVv6jobbOH1,0DLImjuzdrOBQKtYLlf3C5,0ybFZ2Ab08V8hueghSXm6E,8,1,liked,,2023-04-10T16:28:06Z,2023-04-10T16:28:06Z,,,,
5mY8mY7DSfuqVbY2psq3Cg,Sorceress,Opeth,Sorceress,2016,2016,,progressive metal,progressive metal; death metal,2016-09-30,349093,False,,https://open.spotify.com/track/5mY8mY7DSfuqVbY2psq3Cg,2GNdgq3pIVLYZoNK4wJtCP,0ybFZ2Ab08V8hueghSXm6E,2,1,liked,,2023-04-10T16:28:06Z,2023-04-10T16:28:06Z,,,,
2YFBPyaL3r6aCtB4zNM4oW,Windowpane,Opeth,The Roundhouse Tapes,2007,2007,,progressive metal,progressive metal; death metal,2007-11-05,481346,False,,https://open.spotify.com/track/2YFBPyaL3r6aCtB4zNM4oW,3U9TW9thOm1cyLBD0NEy3s,0ybFZ2Ab08V8hueghSXm6E,1,2,liked,,2023-04-10T16:28:06Z,2023-04-10T16:28:06Z,,,,
67Hp634KZbo9B5WMsJOalE,It's a Fine Day,Opus III,Mind Fruit,1992,1992,,trance,trance; dream trance; electronic,1992,330533,False,,https://open.spotify.com/track/67Hp634KZbo9B5WMsJOalE,5qPIkrDnqxksLOFpFYqvEz,1hQuWl1dueM7ChRUZRn05z,1,1,liked,,2023-04-10T16:28:06Z,2023-04-10T16:28:06Z,,,,
2pLNDRMnobmC8Lm0pR5a3v,Whiskey Leach,Orange Goblin,Coup De Grace,2002,2002,,stoner metal,stoner metal; stoner rock; doom metal; heavy metal; stoner-doom metal,2002,243266,False,,https://open.spotify.com/track/2pLNDRMnobmC8Lm0pR5a3v,7nNWD9YdMAIxhGxXuuud4x,3nutnJ57QnbWEdCWn2EyWo,5,1,liked,,2023-04-10T16:28:06Z,2023-04-10T16:28:06Z,,,,
3lgmNuyHtfDSJdJ87TANkT,Ilmestys,Oranssi Pazuzu,Mestarin kynsi,2020,2020,,black metal,black metal; psychedelic metal; psychedelic black metal; experimental; psychedelic rock,2020-04-17,434746,False,,https://open.spotify.com/track/3lgmNuyHtfDSJdJ87TANkT,0gsk1RGjMrtEDE05s0TZMf,3XFQRe2FsSOjrODygK4caW,1,1,liked,,2023-04-10T16:28:06Z,2023-04-10T16:28:06Z,,,,
0ZaXD9sdbui8YVJREZEqRK,Familiar Spirits,Oromet,Oromet,2023,2023,,funeral doom,funeral doom; doom metal,2023-06-01,1319985,False,,https://open.spotify.com/track/0ZaXD9sdbui8YVJREZEqRK,0jZEs533jUsHrCUmVQrxVg,4IPyIp4XC9lftEvMSCQ1HZ,1,1,liked,,2023-08-30T08:10:00Z,2023-08-30T08:10:00Z,,,,
0GvWlm6DCcGhQnZ4kELdFq,At the Mountains of Madness,Orphanage,By Time Alone,1996,1996,,death metal,death metal; doom; gothic; melodic/death/gothic-metal,1996-10-26,368040,True,,https://open.spotify.com/track/0GvWlm6DCcGhQnZ4kELdFq,0yAE9KU0ugp75ju8yqk4aN,1yFECWZ2weONlh8oovXaI8,1,1,liked,,2023-04-10T16:28:06Z,2023-04-10T16:28:06Z,,,,
4Op6l7h9XlNLDKZbqZmZJ3,Ocean Land (The Revelation),Orphaned Land,Mabool - The Story of the Three Sons of Seven,2004,2004,,oriental metal,oriental metal; progressive metal; folk metal; death-doom metal; melodic death metal,2004-07-13,283680,False,,https://open.spotify.com/track/4Op6l7h9XlNLDKZbqZmZJ3,2U4CIMD0Mm2uBHayGebNuv,7xTMxqAmbtE0Nce5lz7t0h,2,1,liked,,2024-02-05T12:13:46Z,2024-02-05T12:13:46Z,,,,
6lWFQo5NuR3y8Q6CHIRatA,Elimination,Overkill,The Years of Decay,1989,1989,,thrash metal,thrash metal; groove metal; speed metal; 80s thrash metal; classic metal,1989-10-10,275386,False,,https://open.spotify.com/track/6lWFQo5NuR3y8Q6CHIRatA,5cIvu6047CsrlgRcdwd2HQ,0NmYchKQ8JIR9QHYJA0FRe,2,1,liked,,2023-04-10T16:28:06Z,2023-04-10T16:28:06Z,,,,
1ZnghCVtXCrtmKJH32z4UK,Good Lies,Overmono,Good Lies,2023,2023,,electronic,electronic; ambient; breakbeat; uk garage; edm,2023-05-12,160127,False,,https://open.spotify.com/track/1ZnghCVtXCrtmKJH32z4UK,7m2yEFYxnjmEyq7IXa9sXp,01PnN11ovfen6xUOHfNpn3,3,1,liked,,2025-08-30T09:20:10Z,2025-08-30T09:20:10Z,,,,
1IgGwEIQkA7wEo1ewvxVsN,If We Ever,Overmono; High Contrast,If We Ever,2025,2025,,electronic,electronic; drum and bass; ambient; breakbeat; dance and electronica,2025-08-26,209850,False,,https://open.spotify.com/track/1IgGwEIQkA7wEo1ewvxVsN,3s4UEFmRloMlo251IVJN1e,01PnN11ovfen6xUOHfNpn3; 0bxHci3JIhhKA53n8rH3tT,1,1,liked,,2025-08-29T06:51:10Z,2025-08-29T06:51:10Z,,,,
1wiGzDppeSfxx40XWXUyZw,Sploosh!,Ozric Tentacles,Strangeitude,1991,1991,,progressive rock,progressive rock; psychedelic rock; space rock; electronic; jam band,1991,386263,False,,https://open.spotify.com/track/1wiGzDppeSfxx40XWXUyZw,1O8LiHN6IizBkjNv1kqnKg,0Iv00ucAIqr5KVS7bXGFa9,2,1,liked,,2023-04-10T16:28:06Z,2023-04-10T16:28:06Z,,,,
1anIy4FRJbu7N8ASed1bcE,I Just Want You,Ozzy Osbourne,Ozzmosis (Expanded Edition),1995,1995,,heavy metal,heavy metal; hard rock; glam metal; pop rock; symphonic rock,1995-10-23,296123,False,,https://open.spotify.com/track/1anIy4FRJbu7N8ASed1bcE,5m8Fj0thHTE4CBGJTdF6s9,6ZLTlhejhndI4Rh53vYhrY,2,1,liked,,2025-07-29T07:26:01Z,2025-07-29T07:26:01Z,,,,
6FDqhBJaIyw1Zp9kMXG1yZ,Doblan Campanas,Paco de Lucía,Integral,2010,2010,,flamenco,flamenco; flamenco jazz; latin jazz; modern classical; spanish classical music,2010-01-04,346866,False,,https://open.spotify.com/track/6FDqhBJaIyw1Zp9kMXG1yZ,0LuEOgpfOw7alMC8fXCF3E,3h8OjAdgYXVRoMZ8jFd6Uw,3,11,liked,,2023-04-10T16:28:06Z,2023-04-10T16:28:06Z,,,,
1YTNzTkP3p9ATKlkkijFJ4,Judgement of the Dead,Pagan Altar,The Time Lord,2004,2004,,doom metal,doom metal; heavy metal; nwobhm,2004-05-23,411801,False,,https://open.spotify.com/track/1YTNzTkP3p9ATKlkkijFJ4,0kQnk1KEoO5dnUzoI2Jh0z,7guUH9AltTVdv1HniR7d9O,3,1,liked,,2023-04-10T16:28:06Z,2023-04-10T16:28:06Z,,,,
4lt5QwayTafPgE8qJjEeqI,Graveyard,Palantyr,The Ascent & The Hunger,2025,2025,,heavy metal,heavy metal; speed metal,2025-05-02,337738,False,,https://open.spotify.com/track/4lt5QwayTafPgE8qJjEeqI,2lk8A2mLzp8vPVaWErboTN,5sNjpNAJx5JGL21j8iVeag,6,1,liked,,2025-05-03T19:04:39Z,2025-05-03T19:04:39Z,,,,
13zv7fTPMIdnYwYmDeTvbP,Lament,Palehorse/Palerider,"Legends of the Desert, Vol. 1",2020,2020,,doomgaze,doomgaze; shoegaze; desert metal,2020-08-21,545317,False,,https://open.spotify.com/track/13zv7fTPMIdnYwYmDeTvbP,0q4mgVnHL3fINrJsH48m4F,0Scr4Q5uyqCYOYU6LoAah5,3,1,liked,,2023-04-10T16:28:06Z,2023-04-10T16:28:06Z,,,,
5ziwXuJhGGI50gCzrZV1ig,The Ghost I Used to Be,Pallbearer,Foundations of Burden,2014,2014,,doom metal,doom metal; atmospheric doom metal; melodic doom metal; progressive doom metal,2014-08-19,617002,False,,https://open.spotify.com/track/5ziwXuJhGGI50gCzrZV1ig,5hcHyM3KYY97gUZzfRlNZb,2yeEmsTQMNHBlS5dhWtuD1,4,1,liked,,2023-04-10T16:28:06Z,2023-04-10T16:28:06Z,,,,
3kElsqAAsXufjGoislH6nT,Tamarack's Gold Returns,Panopticon,Autumn Eternal,2015,2015,,atmospheric black metal,atmospheric black metal; black metal; folk metal; americana; contemporary folk,2015-10-30,272803,False,,https://open.spotify.com/track/3kElsqAAsXufjGoislH6nT,32lW13bcC2gaiS7Zke8rVw,2Mz5qpR3WxbcBwZBsmraWE,1,1,liked,,2023-04-10T16:28:06Z,2023-04-10T16:28:06Z,,,,
0x9KbgXQRsqFPHstzcdB9r,Into the North Woods,Panopticon,Autumn Eternal,2015,2015,,atmospheric black metal,atmospheric black metal; black metal; folk metal; americana; contemporary folk,2015-10-30,380650,False,,https://open.spotify.com/track/0x9KbgXQRsqFPHstzcdB9r,32lW13bcC2gaiS7Zke8rVw,2Mz5qpR3WxbcBwZBsmraWE,2,1,liked,,2023-04-10T16:28:06Z,2023-04-10T16:28:06Z,,,,
6cAtO392jCACgCoQzBMMEL,Autumn Eternal,Panopticon,Autumn Eternal,2015,2015,,atmospheric black metal,atmospheric black metal; black metal; folk metal; americana; contemporary folk,2015-10-30,424690,False,,https://open.spotify.com/track/6cAtO392jCACgCoQzBMMEL,32lW13bcC2gaiS7Zke8rVw,2Mz5qpR3WxbcBwZBsmraWE,3,1,liked,,2023-04-10T16:28:06Z,2023-04-10T16:28:06Z,,,,
7akg6A24sgKsMa7wgJxDie,Oaks Ablaze,Panopticon,Autumn Eternal,2015,2015,,atmospheric black metal,atmospheric black metal; black metal; folk metal; americana; contemporary folk,2015-10-30,518259,False,,https://open.spotify.com/track/7akg6A24sgKsMa7wgJxDie,32lW13bcC2gaiS7Zke8rVw,2Mz5qpR3WxbcBwZBsmraWE,4,1,liked,,2023-04-10T16:28:06Z,2023-04-10T16:28:06Z,,,,
6ZPq2qfwHFKWs9Sv8KGZzY,Promethean Fire,Panzerfaust,The Suns of Perdition - Chapter II: Render Unto Eden,2020,2020,,black metal,black metal,2020-02-10,621958,False,,https://open.spotify.com/track/6ZPq2qfwHFKWs9Sv8KGZzY,6u3l4ebOqnxkekPQRPJMwS,39THyu7mxjdqTKk4zHGjrb,1,1,liked,,2023-09-07T11:23:31Z,2023-09-07T11:23:31Z,,,,
19IIy6I6bt7nY9OvefSF6K,Forever Failure - Remastered,Paradise Lost,Draconian Times (25th Anniversary Edition),2020,2020,,gothic metal,gothic metal; doom metal; death-doom metal; death metal; gothic rock,2020-12-04,258146,False,,https://open.spotify.com/track/19IIy6I6bt7nY9OvefSF6K,6h5k0iteJNaCOLn3eUEqNS,0gIo6kGl4KsCeIbqtZVHYp,4,1,liked,,2023-04-10T16:28:06Z,2023-04-10T16:28:06Z,,,,
3XbLr22UdBHR9ixgfGSipW,Gothic,Paradise Lost,Gothic,1991,1991,,gothic metal,gothic metal; doom metal; death-doom metal; death metal; gothic rock,1991,283586,False,,https://open.spotify.com/track/3XbLr22UdBHR9ixgfGSipW,3ODeFujzfz3Ir1P7Wau0kb,0gIo6kGl4KsCeIbqtZVHYp,1,1,liked,,2023-04-10T16:28:06Z,2023-04-10T16:28:06Z,,,,
3f2V9AZ5Z7vek7LsZyvyLI,Lonely Eagle,Parasite,Parasite,1984,1984,,heavy metal,heavy metal; hard rock,1984-01-01,323800,False,,https://open.spotify.com/track/3f2V9AZ5Z7vek7LsZyvyLI,3GNmnZmSsWhmvPUPXUmGwg,7jpm8akh79wHaUZwQkmHu3,5,1,liked,,2025-09-18T07:41:41Z,2025-09-18T07:41:41Z,,,,
0mwuWa15wQA319wVCJ33f6,Realise,Part Time Heroes; Jono McCleery,Meanwhile,2008,2008,,pop,pop; folk; blues; singer-songwriter; soul,2008-09-01,434880,False,,https://open.spotify.com/track/0mwuWa15wQA319wVCJ33f6,4yCn2fiCjkLaqQQWlHSaAM,4TiOj8BpNv3JXmJiuEgYFR; 23usQJ95w7f95tnN4MJEgy,4,1,liked,,2023-04-10T16:28:06Z,2023-04-10T16:28:06Z,,,,
4wYqPn3Kg3vZrkVgW2oqAG,Love Is A Battlefield,Pat Benatar,The Collection,2001,2001,,new wave,new wave; hard rock; classic rock; pop rock; aor,2001-01-01,245400,False,,https://open.spotify.com/track/4wYqPn3Kg3vZrkVgW2oqAG,0raHYibBuIHm8dFTMQarrQ,43mhFhQ4JAknA7Ik1bOZuV,1,1,liked; playlist,80's,2023-04-10T16:28:06Z,2023-06-14T12:31:33Z,,,,
7Ea9xknXuevVBfFRTVnKCq,Follow Me,Pat Metheny Group,Imaginary Day,1997,1997,,jazz fusion,jazz fusion; post-bop; contemporary jazz; instrumental jazz; ecm style jazz,1997-01-01,356133,False,,https://open.spotify.com/track/7Ea9xknXuevVBfFRTVnKCq,0h3GpqEpPx8d0kd0ZfRRCf,4uBSazM6snEc9wCG3jMlYt,2,1,liked,,2023-04-10T16:28:06Z,2023-04-10T16:28:06Z,,,,
4RSVaT769OstCHABytr1m7,The Roots of Coincidence,Pat Metheny Group,Imaginary Day,1997,1997,,jazz fusion,jazz fusion; post-bop; contemporary jazz; instrumental jazz; ecm style jazz,1997-01-01,470333,False,,https://open.spotify.com/track/4RSVaT769OstCHABytr1m7,0h3GpqEpPx8d0kd0ZfRRCf,4uBSazM6snEc9wCG3jMlYt,7,1,liked,,2023-04-10T16:28:06Z,2023-04-10T16:28:06Z,,,,
4YNVQDlsVLUwP7Ds3PC1Ky,Lone Jack,Pat Metheny Group,Pat Metheny Group,1978,1978,,jazz fusion,jazz fusion; post-bop; contemporary jazz; instrumental jazz; ecm style jazz,1978-03-01,402866,False,,https://open.spotify.com/track/4YNVQDlsVLUwP7Ds3PC1Ky,4TC69U5HGclykFldzvsIao,4uBSazM6snEc9wCG3jMlYt,6,1,liked,,2023-04-10T16:28:06Z,2023-04-10T16:28:06Z,,,,
6OxVL61RyzFgiz4ASNBy7d,The First Circle,Pat Metheny; Lyle Mays; Pat Metheny Group,First Circle,1984,1984,,contemporary jazz,contemporary jazz; jazz fusion; post-bop; jazz and blues; instrumental jazz,1984-10-01,551973,False,,https://open.spotify.com/track/6OxVL61RyzFgiz4ASNBy7d,2JmaVWONJhR1O37mawKX2s,3t58jfUhoMLYVO14XaUFLA; 3yjmQDYGp9XYnFwptDvYc4; 4uBSazM6snEc9wCG3jMlYt,3,1,liked,,2023-04-10T16:28:06Z,2023-04-10T16:28:06Z,,,,
7yLOZSOtQk94Dkknk3ML6w,A Light from a World far from Ours,Paths of the Eternal,Quest For The Sacred Blade,2022,2022,,dungeon synth,dungeon synth,2022-01-14,230649,False,,https://open.spotify.com/track/7yLOZSOtQk94Dkknk3ML6w,6gprHbtx8Vv5FEeiDS1EPh,4NRQBSmWmKRsqDbNdGeSbb,1,1,liked,,2025-12-16T07:59:38Z,2025-12-16T07:59:38Z,,,,
6GZO2jSzaULhCH30DakBhu,Southern Sun,Paul Oakenfold; Carla Werner,Southern Sun / Ready Steady Go,2002,2002,,trance,trance; progressive trance; electronic,2002-03-19,235426,False,,https://open.spotify.com/track/6GZO2jSzaULhCH30DakBhu,10vaUmlTOpclr1x7xjYS8h,5MO2kbaGGA2a8kL4c9qqHq; 3SMF5D7b8NM3YFSsgu9WQ9,1,1,liked,,2023-04-10T16:28:06Z,2023-04-10T16:28:06Z,,,,
6AsnDHRuVUzotVjYqnBA28,Theme From Subway Sue,Pavlov's Dog,Pampered Menial,1975,1975,,progressive rock,progressive rock,1975,265920,False,,https://open.spotify.com/track/6AsnDHRuVUzotVjYqnBA28,3jUD1HDM2akjSJXhmxo5fh,3ZTpSMKKljfomqVgeJGwDL,6,1,liked,,2025-10-27T13:36:17Z,2025-10-27T13:36:17Z,,,,
2srwzbnzdz479V0W7H8gJx,Eishalle,Paysage D'Hiver,Die Festung,2009,2009,,atmospheric black metal,atmospheric black metal; ambient; black metal; dark ambient,2009-10-16,894280,False,,https://open.spotify.com/track/2srwzbnzdz479V0W7H8gJx,0P15aUi9Kf6CsFkaPWdfK7,7cQYuSfsavW0BrcspRRJMi,1,1,liked,,2023-04-10T16:28:06Z,2023-04-10T16:28:06Z,,,,
6QewNVIDKdSl8Y3ycuHIei,Even Flow,Pearl Jam,Ten,1991,1991,,grunge,grunge; alternative rock; hard rock; indie rock; funk rock,1991-08-27,292579,True,,https://open.spotify.com/track/6QewNVIDKdSl8Y3ycuHIei,5B4PYA7wNN4WdEXdIJu58a,1w5Kfo2jwwIPruYS2UWh56,2,1,liked,,2023-04-10T16:28:06Z,2023-04-10T16:28:06Z,,,,
45XLKpJFFdcJ1xDCeB4qYX,Ephemeral,Pelican,What We All Come to Need,2009,2009,,post-metal,post-metal; post-rock; sludge metal; atmospheric sludge metal; sludge,2009-10-20,309693,False,,https://open.spotify.com/track/45XLKpJFFdcJ1xDCeB4qYX,4tu3vMRlLI3oxxlmbyFKqR,0Gq06EJlfPumvCdMsnkJFp,3,1,liked,,2025-03-20T05:58:07Z,2025-03-20T05:58:07Z,,,,
1ks7WnZUlRJpr0RBoPpkQr,Silent Community,Penetration,Moving Targets,1978,1978,,punk,punk; new wave; classic pop and rock,1978-01-01,209466,False,,https://open.spotify.com/track/1ks7WnZUlRJpr0RBoPpkQr,7LHgN8wNZITpIywXHVBRLb,0XLpzWw7BLdlsf32qlMXKV,5,1,liked,,2023-04-10T16:28:06Z,2023-04-10T16:28:06Z,,,,
2Zoi3cGA6SW4NXHzGQzhAe,Forever My Queen,Pentagram,First Daze Here (Reissue),2016,2016,,doom metal,doom metal; heavy metal; psychedelic rock; blues rock; classic rock,2016-06-17,144066,False,,https://open.spotify.com/track/2Zoi3cGA6SW4NXHzGQzhAe,0GM6MDeaoFAFZj2GSnjV6J,0xybuiDEYo3YuT3fLPaIyE,1,1,liked,,2023-04-10T16:28:06Z,2023-04-10T16:28:06Z,,,,
3hrhvY3zgTXYQ5WJnZSr5j,Walk in the Blue Light,Pentagram,First Daze Here (Reissue),2016,2016,,doom metal,doom metal; heavy metal; psychedelic rock; blues rock; classic rock,2016-06-17,335839,False,,https://open.spotify.com/track/3hrhvY3zgTXYQ5WJnZSr5j,0GM6MDeaoFAFZj2GSnjV6J,0xybuiDEYo3YuT3fLPaIyE,3,1,liked,,2023-04-10T16:28:06Z,2023-04-10T16:28:06Z,,,,
5EMOpoEDm52gfSoAFibqEu,Hurricane,Pentagram,First Daze Here (Reissue),2016,2016,,doom metal,doom metal; heavy metal; psychedelic rock; blues rock; classic rock,2016-06-17,125306,False,,https://open.spotify.com/track/5EMOpoEDm52gfSoAFibqEu,0GM6MDeaoFAFZj2GSnjV6J,0xybuiDEYo3YuT3fLPaIyE,7,1,liked,,2023-04-10T16:28:06Z,2023-04-10T16:28:06Z,,,,
5281iZ2p4VVCGAvFLzmyDN,Last Days Here,Pentagram,First Daze Here (Reissue),2016,2016,,doom metal,doom metal; heavy metal; psychedelic rock; blues rock; classic rock,2016-06-17,368479,False,,https://open.spotify.com/track/5281iZ2p4VVCGAvFLzmyDN,0GM6MDeaoFAFZj2GSnjV6J,0xybuiDEYo3YuT3fLPaIyE,12,1,liked,,2023-04-10T16:28:06Z,2023-04-10T16:28:06Z,,,,
5xAtaAwocm0I68lrwMex3j,Dethroned Under a Funeral Haze,Perturbator,Lustful Sacraments,2021,2021,,synthwave,synthwave; electronic; darksynth; darkwave; new retro wave,2021-05-28,306853,False,,https://open.spotify.com/track/5xAtaAwocm0I68lrwMex3j,2E0xDzAZ6LbIKUZf6MnJ0Y,244uLu9lkdw39BJwlul3k8,7,1,liked,,2023-04-10T16:28:06Z,2023-04-10T16:28:06Z,,,,
3oFi2p27rOwwOWGHIpu3Sa,Mind Reflections,Pestilence,Spheres,1993,1993,,death metal,death metal; progressive metal; thrash metal,1993-05-03,201000,False,,https://open.spotify.com/track/3oFi2p27rOwwOWGHIpu3Sa,1nk8XiHq5AymWwvQktyrXI,6JcFn4PlXFuXmhRXpOpsan,1,1,liked,,2025-03-22T06:14:22Z,2025-03-22T06:14:22Z,,,,
5liDBlyn4sIyVSC5UXqoaN,Mind Reflections (Original),Pestilence,Spheres,1993,1993,,death metal,death metal; progressive metal; thrash metal,1993-08-30,201026,False,,https://open.spotify.com/track/5liDBlyn4sIyVSC5UXqoaN,0Vjo83ELTyL3n6yKDORcit,6JcFn4PlXFuXmhRXpOpsan,1,1,liked,,2023-04-10T16:28:06Z,2023-04-10T16:28:06Z,,,,
407JdIjqXVf5nycZDtdrZB,Spheres,Pestilence,Spheres,1993,1993,,death metal,death metal; progressive metal; thrash metal,1993-05-03,208878,False,,https://open.spotify.com/track/407JdIjqXVf5nycZDtdrZB,1nk8XiHq5AymWwvQktyrXI,6JcFn4PlXFuXmhRXpOpsan,8,1,liked,,2025-03-22T06:14:06Z,2025-03-22T06:14:06Z,,,,
3lh79sOeXM7PNgV318Bruc,Snow Snow,Pete Seeger,Rainbow Race,1971,1971,,singer-songwriter,singer-songwriter; contemporary folk,1971-04-01,172506,False,,https://open.spotify.com/track/3lh79sOeXM7PNgV318Bruc,6oZk0baZFbHlmKies1tYlZ,1P9syEkl41IFowWIJN7ZBY,4,1,liked,,2023-04-10T16:28:06Z,2023-04-10T16:28:06Z,,,,
2mSURLjRKWOm8W9bpyBJE6,Цветок,Petlya Pristrastiya,Гул,2019,2019,,post-punk,post-punk; alternative rock,2019-02-15,325685,False,,https://open.spotify.com/track/2mSURLjRKWOm8W9bpyBJE6,4VadHVFSFrFr5QSa4Qbidk,697163MACOzj8XJYvJSHQz,5,1,liked,,2023-08-10T10:46:19Z,2023-08-10T10:46:19Z,,,,
475TXD3xYLYVmAcGewyIh4,Груз,Petlya Pristrastiya,Мода и облака,2016,2016,,post-punk,post-punk; alternative rock,2016-04-12,264150,False,,https://open.spotify.com/track/475TXD3xYLYVmAcGewyIh4,3ck8eY1p7uDlfmiLSDdr4m,697163MACOzj8XJYvJSHQz,2,1,liked,,2023-08-09T13:48:04Z,2023-08-09T13:48:04Z,,,,
06O27QYDWOzu9GAbah2miG,The Mystics,PFM,Producer 02,2002,2002,,drum and bass,drum and bass; jungle; atmospheric drum and bass; breakbeat; electronic,2002,455306,False,,https://open.spotify.com/track/06O27QYDWOzu9GAbah2miG,7D5D4sHXYZrudTN5NdROOr,61quMU6jEwQVTQv4DaUGmh,7,1,liked,,2023-04-10T16:28:06Z,2023-04-10T16:28:06Z,,,,
2TvwhdrUqEDUg0Z7LOmUOd,Come Alive,Phantogram,Come Alive,2024,2024,,indie pop,indie pop; electronic; indietronica; glitch pop; electropop,2024-08-23,253698,False,,https://open.spotify.com/track/2TvwhdrUqEDUg0Z7LOmUOd,4wCx7hQCIOVtuN3DkNGhYm,1l9d7B8W0IHy3LqWsxP2SH,1,1,liked,,2024-08-27T07:54:42Z,2024-08-27T07:54:42Z,,,,
0PERS23jNsjcjBywXLvpyc,When I'm Small,Phantogram,Eyelid Movies,2010,2010,,indie pop,indie pop; electronic; indietronica; glitch pop; electropop,2010,249066,False,,https://open.spotify.com/track/0PERS23jNsjcjBywXLvpyc,4EbDqql0TmQPSDaSgDnoEZ,1l9d7B8W0IHy3LqWsxP2SH,2,1,liked,,2023-04-10T16:28:06Z,2023-04-10T16:28:06Z,,,,
0MHPCQnWXRjaHeXkPlX4MW,An Owl is a Cat with Wings,Phoxjaw,Royal Swan,2020,2020,,indie rock,indie rock; alternative rock; grunge; post-hardcore,2020-07-03,198013,False,,https://open.spotify.com/track/0MHPCQnWXRjaHeXkPlX4MW,14EFMaVVj45u43y3cbIenS,2Ve2KkhqSCrEgFhbaHOwcy,8,1,liked,,2023-05-07T11:51:44Z,2023-05-07T11:51:44Z,,,,
7JwwcXATouYB2TsuavrHlB,Noemata,Phrenelith,Ashen Womb,2025,2025,,death metal,death metal,2025-02-07,116729,False,,https://open.spotify.com/track/7JwwcXATouYB2TsuavrHlB,1mPOZZLd9CD536yN9fHGrx,5DMn0jsqI3AoVwtynkSOif,1,1,liked,,2025-03-16T09:06:21Z,2025-03-16T09:06:21Z,,,,
2vLQJusArhRjEDxb6kFPTj,Dial Tone,Pinkish Black,Concept Unification,2019,2019,,electronica,electronica; drone; experimental rock; gothic rock,2019-06-14,392149,False,,https://open.spotify.com/track/2vLQJusArhRjEDxb6kFPTj,5G5HaKew7fH311DS7wlEnf,60Ob6q8BCjykLBKuF5aroP,3,1,liked,,2023-04-10T16:28:06Z,2023-04-10T16:28:06Z,,,,
2sNc1BGA2hqnGLHLNfRHQO,Grey Flap,Pist.On,Number One,1996,1996,,heavy metal,heavy metal; alternative metal; gothic metal; hard rock,1996,237893,False,,https://open.spotify.com/track/2sNc1BGA2hqnGLHLNfRHQO,1ebPLIDXDzTqLlRlizuZ8Z,7i5SNZSnLm9J4QImRyS3Pr,3,1,liked,,2023-12-25T16:36:12Z,2023-12-25T16:36:12Z,,,,
1uCDwhZqyi2rwN6pRJzH93,Retreat,Planet of Zeus,Loyal to the Pack,2016,2016,,hard rock,hard rock; stoner metal; stoner rock; heavy rock; heavy metal,2016-05-13,325306,False,,https://open.spotify.com/track/1uCDwhZqyi2rwN6pRJzH93,7gnsB1Hfe4ogFgTdBqJBcY,1oxVf6OeX1x5R9VxuHZmFG,6,1,liked,,2025-09-29T07:56:43Z,2025-09-29T07:56:43Z,,,,
1VnVUjKTWPqxiQlXPj7W9g,The weeping song - Cover,Ponte del Diavolo,Fire Blades From The Tomb,2024,2024,,black metal,black metal; doom metal; blackened doom metal,2024-02-16,332289,False,,https://open.spotify.com/track/1VnVUjKTWPqxiQlXPj7W9g,0tTv0uyvaoYehKel1wyIcp,4mAfr0B2wgIFbVBUAv9btD,7,1,liked,,2024-02-23T16:16:46Z,2024-02-23T16:16:46Z,,,,
7I1BHtM3RNofV9CPvnMem3,Way out of Here,Porcupine Tree,Fear of a Blank Planet,2007,2007,,progressive rock,progressive rock; psychedelic rock; progressive metal; space rock; alternative rock,2007-01-01,457690,False,,https://open.spotify.com/track/7I1BHtM3RNofV9CPvnMem3,59J51uy6r6QcYe7cX0Fzz6,5NXHXK6hOCotCF8lvGM1I0,5,1,liked,,2025-08-11T11:31:35Z,2025-08-11T11:31:35Z,,,,
5WlA3HbGilpGlxLx5R0BsR,A Smart Kid,Porcupine Tree,Stupid Dream,1999,1999,,progressive rock,progressive rock; psychedelic rock; progressive metal; space rock; alternative rock,1999-03-22,321466,False,,https://open.spotify.com/track/5WlA3HbGilpGlxLx5R0BsR,7MgV5pPcqdXAEMJZmtxmbu,5NXHXK6hOCotCF8lvGM1I0,10,1,liked,,2023-04-10T16:28:06Z,2023-04-10T16:28:06Z,,,,
68bV95MWkeZOcuBMRezls1,Youth,Portico Quartet,Youth,2022,2022,,downtempo,downtempo; avant-garde jazz,2022-02-02,308600,False,,https://open.spotify.com/track/68bV95MWkeZOcuBMRezls1,55HaJYtXUgeT4Xs0XHbXGp,7sYipTRgDXS2JVOPEhRutx,1,1,liked,,2023-04-10T16:28:06Z,2023-04-10T16:28:06Z,,,,
5oX8g7QyseiWqRvApv1R1G,Refaire,Potochkine,Mythes (B.O Les Bacchantes - Narcisse - Salopards),2019,2019,,electronic,electronic,2019-05-15,289290,False,,https://open.spotify.com/track/5oX8g7QyseiWqRvApv1R1G,2rnN79mlg7zpNlsqKQZLFU,4g6krvxWpV8Uy11mt1hJnp,27,1,liked,,2024-12-12T05:48:52Z,2024-12-12T05:48:52Z,,,,
3E2OFapgCjRSByZp9RCPOM,If Not Us Then Who,Power Trip,Nightmare Logic,2017,2017,,crossover thrash,crossover thrash; thrash metal,2017-02-24,250451,False,,https://open.spotify.com/track/3E2OFapgCjRSByZp9RCPOM,3suNG9n4WGYQabXhUTkQ70,3TmaQHOfq1olDKHtE38zYT,7,1,liked,,2025-04-21T10:08:00Z,2025-04-21T10:08:00Z,,,,
7M28P5outBdbZP04VosbCK,Nice Dreams,Powermad,Absolute Power,1989,1989,,heavy metal,heavy metal; thrash metal; speed metal,1989,252626,False,,https://open.spotify.com/track/7M28P5outBdbZP04VosbCK,6rV76copQG4pmqHRHQq70D,5gfvf8wmzLYbofHCOaTTjJ,3,1,liked,,2024-12-04T12:23:41Z,2024-12-04T12:23:41Z,,,,
70vw9t8wUvjYUt1XykX4CC,Minor Slow Hand Blues in a Minor,Practice-Tracks,Acoustic Guitar Blues Vol. 1,2011,2011,,blues rock,blues rock; acoustic rock; delta blues,2011-04-05,282653,False,,https://open.spotify.com/track/70vw9t8wUvjYUt1XykX4CC,4P4BTnPnzWN89QaP1YXCAP,31B5SwWnP5sAzhPfppUuWp,7,1,liked,,2023-04-10T16:28:06Z,2023-04-10T16:28:06Z,,,,
5YIK0G0aTSYw5TS69rN79E,Come Together - Remastered,Primal Scream,Maximum Rock 'n' Roll: The Singles (Remastered),2019,2019,,alternative rock,alternative rock; electronic; alternative dance; neo-psychedelia; c86,2019-05-24,257053,False,,https://open.spotify.com/track/5YIK0G0aTSYw5TS69rN79E,2NFwB1DLcJoPrB8moBlwEa,3wury2nd8idV4GecUg5xze,6,1,liked,,2023-04-10T16:28:06Z,2023-04-10T16:28:06Z,,,,
3Trr6zejOUebGpiTY3ZF5N,Bloodied Yet Unbowed,Primordial,Redemption at the Puritan's Hand,2011,2011,,folk metal,folk metal; black metal; celtic metal; pagan black metal; pagan metal,2011-04-26,527080,False,,https://open.spotify.com/track/3Trr6zejOUebGpiTY3ZF5N,0o0Fa3wlmuE90VykDyQB4Y,0BZr6WHaejNA63uhZZZZek,3,1,liked,,2023-04-10T16:28:06Z,2023-04-10T16:28:06Z,,,,
1wNgdBWTdKjHLc7YNTTgno,The Gathering Wilderness,Primordial,The Gathering Wilderness,2005,2005,,folk metal,folk metal; black metal; celtic metal; pagan black metal; pagan metal,2005-02-07,553200,False,,https://open.spotify.com/track/1wNgdBWTdKjHLc7YNTTgno,5JfBGmC3ICqSvy0RleiOlV,0BZr6WHaejNA63uhZZZZek,2,1,liked,,2023-04-10T16:28:06Z,2023-04-10T16:28:06Z,,,,
3B0GXJ8ssdSk4PFlOsTbQd,The Coffin Ships,Primordial,The Gathering Wilderness,2005,2005,,folk metal,folk metal; black metal; celtic metal; pagan black metal; pagan metal,2005-02-07,598146,False,,https://open.spotify.com/track/3B0GXJ8ssdSk4PFlOsTbQd,5JfBGmC3ICqSvy0RleiOlV,0BZr6WHaejNA63uhZZZZek,5,1,liked,,2023-04-10T16:28:06Z,2023-04-10T16:28:06Z,,,,
3TPwFwO6oPMpiVSZizxcyk,"Victory Has 1000 Fathers, Defeat Is an Orphan",Primordial,"Victory Has 1000 Fathers, Defeat Is an Orphan",2023,2023,,folk metal,folk metal; black metal; celtic metal; pagan black metal; pagan metal,2023-08-16,374595,False,,https://open.spotify.com/track/3TPwFwO6oPMpiVSZizxcyk,0tuVi1kA8YOUoTYbnqfj6M,0BZr6WHaejNA63uhZZZZek,1,1,liked,,2023-08-18T06:15:14Z,2023-08-18T06:15:14Z,,,,
3apSWeSMRsnzOAjGoVurPP,Bambi,Prince,Prince,1979,1979,,funk,funk; contemporary r&b; funk rock; soul; neo-psychedelia,1979-10-19,262973,False,,https://open.spotify.com/track/3apSWeSMRsnzOAjGoVurPP,6k7RVZ7bSL9ryReb8RLYRI,5a2EaR3hamoenG9rDuVn8j,6,1,liked,,2023-04-10T16:28:06Z,2023-04-10T16:28:06Z,,,,
3n3FKYskxltScdqTn6CJem,I Am the Warlock (feat. Jack Black),Probot; Jack Black,Probot,2004,2004,,heavy metal,heavy metal; rock and indie; thrash metal; hard rock,2004-02-10,189878,True,,https://open.spotify.com/track/3n3FKYskxltScdqTn6CJem,7DOHlmOkTbHmrnJI80tLZD,3up7wqUGMUTm0184V57RTH; 0qpMYTgbXRi1ZcX6vend3T,12,1,liked,,2023-04-10T16:28:06Z,2023-04-10T16:28:06Z,,,,
1fDqrGnRNGGYqWh7FOPYmv,Kolašinska Brigada,Prognan,Sve Je Tiho Na Istocnom Frontu,2023,2023,,melodic black metal,melodic black metal; black metal,2023-06-09,721302,False,,https://open.spotify.com/track/1fDqrGnRNGGYqWh7FOPYmv,4NeIO9AoPRKcnTVDrQtG53,5p3gKeDtaBByoBBgWjnF62,3,1,liked,,2025-01-07T13:46:31Z,2025-01-07T13:46:31Z,,,,
6zbFlDUqDdLbHikceCg64h,Half Sister,Protomartyr,Relatives In Descent,2017,2017,,art rock,art rock; post-punk; art punk; post-punk 2k; punk blues,2017,304831,False,,https://open.spotify.com/track/6zbFlDUqDdLbHikceCg64h,5w1LR7cbTKEoCfgB98rkgR,2YFBqMMiIIL4XyiEwqySUQ,12,1,liked,,2023-04-10T16:28:06Z,2023-04-10T16:28:06Z,,,,
04xS1X1xrsgkEiZzlK5WMn,The End Of Everything,Proton Packs,Split,2022,2022,,pop punk,pop punk; horror punk,2022-05-20,90599,True,,https://open.spotify.com/track/04xS1X1xrsgkEiZzlK5WMn,49ctf5sikgAI4pf2bRWfIK,4jD4yyPRCZAUyPMalynvz0,4,1,liked; playlist,YOU DIRTY PUNK,2023-11-10T16:55:05Z,2025-07-25T20:18:32Z,,,,
7wiaUAas1ufHj8xOH9rT6t,Skywalker,Psilocybe Larvae,Agony,2003,2003,,melodic death metal,melodic death metal; gothic metal,2003-01-01,264760,False,,https://open.spotify.com/track/7wiaUAas1ufHj8xOH9rT6t,2YfopTWLW3BiTj674yLtam,0k4XnmHgrtrVzfDBMZLreY,5,1,liked,,2023-04-10T16:28:06Z,2023-04-10T16:28:06Z,,,,
6fOovhiWgBsZ14Nol4lUbO,Yearning Spirit,Psilocybe Larvae,Stigmata,2001,2001,,melodic death metal,melodic death metal; gothic metal,2001-01-01,273680,False,,https://open.spotify.com/track/6fOovhiWgBsZ14Nol4lUbO,5T9clO4IJ5059dKQXD55dn,0k4XnmHgrtrVzfDBMZLreY,1,1,liked,,2023-04-10T16:28:06Z,2023-04-10T16:28:06Z,,,,
6JBB0B6Czgez6vmMgq6nK2,Raped Angels,Psilocybe Larvae,Stigmata,2001,2001,,melodic death metal,melodic death metal; gothic metal,2001-01-01,243228,True,,https://open.spotify.com/track/6JBB0B6Czgez6vmMgq6nK2,5T9clO4IJ5059dKQXD55dn,0k4XnmHgrtrVzfDBMZLreY,2,1,liked,,2023-04-10T16:28:06Z,2023-04-10T16:28:06Z,,,,
4vz0ElPUSqIZtjcclTECVa,Shining Shambhala,Psilocybe Larvae,The Labyrinth of Penumbra,2012,2012,,melodic death metal,melodic death metal; gothic metal,2012-11-05,406200,True,,https://open.spotify.com/track/4vz0ElPUSqIZtjcclTECVa,5Pdz6eN1ZcrJ65tG0YH2cN,0k4XnmHgrtrVzfDBMZLreY,3,1,liked,,2023-04-10T16:28:06Z,2023-04-10T16:28:06Z,,,,
7zfxW7P4yYfbQTmW7XUjS6,Новый дивный мир,Psilocybe Larvae,Новый дивный мир,2025,2025,,melodic death metal,melodic death metal; gothic metal,2025-08-15,331563,False,,https://open.spotify.com/track/7zfxW7P4yYfbQTmW7XUjS6,5qznZP6hFmSdTOIddrtMWn,0k4XnmHgrtrVzfDBMZLreY,1,1,liked,,2025-08-15T14:17:30Z,2025-08-15T14:17:30Z,,,,
6KW46Meq6ZznxSaOjSvhW3,A. Creature,Psychedelic Witchcraft,The Vision,2016,2016,,hard rock,hard rock; psychedelic rock,2016-06-24,246125,False,,https://open.spotify.com/track/6KW46Meq6ZznxSaOjSvhW3,0lY6glsuMd06QF9q6ByfmZ,68qAdV2iiT75mjt3Af0gFF,1,1,liked,,2023-04-10T16:28:06Z,2023-04-10T16:28:06Z,,,,
06pCe1Y6j7kTi6tt2qeMP1,"Love, Love, Love",Pugh Rogefeldt,Ja dä ä dä,1969,1969,,pop rock,pop rock; singer-songwriter,1969,198813,False,,https://open.spotify.com/track/06pCe1Y6j7kTi6tt2qeMP1,2cCdsdbWfcagJut7abW3VQ,22Wo43V44RtrpJZsjeI9EA,1,1,liked,,2023-04-10T16:28:06Z,2023-04-10T16:28:06Z,,,,
77FSpXfCy7Ubpxbks1VHKS,"1,2,3,4...",Puke,Back to the 30s,2015,2015,,celtic,celtic; punk; folk,2015-02-14,189133,False,,https://open.spotify.com/track/77FSpXfCy7Ubpxbks1VHKS,3FB29IVgDLqgCkCGszzYAN,5GQJLiEPxBt2EhZA6aAMlq,3,1,liked,,2024-11-04T14:46:36Z,2024-11-04T14:46:36Z,,,,
3KvWlmZlxKJcA4FX9RBBPu,Blod,Puke,Back to the Stone Age,1987,1987,,celtic,celtic; punk; folk,1987-01-14,170280,False,,https://open.spotify.com/track/3KvWlmZlxKJcA4FX9RBBPu,4LjttTeVeNfxGwNey190K5,5GQJLiEPxBt2EhZA6aAMlq,2,1,liked,,2024-11-01T10:32:49Z,2024-11-01T10:32:49Z,,,,
6pGOIkUcUwC3GTlLbnANFX,"Älskling, Kan Du Inte Stanna",Puke,Back to the Stone Age,1987,1987,,celtic,celtic; punk; folk,1987-01-14,210973,False,,https://open.spotify.com/track/6pGOIkUcUwC3GTlLbnANFX,4LjttTeVeNfxGwNey190K5,5GQJLiEPxBt2EhZA6aAMlq,3,1,liked,,2024-11-04T14:41:28Z,2024-11-04T14:41:28Z,,,,
44aMetzwBnNMIXx5FnCIGB,Ngaro,Pull Down the Sun,Of Valleys and Mountains,2020,2020,,progressive metal,progressive metal; doom metal; groove metal; sludge metal; post-metal,2020-09-12,341546,False,,https://open.spotify.com/track/44aMetzwBnNMIXx5FnCIGB,7MSL50pPpbqHiNfRBGdLj3,2vkhR1VS1SXRc05CgLtlnu,10,1,liked,,2024-09-09T13:34:32Z,2024-09-09T13:34:32Z,,,,
440XgN8LbcwdmoXusq4ttH,Ghosts & Typhoons,Pure Reason Revolution,Eupnea,2020,2020,,crossover prog,crossover prog; progressive rock; art rock; progressive,2020-04-03,525600,False,,https://open.spotify.com/track/440XgN8LbcwdmoXusq4ttH,1Hzmunb2uRfgrf0lZowr9j,0DauHVRiE8SpGWxW0YINj3,4,1,liked,,2023-04-10T16:28:06Z,2023-04-10T16:28:06Z,,,,
1Lq7v2t8bl1705qnkzElL4,Astral Booze,Purple Hill Witch,Purple Hill Witch,2014,2014,,stoner rock,stoner rock; doom; heavy rock; doom metal; stoner metal,2014-06-27,399640,False,,https://open.spotify.com/track/1Lq7v2t8bl1705qnkzElL4,1aHI4Wf76A56D9be19dH9s,0HMp1acohafGJGRKroPGaj,2,1,liked,,2023-04-10T16:28:06Z,2023-04-10T16:28:06Z,,,,
0bpQytWey1UMyGlyuj58Me,Twos And Ones,Purson,Rocking Horse,2012,2012,,crossover prog,crossover prog; psychedelic rock,2012-04-09,274625,False,,https://open.spotify.com/track/0bpQytWey1UMyGlyuj58Me,3DbKAVXr2EsCD0QMNeM8Ko,05TBWVHAowGD6qEriRpRQ8,2,1,liked,,2023-04-10T16:28:06Z,2023-04-10T16:28:06Z,,,,
1NSc2paoBHImCSyNrkag0g,Silver Experience,Pyogenesis,Love Nation Sugarhead - EP,1996,1996,,alternative rock,alternative rock; death metal; punk; gothic metal; doom metal,1996-10-25,208226,False,,https://open.spotify.com/track/1NSc2paoBHImCSyNrkag0g,217vaatXGv0O4c8e6OWLlf,6bGNUCfRbd1JkMqRsYTURk,1,1,liked,,2023-04-10T16:28:06Z,2023-04-10T16:28:06Z,,,,
24ylIO48nRsdaONlM8l2HF,Time Is the Enemy,Quantic,The 5th Exotic,2001,2001,,bossa nova,bossa nova; downtempo; funk; electronica; soul,2001-06-19,219880,False,,https://open.spotify.com/track/24ylIO48nRsdaONlM8l2HF,2tMQ2DeB9RydEFl1gcRkHb,5ZMwoAjeDtLJ0XRwRTgaK8,10,1,liked,,2023-04-10T16:28:06Z,2023-04-10T16:28:06Z,,,,
0MHHAIjPAd3OSfBS3H0fPg,My God Is the Sun,Queens of the Stone Age,...Like Clockwork,2013,2013,,stoner rock,stoner rock; hard rock; alternative rock; desert rock; art rock,2013-06-03,235400,False,,https://open.spotify.com/track/0MHHAIjPAd3OSfBS3H0fPg,5T5NM01392dvvd4EhGrCnj,4pejUc4iciQfgdX6OKulQn,5,1,liked,,2023-04-10T16:28:06Z,2023-04-10T16:28:06Z,,,,
0xUjWWAQYNiNvsFmSTCljL,No Sanctuary,Queensrÿche,The Warning,1984,1984,,heavy metal,heavy metal; progressive metal; hard rock; power metal; us power metal,1984-01-01,365066,False,,https://open.spotify.com/track/0xUjWWAQYNiNvsFmSTCljL,2yzIrdrfcPWzT26dxVkRkF,2OgUPVlWYgGBGMefZgGvCO,4,1,liked,,2024-11-15T05:28:26Z,2024-11-15T05:28:26Z,,,,
16Zjiyrktq6QBnwXF2lDTv,Brushed,Quicksand,Distant Populations,2021,2021,,alternative rock,alternative rock; alternative metal; post-hardcore,2021-08-13,215856,True,,https://open.spotify.com/track/16Zjiyrktq6QBnwXF2lDTv,616nwZda5YwqxLfX8rZciA,1GDjwZ2zwNZizuNJPmH3mE,4,1,liked,,2023-04-10T16:28:06Z,2023-04-10T16:28:06Z,,,,
0fimPT6Pu9sqCJPXLJIouu,Deep - Remastered,Quorthon,Purity of Essence (Disc I),1996,1996,,rock,rock; thrash metal; black metal; viking metal,1996-01-01,330720,False,,https://open.spotify.com/track/0fimPT6Pu9sqCJPXLJIouu,5C0KdtGHk1CdDy8GnOOV3n,2nu5yyNEqWmz3TjWYZMA8E,7,2,liked,,2023-04-10T16:28:06Z,2023-04-10T16:28:06Z,,,,
3wD81fRr3yH7sOmVpNm6eS,Broke Down,Radio Moscow,Brain Cycles,2009,2009,,psychedelic rock,psychedelic rock; blues rock; heavy psych; stoner rock; jam band,2009-04-14,255960,False,,https://open.spotify.com/track/3wD81fRr3yH7sOmVpNm6eS,3w26tAxCUFYYzeFMq5qNJg,692VvGTch5OLXj4zEE6H3y,2,1,liked,,2023-04-10T16:28:06Z,2023-04-10T16:28:06Z,,,,
1aDNYyeU62BuQsBAY18i48,Stargazer,Rainbow,Rising,1976,1976,,hard rock,hard rock; heavy metal; progressive rock; classic rock; pop rock,1976-01-01,506160,False,,https://open.spotify.com/track/1aDNYyeU62BuQsBAY18i48,3uIT4I4Dy7Pq1j0aSjzPW9,6SLAMfhOi7UJI0fMztaK0m,5,1,liked,,2023-04-10T16:28:06Z,2023-04-10T16:28:06Z,,,,
5JDY34bg1oxq9LdGJNfPJ8,The Slow Ascent (Saint Petersburg 2001) - Live,Raison D'être,The Empty Hollow Unfolds (Expanded Edition 2021),2021,2021,,dark ambient,dark ambient; drone,2021-11-23,244933,False,,https://open.spotify.com/track/5JDY34bg1oxq9LdGJNfPJ8,6IWaOGKVzHpHOCamAYYziN,0NOdtBd6AUb9WLGfVU1yDR,7,2,liked,,2023-04-10T16:28:06Z,2023-04-10T16:28:06Z,,,,
70qHIAs7kr3XtZo5dPdkT7,Ricky,Raketkanon,RKTKN #3,2019,2019,,noise,noise,2019-04-05,187111,False,,https://open.spotify.com/track/70qHIAs7kr3XtZo5dPdkT7,3PywLSfGueAdoY53giokc5,1jBvrsp1xA0bvx5tJstcYc,1,1,liked,,2023-04-10T16:28:06Z,2023-04-10T16:28:06Z,,,,
2lPJHdNNSstaJNjEYzpwEG,Florent,Raketkanon,Rktkn#2,2015,2015,,noise,noise; experimental,2015-03-06,193117,False,,https://open.spotify.com/track/2lPJHdNNSstaJNjEYzpwEG,5CKMRVmWZ3nE16yR5yg04T,1jBvrsp1xA0bvx5tJstcYc,1,1,liked,,2023-04-10T16:28:06Z,2023-04-10T16:28:06Z,,,,
1iB7TVOOiqN68Hzw99lItE,Solitary Woman,Ralph Towner,Anthem,2001,2001,,world fusion,world fusion; jazz fusion; post-bop; contemporary jazz; jazz and blues,2001-03-12,414333,False,,https://open.spotify.com/track/1iB7TVOOiqN68Hzw99lItE,1RIYBIrCKULosgTCjkT6mi,1tbxopipOkDjnRDfMKj535,1,1,liked,,2023-04-10T16:28:06Z,2023-04-10T16:28:06Z,,,,
5PIf0fmKJzgK8jgyqXaHGZ,""" R.I.P """,Ram-Zet,Escape,2002,2002,,gothic metal,gothic metal; avant-garde metal; black metal; progressive metal; industrial metal,2002,533160,False,,https://open.spotify.com/track/5PIf0fmKJzgK8jgyqXaHGZ,6K3Ya3o9Y0YWtPQSjP753L,41x3tK4pmcp109A09rYtxj,1,1,liked,,2023-04-11T16:01:15Z,2023-04-11T16:01:15Z,,,,
07b5vArZtW08PuEqCw61Ei,Pet Sematary,Ramones,Brain Drain,1989,1989,,punk rock,punk rock; pop punk; alternative rock; power pop; pop-punk,1989-03-23,209106,False,,https://open.spotify.com/track/07b5vArZtW08PuEqCw61Ei,2HTLCIs9enszF8Wj4fm3IP,1co4F2pPNH8JjTutZkmgSm,7,1,liked,,2023-04-10T16:28:06Z,2023-04-10T16:28:06Z,,,,
4wgDHxplr4mf2Mh703U3Ky,Beast in the Night,Randy,Shadows Are Falling / Beast in the Night,1986,1986,,singer-songwriter,singer-songwriter; pop rock; classical; soul; americana,1986,215435,False,,https://open.spotify.com/track/4wgDHxplr4mf2Mh703U3Ky,0K8hRnLNwNAKVDBup58ndD,50FNmD8Gjs4wGQ67upKX9b,2,1,liked,,2024-10-27T16:23:15Z,2024-10-27T16:23:15Z,,,,
3PW3xh6bSuKY0Pn3l7Kvxt,Speed & Violence,Ranger,Speed & Violence,2016,2016,,hard rock,hard rock; glam metal,2016-02-12,223240,False,,https://open.spotify.com/track/3PW3xh6bSuKY0Pn3l7Kvxt,2OXESfmLnIbfHiKtUkk0VE,6WECHMdsJpfiEEcePiB7M3,2,1,liked,,2024-11-29T12:16:38Z,2024-11-29T12:16:38Z,,,,
5bQwuZ7Dk7LODA5NUaKhxH,Beautiful Scarlet,Rare Bird,Sympathy,1970,1970,,progressive rock,progressive rock,1970-01-01,343733,False,,https://open.spotify.com/track/5bQwuZ7Dk7LODA5NUaKhxH,6gXyAWsKtfcNHpaPlo1d70,0E0Yi0mxPBvSIwET5oLlrT,6,1,liked,,2023-04-10T16:28:06Z,2023-04-10T16:28:06Z,,,,
61frOip4WIMq0z411Rmfel,As Your Mind Flies By,Rare Bird,Sympathy,1970,1970,,progressive rock,progressive rock,1970-01-01,350360,False,,https://open.spotify.com/track/61frOip4WIMq0z411Rmfel,6gXyAWsKtfcNHpaPlo1d70,0E0Yi0mxPBvSIwET5oLlrT,9,1,liked,,2023-04-14T17:53:26Z,2023-04-14T17:53:26Z,,,,
1hdmsQO7DQAjVuHKZ00bX6,No Hope... For Them,Realm of Wolves,Hegemon of cold seas,2024,2024,,shoegaze,shoegaze; black metal; blackgaze; post-metal,2024-10-01,271976,False,,https://open.spotify.com/track/1hdmsQO7DQAjVuHKZ00bX6,3hLWVOaHPss0vUbzQvEi8N,1INMlSR4uQRnIB3UHZLIeG,1,1,liked,,2025-08-16T13:19:09Z,2025-08-16T13:19:09Z,,,,
0uGSXfO8nC2VV1BpuW2Sr8,And We Become Wolves,Realm of Wolves,Hegemon of cold seas,2024,2024,,shoegaze,shoegaze; black metal; blackgaze; post-metal,2024-10-01,345259,False,,https://open.spotify.com/track/0uGSXfO8nC2VV1BpuW2Sr8,3hLWVOaHPss0vUbzQvEi8N,1INMlSR4uQRnIB3UHZLIeG,2,1,liked,,2025-08-24T17:03:09Z,2025-08-24T17:03:09Z,,,,
3a8hSZnGAwnEhalgT28Cp6,Hegemon Of Cold Seas,Realm of Wolves,Hegemon of cold seas,2024,2024,,shoegaze,shoegaze; black metal; blackgaze; post-metal,2024-10-01,261600,False,,https://open.spotify.com/track/3a8hSZnGAwnEhalgT28Cp6,3hLWVOaHPss0vUbzQvEi8N,1INMlSR4uQRnIB3UHZLIeG,6,1,liked; playlist,FD top,2025-08-24T17:01:56Z,2025-08-25T17:57:13Z,,,,
4G2ghZczj9HjGvUTEpn62d,Crusoe Takes a Trip,Red Snapper,Prince Blimey,1996,1996,,drum and bass,drum and bass; acid jazz; nu jazz; acid-jazz,1996-09-09,399626,False,,https://open.spotify.com/track/4G2ghZczj9HjGvUTEpn62d,4ZaedkRcNzuoavBWJXF2ha,1BQtFnxZvAvTCZgTMlED0Q,1,1,liked,,2023-04-10T16:28:06Z,2023-04-10T16:28:06Z,,,,
1k1E3EJP5dpOuMW8p7UNrB,"Alone And Unaware, The Landscape Was Transformed In Front Of Our Eyes",Red Sparowes,At The Soundless Dawn,2005,2005,,post-rock,post-rock; post-metal,2005,508400,False,,https://open.spotify.com/track/1k1E3EJP5dpOuMW8p7UNrB,0q34e94aKywRDNpLbfnUrE,4MT9A89Dq8xRJ9hMvvPiJw,1,1,liked,,2023-04-10T16:28:06Z,2023-04-10T16:28:06Z,,,,
1bcc2lbvViVeB9lvL1Pf1v,In Every Mind,Red Sparowes,"The Fear Is Excruciating, But Therein Lies The Answer",2010,2010,,post-rock,post-rock; post-metal,2010-04-06,186440,False,,https://open.spotify.com/track/1bcc2lbvViVeB9lvL1Pf1v,1mLisF7qgSwVDrQ4gklpcR,4MT9A89Dq8xRJ9hMvvPiJw,6,1,liked,,2024-07-23T12:27:33Z,2024-07-23T12:27:33Z,,,,
1WgC8f64ntsEqOSgINVr5f,Take Back the Reins,Relapsed,Take Back the Reins,2024,2024,,hardcore,hardcore; punk,2024-11-08,261732,False,,https://open.spotify.com/track/1WgC8f64ntsEqOSgINVr5f,1r8HNGBbLzoCivoSaBIjOl,40Zu0LWgdZRUOc9TMVCCuU,2,1,liked,,2024-12-09T08:13:27Z,2024-12-09T08:13:27Z,,,,
2JpOgbHlDz7ak5QqeHwAuQ,Snow,Release The Long Ships,Wilderness,2014,2014,,post-rock,post-rock; ambient; folk; post-metal,2014,282000,False,,https://open.spotify.com/track/2JpOgbHlDz7ak5QqeHwAuQ,2w5DhF4qZI9g6nwdEt7eQG,0NXwO7YTs7cIF6Rl1B3thB,2,1,liked,,2025-11-26T12:08:08Z,2025-11-26T12:08:08Z,,,,
0YorqmlpcagqbfINnUgfqj,Opening Out,Renaissance,A Song for All Seasons,1978,1978,,progressive rock,progressive rock; symphonic prog; new wave; progressive pop; piano rock,1978-11-06,255893,False,,https://open.spotify.com/track/0YorqmlpcagqbfINnUgfqj,5nsCt8ifWdDINlQrL4nQlB,4MERAVAHX04B50JOnasmWf,1,1,liked,,2023-04-10T16:28:06Z,2023-04-10T16:28:06Z,,,,
3OnhXxPlbc4FbSbgClDnD5,Terrorist,Renegade; Ray Keith,Terrorist / You Got Me Burnin' (Ray Keith & Nookie Remix) / Anthemia (Heaven),2001,2001,,jungle,jungle; drum and bass; hip hop rnb and dance hall,2001-01-02,373776,False,,https://open.spotify.com/track/3OnhXxPlbc4FbSbgClDnD5,6vsF0Rh6VtNG0C9WABR5Qd,3vBaLrnIgG5WCQ3pTeZexc; 6LWmwdaxswnPZCrjexu80I,1,1,liked,,2023-10-04T12:13:07Z,2023-10-04T12:13:07Z,,,,
1VqWkPxvADiyHdEZDZYSfC,Optic Echo,REZN,Chaotic Divine,2020,2020,,stoner metal,stoner metal; doom metal; heavy psych; rock; doom,2020-10-01,353280,False,,https://open.spotify.com/track/1VqWkPxvADiyHdEZDZYSfC,5Z9bJqGF5FJpe5TXsMWiSD,3pDqLo5LnCyCBxhKZygkfK,6,1,liked,,2024-06-05T11:18:24Z,2024-06-05T11:18:24Z,,,,
59Tmp0OfQ5LpS1c37SOlKk,Dread,REZN,Let It Burn,2017,2017,,stoner metal,stoner metal; doom metal; heavy psych; rock; doom,2017-02-21,244066,False,,https://open.spotify.com/track/59Tmp0OfQ5LpS1c37SOlKk,4xTVgnVf3TVixEp7PgrkjV,3pDqLo5LnCyCBxhKZygkfK,3,1,liked,,2025-11-24T18:02:37Z,2025-11-24T18:02:37Z,,,,
3Ma7bYNAatUmEr36G56VDr,The Cultigen,REZN; Vinnum Sabbathi,Silent Future,2023,2023,,stoner metal,stoner metal; doom; drone metal; doom metal; heavy psych,2023-08-11,197005,False,,https://open.spotify.com/track/3Ma7bYNAatUmEr36G56VDr,4Ha3kLrnIlFffw7SFbRcEn,3pDqLo5LnCyCBxhKZygkfK; 0EX3Y3pv10ja5EQeAc2Kv4,3,1,liked,,2023-08-25T11:26:33Z,2023-08-25T11:26:33Z,,,,
6vI3tiGBkbgSkM8iS8evlp,Eye Of The Jaguar,Riot City,Electric Elite,2022,2022,,heavy metal,heavy metal; speed metal,2022-10-05,300063,False,,https://open.spotify.com/track/6vI3tiGBkbgSkM8iS8evlp,2MUCVtOUGisrKFRKzCBItz,3fVaQSX4WX520bPc3Dq0CH,1,1,liked,,2024-01-01T10:57:06Z,2024-01-01T10:57:06Z,,,,
3gm6pp0LKpuRgSXwptMNof,Destination On Course,Rival Sons,Great Western Valkyrie (10th Anniversary Edition),2015,2015,,hard rock,hard rock; blues rock,2015-10-16,426347,False,,https://open.spotify.com/track/3gm6pp0LKpuRgSXwptMNof,3ayWm3sAwQ6nuCK7i1qaN3,356c8AN5YWKvz86B4Sb1yf,10,1,liked,,2023-04-10T16:28:06Z,2023-04-10T16:28:06Z,,,,
5EtFUoimouxAcK1Dwj60Pz,Terrestria III: Wither,Rivers of Nihil,Where Owls Know My Name,2018,2018,,death metal,death metal; progressive metal; technical death metal; progressive death metal,2018-03-16,229239,False,,https://open.spotify.com/track/5EtFUoimouxAcK1Dwj60Pz,6Ue1iqByWrHTVFUkTpnm7D,3UJmyt9ApeZTmOlMvBNGLN,6,1,liked,,2026-05-14T04:18:44Z,2026-05-14T04:18:44Z,,,,
37ErTUm3x69ZSCE485rRd9,Conceiving You,Riverside,Second Life Syndrome,2005,2005,,progressive rock,progressive rock; progressive metal,2005,220920,False,,https://open.spotify.com/track/37ErTUm3x69ZSCE485rRd9,4Zx7hlALHjjmjAXOSCJQCg,5yjbUO1Jocui7RKE30zfLT,3,1,liked,,2023-05-21T13:43:47Z,2023-05-21T13:43:47Z,,,,
27oD42IOpfkDwDCS5jL0IE,Into the Night,Rivulets,I Remember Everything,2014,2014,,rock,rock,2014-09-23,294440,False,,https://open.spotify.com/track/27oD42IOpfkDwDCS5jL0IE,3Whk8zAHmDuQlJKqHWuPnz,3E0mWdVTnj9CjQ95ROn9tr,2,1,liked,,2023-04-10T16:28:06Z,2023-04-10T16:28:06Z,,,,
1Ksj1ansGmuj400NaoXbuT,Music For Quiet Moments 33 - A Move Inside II - Asheville 28 Feb 2006,Robert Fripp,Music For Quiet Moments 33 - A Move Inside II (Asheville 28 Feb 2006),2020,2020,,progressive rock,progressive rock; ambient; art rock; electroacoustic; drone,2020-12-11,855565,False,,https://open.spotify.com/track/1Ksj1ansGmuj400NaoXbuT,5rUoTAsTmwFnMlbG6DTbJ9,5HKpBHDxIDNdtmEAGXGntl,1,1,liked,,2023-04-10T16:28:06Z,2023-04-10T16:28:06Z,,,,
3tvWN8d0Ef5nINKoRmNvHH,Monkey,Robert Hood,M-Print: 20 Years of M-Plant Music,2014,2014,,techno,techno; minimal techno,2014-12-08,321402,False,,https://open.spotify.com/track/3tvWN8d0Ef5nINKoRmNvHH,142EftiPth8UvWWFIjjj2q,5ipQlfnpRCtyOuhYqvPvQ8,26,1,liked,,2023-04-10T16:28:06Z,2023-04-10T16:28:06Z,,,,
0YE9TE8777i28mg8ZFnBug,Under an Old Tree,Robert L. Euvino,Stronghold (Original Game Soundtrack),2016,2016,,classical,classical; folk; medieval,2016-12-19,267128,False,,https://open.spotify.com/track/0YE9TE8777i28mg8ZFnBug,2FHAI9AvSlX3aUzPXPGLIz,0uHjX3kKk0lBtFNQreljfR,14,1,liked,,2023-04-10T16:28:06Z,2023-04-10T16:28:06Z,,,,
1eFkbHsgUjb7pVoVijKcBO,Heart In Your Hand,Robert Plant; Jimmy Page,Walking Into Clarksdale,1998,1998,,blues rock,blues rock; hard rock; folk rock; acoustic rock; americana,1998-04-21,230906,False,,https://open.spotify.com/track/1eFkbHsgUjb7pVoVijKcBO,0LS1OYF9gVGpq8Iqu2VUeM,1OwarW4LEHnoep20ixRA0y; 55bGuHb50r5c0PeqqMeNBV,7,1,liked,,2023-04-10T16:28:06Z,2023-04-10T16:28:06Z,,,,
6bHFzOVcZeRGRtWejggKD5,Walking Into Clarksdale,Robert Plant; Jimmy Page,Walking Into Clarksdale,1998,1998,,blues rock,blues rock; hard rock; folk rock; acoustic rock; americana,1998-04-21,318200,False,,https://open.spotify.com/track/6bHFzOVcZeRGRtWejggKD5,0LS1OYF9gVGpq8Iqu2VUeM,1OwarW4LEHnoep20ixRA0y; 55bGuHb50r5c0PeqqMeNBV,8,1,liked,,2023-04-10T16:28:06Z,2023-04-10T16:28:06Z,,,,
4y6AQB68EkaO1HoNdK76jo,Another Lonely Night in New York,Robin Gibb,How Old Are You?,1983,1983,,pop rock,pop rock; synthpop; baroque pop,1983-10-01,254533,False,,https://open.spotify.com/track/4y6AQB68EkaO1HoNdK76jo,1HnpLXoCuaHlN8NnBQWutr,4vZduJO8Uukqzx64de5JxV,6,1,liked,,2026-01-31T14:12:16Z,2026-01-31T14:12:16Z,,,,
0GBSjKbufzRtA0WspeiZes,You Keep Me Hangin' On,Rod Stewart,Foot Loose & Fancy Free,1977,1977,,blues rock,blues rock; pop rock; soft rock; folk rock; classic rock,1977,448640,False,,https://open.spotify.com/track/0GBSjKbufzRtA0WspeiZes,5WphcZoWlcSvc1ljahqYYg,2y8Jo9CKhJvtfeKOsYzRdT,5,1,liked,,2025-05-16T17:55:07Z,2025-05-16T17:55:07Z,,,,
22WSZkWVrGf7LR0podgLGK,In Linistea Noptil,Rodion G.A.,The Lost Tapes,2013,2013,,new wave,new wave; disco; krautrock; progressive rock; electronic,2013-05-27,157640,False,,https://open.spotify.com/track/22WSZkWVrGf7LR0podgLGK,452MUeewgt1Vaj5ueFjhDG,4g81hwSDIn4E22Sq4KN4tG,10,1,liked,,2023-04-10T16:28:06Z,2023-04-10T16:28:06Z,,,,
3VDOfj5wim52SCywY2sCA8,Night of the Vampire,Roky Erickson,The Evil One,2013,2013,,singer-songwriter,singer-songwriter; psychedelic rock; blues rock; contemporary folk; garage rock,2013-08-20,257373,False,,https://open.spotify.com/track/3VDOfj5wim52SCywY2sCA8,625D7Framo0tCKlhdLKoE4,7hCsRnXtcbez8msLPfjbkz,3,1,liked,,2023-04-10T16:28:06Z,2023-04-10T16:28:06Z,,,,
2QH1k5Bbqq0TOXm2X4BVRD,To Mourn The Shade Of Your Love,Rome In Monochrome,Sedatives,2023,2023,,doomgaze,doomgaze; post-metal,2023-11-15,334520,False,,https://open.spotify.com/track/2QH1k5Bbqq0TOXm2X4BVRD,7wDa08qRFOldv6IclfdbeO,6hV5I6s4Y9RKQaGEx4ur61,2,1,liked,,2023-11-17T12:07:02Z,2023-11-17T12:07:02Z,,,,
2OpuxOzxFV5zIGZfF1i9Bo,Spirits of the Oak,Romuvos,Spirits,2024,2024,,folk metal,folk metal; pagan metal,2024-02-09,398727,False,,https://open.spotify.com/track/2OpuxOzxFV5zIGZfF1i9Bo,7A9wNLEoM7CB2as8DC5cE9,0GlwrXB5cmvWo091lMFeud,6,1,liked,,2024-02-16T07:49:43Z,2024-02-16T07:49:43Z,,,,
4MqFHxNM8uM7UEW4t56nzU,I Fall Apart,Rory Gallagher,Rory Gallagher (Remastered 2017),1971,1971,,blues rock,blues rock; hard rock; folk; classic pop and rock; blues/rock,1971-05-23,312400,False,,https://open.spotify.com/track/4MqFHxNM8uM7UEW4t56nzU,3tk9uyWCvfQbkmvROJGUXB,1kcWyDvrlPUbyxkIoM6pAV,3,1,liked,,2023-04-10T16:28:06Z,2023-04-10T16:28:06Z,,,,
45UhvXm5P2bXBJfmG4h0yW,The Space Between,Roxy Music,Avalon,1982,1982,,glam rock,glam rock; art rock; pop rock; art pop; sophisti-pop,1982-05-01,270333,False,,https://open.spotify.com/track/45UhvXm5P2bXBJfmG4h0yW,3JXODSjT9mUz2lIb4YIErw,3fhOTtm0LBJ3Ojn4hIljLo,2,1,liked,,2023-04-10T16:28:06Z,2023-04-10T16:28:06Z,,,,
2DMDV9kUEO2WjUHg5acHBY,2112: Overture / The Temples Of Syrinx / Discovery / Presentation / Oracle / Soliloquy / Grand Finale - Medley,Rush,2112,1976,1976,,progressive rock,progressive rock; hard rock; classic rock; pop rock; aor,1976-04-01,1233666,False,,https://open.spotify.com/track/2DMDV9kUEO2WjUHg5acHBY,3eBrvZnagmIDbdgse7cjI6,2Hkut4rAAyrQxRdof7FVJq,1,1,liked,,2024-12-03T11:45:30Z,2024-12-03T11:45:30Z,,,,
5uORXVBCCN45rbW5LOuurt,Animate - 2004 Remaster,Rush,Counterparts (2004 Remaster),1993,1993,,progressive rock,progressive rock; hard rock; classic rock; pop rock; aor,1993-09-28,363440,False,,https://open.spotify.com/track/5uORXVBCCN45rbW5LOuurt,6JNHWbFco4bnRP5ybKGriN,2Hkut4rAAyrQxRdof7FVJq,1,1,liked,,2023-04-10T16:28:06Z,2023-04-10T16:28:06Z,,,,
32DaPcfAuiQtdvRaOQn7qX,Leave That Thing Alone - 2004 Remaster,Rush,Counterparts (2004 Remaster),1993,1993,,progressive rock,progressive rock; hard rock; classic rock; pop rock; aor,1993-09-28,245826,False,,https://open.spotify.com/track/32DaPcfAuiQtdvRaOQn7qX,6JNHWbFco4bnRP5ybKGriN,2Hkut4rAAyrQxRdof7FVJq,9,1,liked,,2026-01-24T18:17:59Z,2026-01-24T18:17:59Z,,,,
1bVnRjdVprR6ZoT67DBxML,Distant Early Warning,Rush,Grace Under Pressure,1984,1984,,progressive rock,progressive rock; hard rock; classic rock; pop rock; aor,1984-04-12,296746,False,,https://open.spotify.com/track/1bVnRjdVprR6ZoT67DBxML,20RfdO7fta9qlXEWTFSWuT,2Hkut4rAAyrQxRdof7FVJq,1,1,liked,,2026-01-24T17:45:11Z,2026-01-24T17:45:11Z,,,,
3PefhAnxRxxxeimzWetwnT,Red Sector A,Rush,Grace Under Pressure,1984,1984,,progressive rock,progressive rock; hard rock; classic rock; pop rock; aor,1984-04-12,309146,False,,https://open.spotify.com/track/3PefhAnxRxxxeimzWetwnT,20RfdO7fta9qlXEWTFSWuT,2Hkut4rAAyrQxRdof7FVJq,3,1,liked,,2026-01-24T17:49:42Z,2026-01-24T17:49:42Z,,,,
3QZ7uX97s82HFYSmQUAN1D,Tom Sawyer,Rush,Moving Pictures (2011 Remaster),1981,1981,,progressive rock,progressive rock; hard rock; classic rock; pop rock; aor,1981-02-12,276880,False,,https://open.spotify.com/track/3QZ7uX97s82HFYSmQUAN1D,2xg7iIKoSqaDNpDbJnyCjY,2Hkut4rAAyrQxRdof7FVJq,1,1,liked,,2023-04-10T16:28:06Z,2023-04-10T16:28:06Z,,,,
5aeKwGfZjBAd0mnn0VB0Sn,Vital Signs - Live In YYZ 1981,Rush,Moving Pictures (40th Anniversary Super Deluxe),2022,2022,,progressive rock,progressive rock; hard rock; classic rock; pop rock; aor,2022-04-15,322506,False,,https://open.spotify.com/track/5aeKwGfZjBAd0mnn0VB0Sn,2PBaIv21OWCmecNenZionV,2Hkut4rAAyrQxRdof7FVJq,16,2,liked,,2023-04-10T16:28:06Z,2023-04-10T16:28:06Z,,,,
2uSpcIbIK503GJYVuQoBwj,Down In A Hole,Ryan Adams & The Cardinals,Follow The Lights,2007,2007,,country,country,2007-01-01,276680,False,,https://open.spotify.com/track/2uSpcIbIK503GJYVuQoBwj,2L9iLPhrs6AltmRtfb0lfn,5GHv1pBOWOQxIE6WQBq88Q,4,1,liked,,2023-04-10T16:28:06Z,2023-04-10T16:28:06Z,,,,
6XkWa5gm0BYFzh9JW5JTiK,Ice Cold Lust,Sabïre,Ice Cold Lust,2021,2021,,heavy metal,heavy metal,2021-11-24,302000,True,,https://open.spotify.com/track/6XkWa5gm0BYFzh9JW5JTiK,3gMqeNAkTWqUKHAOomv8D9,4COLhFdYT2n4Y0kZxnEXFe,1,1,liked,,2023-12-25T16:22:56Z,2023-12-25T16:22:56Z,,,,
2Oxe3GghjcFKLGfh0r1atT,Staggered in Lies,Sacri Monti,Sacri Monti,2015,2015,,stoner rock,stoner rock; psychedelic rock; hard rock,2015-07-24,450920,False,,https://open.spotify.com/track/2Oxe3GghjcFKLGfh0r1atT,5aMcCgaaspec9HqEKEAAAH,5Ht76ocMBpmWP5Rjmk7U6i,1,1,liked,,2025-07-06T10:54:06Z,2025-07-06T10:54:06Z,,,,
6kajW6Eefqg03GmtMMPMLQ,Mäkikotka,Saimaa,Urheilu-Suomi,2017,2017,,symphonic prog,symphonic prog,2017-12-22,499163,False,,https://open.spotify.com/track/6kajW6Eefqg03GmtMMPMLQ,2LESuDAvwIRZLMyKX3pfNg,5Y24oYaTX3VOvtAcG2XlQR,1,1,liked,,2023-04-10T16:28:06Z,2023-04-10T16:28:06Z,,,,
7rmLLDnpptvTIU1Dt3Wfh8,Born Too Late,Saint Vitus,Born Too Late,1986,1986,,doom metal,doom metal; stoner metal; stoner,1986-10-01,413477,False,,https://open.spotify.com/track/7rmLLDnpptvTIU1Dt3Wfh8,6CyKigkGRtW3xTDZczqlRC,64yj4wx5kNH3NTUW0ghyxn,1,1,liked,,2023-04-10T16:28:06Z,2023-04-10T16:28:06Z,,,,
17gRfhyRgD4ceyKaehD8wP,My Salvation,Sakis Tolis,Among the Fires of Hell,2022,2022,,alternative rock,alternative rock; metal,2022-03-19,264551,False,,https://open.spotify.com/track/17gRfhyRgD4ceyKaehD8wP,2sIkTZlCedNCHRdB1BSCz3,2Mbwnv9a97OLrSoClsRd9D,1,1,liked,,2024-10-14T12:04:14Z,2024-10-14T12:04:14Z,,,,
5dlJRnm8SY4YveX9cxivRk,My Salvation,Sakis Tolis,My Salvation,2022,2022,,alternative rock,alternative rock; metal,2022-02-13,264551,False,,https://open.spotify.com/track/5dlJRnm8SY4YveX9cxivRk,76qxoxPdOH0wPnFOd5gjnO,2Mbwnv9a97OLrSoClsRd9D,1,1,liked,,2023-04-10T16:28:06Z,2023-04-10T16:28:06Z,,,,
5FCdzaB8jSH25MlKA2C5tN,Just for Kicks,Salem's Pot,Pronounce This!,2016,2016,,doom metal,doom metal; heavy psych,2016-07-22,436612,False,,https://open.spotify.com/track/5FCdzaB8jSH25MlKA2C5tN,3kMSa5aqQeB0Wv8i4cfDju,6jwgeBY0lxMfGuk8kkeZzF,2,1,liked,,2023-04-10T16:28:06Z,2023-04-10T16:28:06Z,,,,
7svpAkwc6xaSxlbZ7V7JiS,i was all over her,salvia palth,melanchole,2014,2014,,pop,pop; alternative rock; indie rock; lo-fi,2014-07-01,161462,False,,https://open.spotify.com/track/7svpAkwc6xaSxlbZ7V7JiS,23KJrzHF1IBfjzpRgTtaJx,0pg0Zm8FsGAYy5kdHuBnSo,5,1,liked,,2023-04-20T06:24:55Z,2023-04-20T06:24:55Z,,,,
6ao6jNEnSn3ILnQ87S1SjG,The Sky Is Burning,Sam Gopal,Escalator,2016,2016,,psychedelic rock,psychedelic rock,2016-04-05,152906,False,,https://open.spotify.com/track/6ao6jNEnSn3ILnQ87S1SjG,3gJNEAV0nxiUifEnXG7V4e,46nu2iLQMIx9NS0AocLHj7,3,1,liked,,2023-04-10T16:28:06Z,2023-04-10T16:28:06Z,,,,
1mDupi4yX9KQ3Wh6oSYqNP,Forgotten Paths,Saor,Forgotten Paths,2019,2019,,atmospheric black metal,atmospheric black metal; black metal; folk metal; folk rock; poetry,2019-02-15,664388,False,,https://open.spotify.com/track/1mDupi4yX9KQ3Wh6oSYqNP,1QC5qcCYUjOlnCUP41Lq1O,4rHMzJ1RKUMtid1K2QEYbr,1,1,liked,,2024-09-08T06:55:54Z,2024-09-08T06:55:54Z,,,,
50f1hO6GiZgjMRHTNryaRn,Horsemen of the Apocalypse Original Version,Saracen,"Red Sky and Heroes, Saints & Fools",2011,2011,,heavy metal,heavy metal,2011-05-29,377093,False,,https://open.spotify.com/track/50f1hO6GiZgjMRHTNryaRn,4lcELbI8sTGVLDeSuOQYTW,2IItFyfoVIcsvNlrYEWuPR,16,1,liked,,2024-11-08T07:08:16Z,2024-11-08T07:08:16Z,,,,
2RUvTybw2ZjB6SIlsayHyJ,Dirty Little Secret - Thievery Corporation Mix,Sarah McLachlan; Thievery Corporation,Bloom (Remix Album),2005,2005,,rock,rock; trip hop; easy listening; downtempo; piano pop,2005,238280,False,,https://open.spotify.com/track/2RUvTybw2ZjB6SIlsayHyJ,0oOacWHg3DQ2gdboyUARdD,4NgNsOXSwIzXlUIJcpnNUp; 25KNo5GDS6ZpLkjasaecA3,4,1,liked,,2023-04-10T16:28:06Z,2023-04-10T16:28:06Z,,,,
5dkjMBUcskwXqew5Wctf9P,Bradbury Street,Sarah Tandy,Infection in the Sentence,2019,2019,,jazz fusion,jazz fusion,2019-03-08,384946,False,,https://open.spotify.com/track/5dkjMBUcskwXqew5Wctf9P,6lvVu7HlVwrcMe4cISIH8z,3epkMsTvBUkHIWVFVg1XW8,1,1,liked,,2023-04-10T16:28:06Z,2023-04-10T16:28:06Z,,,,
2iocR8Jt96aKnZXKrcSG44,Noir,Saturnus,Martyre,2000,2000,,doom metal,doom metal; death-doom metal; death doom metal; death metal; melodic doom metal,2000,334413,False,,https://open.spotify.com/track/2iocR8Jt96aKnZXKrcSG44,6zbN91UfrhvTWmgNby7OsF,7HY8HFHBM9zrY5R9rlY3Id,4,1,liked,,2023-04-10T16:28:06Z,2023-04-10T16:28:06Z,,,,
46Sb2PT09iFk7z9sgE5BgO,Christ Goodbye,Saturnus,Paradise Belongs To You,1997,1997,,doom metal,doom metal; death-doom metal; death doom metal; death metal; melodic doom metal,1997-01-16,489773,False,,https://open.spotify.com/track/46Sb2PT09iFk7z9sgE5BgO,6Ju1uTddEqcNS45KWnRn8h,7HY8HFHBM9zrY5R9rlY3Id,2,1,liked,,2023-04-10T16:28:06Z,2023-04-10T16:28:06Z,,,,
2GfkuZbfct6cloSRbO5F5A,Pilgrimage Of Sorrow,Saturnus,Paradise Belongs To You,1997,1997,,doom metal,doom metal; death-doom metal; death doom metal; death metal; melodic doom metal,1997-01-16,556226,False,,https://open.spotify.com/track/2GfkuZbfct6cloSRbO5F5A,6Ju1uTddEqcNS45KWnRn8h,7HY8HFHBM9zrY5R9rlY3Id,4,1,liked,,2023-04-10T16:28:06Z,2023-04-10T16:28:06Z,,,,
3eI1kBnqE5l15CJiguQRG3,I Love Thee,Saturnus,Paradise Belongs To You,1997,1997,,doom metal,doom metal; death-doom metal; death doom metal; death metal; melodic doom metal,1997-01-16,514133,False,,https://open.spotify.com/track/3eI1kBnqE5l15CJiguQRG3,6Ju1uTddEqcNS45KWnRn8h,7HY8HFHBM9zrY5R9rlY3Id,7,1,liked,,2023-04-10T16:28:06Z,2023-04-10T16:28:06Z,,,,
31TbbzGqa8VpRhmPzWRnhl,I Long,Saturnus,Veronica Decides to Die,2006,2006,,doom metal,doom metal; death-doom metal; death doom metal; death metal; melodic doom metal,2006,654933,False,,https://open.spotify.com/track/31TbbzGqa8VpRhmPzWRnhl,5Jxf2vLZ8JdNco7lAM9S4c,7HY8HFHBM9zrY5R9rlY3Id,1,1,liked,,2023-04-10T16:28:06Z,2023-04-10T16:28:06Z,,,,
0GfVTlof7tcUXytOd0FBAQ,To Your Brethren in the Dark,Satyricon,Deep Calleth Upon Deep,2017,2017,,black metal,black metal; black 'n' roll,2017-09-22,367746,False,,https://open.spotify.com/track/0GfVTlof7tcUXytOd0FBAQ,3xguVoioTEG1pymeBL0oV3,221Rd0FvVxMx7eCbWqjiKd,3,1,liked,,2025-11-20T08:03:57Z,2025-11-20T08:03:57Z,,,,
1i3khvB9AFWLWJ2sQKFeaS,Shadows & Light,Saudade; Chelsea Wolfe; Chino Moreno,Shadows & Light,2019,2019,,singer-songwriter,singer-songwriter; alternative rock; gothic rock; doom metal; dark wave,2019-03-15,259221,False,,https://open.spotify.com/track/1i3khvB9AFWLWJ2sQKFeaS,6vDkOBiL5tmymFWefTmoee,6iOIGY5bfS16hvg3sPVvAH; 6ZK2nrW8aCTg8Bid7I7N10; 0Wfo0pd0KC47vx7uUEVOQ9,1,1,liked,,2025-09-02T12:06:02Z,2025-09-02T12:06:02Z,,,,
2h6fhLtvQgESM1o06cK5L0,By the Grace of the Witch - Digitally Remastered,Savatage,Sirens + the Dungeons Are Calling: The Complete Session (Bonus Track Edition),2010,2010,,heavy metal,heavy metal; progressive metal; power metal,2010-07-23,194906,False,,https://open.spotify.com/track/2h6fhLtvQgESM1o06cK5L0,5UevkXVIjF2iLtUQfPtjNf,3N1B1g6JtIgd6ClRkzD4yT,11,1,liked,,2024-11-25T11:06:55Z,2024-11-25T11:06:55Z,,,,
1EORu8Coheibl21VjHtbRg,747 (Strangers in the Night) - 2009 Remastered Version,Saxon,Wheels of Steel (2009 Remastered Version),1980,1980,,heavy metal,heavy metal; nwobhm; hard rock; rock/metal,1980-01-01,298401,False,,https://open.spotify.com/track/1EORu8Coheibl21VjHtbRg,6EGEGr4oY0PsV6yGBxeQ8J,71vVmHeNgCVSa5SVmfvscU,3,1,liked,,2024-11-25T11:13:41Z,2024-11-25T11:13:41Z,,,,
63ivMnIywcyjKm1g2IZnOT,Evening Wind - Remastered 2023,Scorpions,In Trance (Remastered 2023),1975,1975,,hard rock,hard rock; heavy metal; classic rock; aor; progressive rock,1975-09-17,304637,False,,https://open.spotify.com/track/63ivMnIywcyjKm1g2IZnOT,42v5Ym9cP0SRwpNjzCas9e,27T030eWyCQRmDyuvr1kxY,7,1,liked,,2024-12-03T13:13:22Z,2024-12-03T13:13:22Z,,,,
3v6Gfyi3g0eTTWpIarIDJy,Здравый смысл,Screammet,Десять жизней,2023,2023,,heavy metal,heavy metal,2023-06-17,302222,False,,https://open.spotify.com/track/3v6Gfyi3g0eTTWpIarIDJy,2De8O2RuS1ZpZ130zy9yDY,79OscfvqqX6sgvPzm4rStp,4,1,liked,,2023-07-17T14:24:34Z,2023-07-17T14:24:34Z,,,,
0NQEzguxVbjYvVeveED6s3,Lately I've Been Wondering,Sean Angus Watson,If I'm Gonna See You,2018,2018,,pop,pop,2018-08-29,242500,False,,https://open.spotify.com/track/0NQEzguxVbjYvVeveED6s3,11uXDArfb3fe5ortxBZTN3,2kiSeGQsztzTrVXlIZOoBn,1,1,liked,,2023-04-10T16:28:06Z,2023-04-10T16:28:06Z,,,,
2xCrfVj6YtPcov8kuW3hU8,Let Me in,Sean Angus Watson,If I'm Gonna See You,2018,2018,,pop,pop,2018-08-29,181000,False,,https://open.spotify.com/track/2xCrfVj6YtPcov8kuW3hU8,11uXDArfb3fe5ortxBZTN3,2kiSeGQsztzTrVXlIZOoBn,4,1,liked,,2025-03-12T06:03:32Z,2025-03-12T06:03:32Z,,,,
5QWOJW2k46ZIe61xzR6NpF,Openings,Sebastian Hardie,Four Moments,1975,1975,,symphonic prog,symphonic prog,1975,787546,False,,https://open.spotify.com/track/5QWOJW2k46ZIe61xzR6NpF,18pVMj6TfxkBO9xMmqJx1J,6hKIp7IMPsRhA5GUK6LUTS,6,1,liked,,2023-04-10T16:28:06Z,2023-04-10T16:28:06Z,,,,
1aVFBfololKZgw5QbBsKSO,Yaylalar,Selda Bağcan,Türkülerimiz 2 - Mehmet Emmi,1996,1996,,turkish pop,turkish pop; turkish folk music; anatolian rock,1996-01-01,222171,False,,https://open.spotify.com/track/1aVFBfololKZgw5QbBsKSO,5x7dr8Ydbd4Yf9eED1V767,2NGRETzxjeN4b9o3OGY6Yn,10,1,liked,,2023-04-10T16:28:06Z,2023-04-10T16:28:06Z,,,,
2dEP5uhcQYZHEiLEdA5xb1,Corpse,Sentinel Beast,Depths of Death,1986,1986,,heavy metal,heavy metal; thrash metal; speed metal,1986-06-01,249475,False,,https://open.spotify.com/track/2dEP5uhcQYZHEiLEdA5xb1,4oWQxwV60r8fl4Qgh6MVCs,3aRPytiBpNgAD2Jps5hLeY,4,1,liked,,2025-03-29T16:24:35Z,2025-03-29T16:24:35Z,,,,
0h9j0T3mubwp2XbecP4Nop,Revenge,Sentinel Beast,Depths of Death,1986,1986,,heavy metal,heavy metal; thrash metal; speed metal,1986-06-01,265264,False,,https://open.spotify.com/track/0h9j0T3mubwp2XbecP4Nop,4oWQxwV60r8fl4Qgh6MVCs,3aRPytiBpNgAD2Jps5hLeY,7,1,liked,,2025-03-30T14:42:51Z,2025-03-30T14:42:51Z,,,,
4nJ0hejScdp3tDblF2hp19,Where Am I?,Sentinel Beast,Up from the Ashes,2010,2010,,heavy metal,heavy metal; thrash metal; speed metal,2010-03-22,363213,False,,https://open.spotify.com/track/4nJ0hejScdp3tDblF2hp19,0J8ukg2pmr4zSkTflFgNGO,3aRPytiBpNgAD2Jps5hLeY,12,1,liked,,2025-03-30T14:50:57Z,2025-03-30T14:50:57Z,,,,
6qJkMfM9uJqIOevutzQpoH,Inquisition Symphony,Sepultura,Schizophrenia,1987,1987,,thrash metal,thrash metal; groove metal; heavy metal; death metal; alternative metal,1987-10-30,435893,False,,https://open.spotify.com/track/6qJkMfM9uJqIOevutzQpoH,6HKTApHHNPs9EmWrbPWnRl,6JW8wliOEwaDZ231ZY7cf4,5,1,liked,,2024-11-19T14:57:25Z,2024-11-19T14:57:25Z,,,,
2XVDbqq4rZoTcxu6fZnlux,Walk On Fire With Me,Seth,Divine X,2014,2014,,black metal,black metal,2014-01-29,329346,True,,https://open.spotify.com/track/2XVDbqq4rZoTcxu6fZnlux,4E43yH6R346ap3tz2cAnNe,0mZohnzbCiVv54VIEA6Wb7,3,1,liked,,2023-04-10T16:28:06Z,2023-04-10T16:28:06Z,,,,
7MIRz7OZD5xEaRWfhrK4V8,Jules,Seth Chapla,Ascent,2012,2012,,instrumental rock,instrumental rock; guitar,2012-05-21,370640,False,,https://open.spotify.com/track/7MIRz7OZD5xEaRWfhrK4V8,0w94exuxiVazkjEpAQstuB,5yAh6i1oNz9qLfJSAnrKSC,3,1,liked,,2023-04-10T16:28:06Z,2023-04-10T16:28:06Z,,,,
1e9uTXP3YFw4s0OrFFLYL6,The Artifice,Seven Sisters,"Shadow Of A Fallen Star, Pt. 1",2021,2021,,heavy metal,heavy metal,2021-10-22,292786,False,,https://open.spotify.com/track/1e9uTXP3YFw4s0OrFFLYL6,5GfoxdFgZVLSvI0ymj7jJh,6rf2iCiDMTPHSuYDbB4NWG,3,1,liked,,2025-04-07T06:59:22Z,2025-04-07T06:59:22Z,,,,
0LODLAhE0i4p75UvjPeYeL,Diary Of Moon,Sexy Suicide,Intruder,2016,2016,,dance,dance,2016-06-24,197000,False,,https://open.spotify.com/track/0LODLAhE0i4p75UvjPeYeL,69TFa8s8dSlesfgtcrh3Ih,6GWioyOw0A6d3RIRmGiSw4,3,1,liked; playlist,DJ Blackheart; 80's,2023-04-10T16:28:06Z,2025-07-20T16:54:36Z,,,,
4V0K66KtvWsdjo0FnDxUc9,Schizophrenia,Shamall,"Schizophrenia, Pt. One",2019,2019,,neo-progressive rock,neo-progressive rock; progressive rock; progressive electronic,2019-10-28,1134544,False,,https://open.spotify.com/track/4V0K66KtvWsdjo0FnDxUc9,5O5SK6udbDAPBjQtFfySNS,2RAODKulirlg0JtwHUqM6l,1,1,liked,,2023-04-10T16:28:06Z,2023-04-10T16:28:06Z,,,,
4LwSng63ZWWNQiCjqWLEAD,Night's Dew,Shape Of Despair,Angels Of Distress,2010,2010,,funeral doom,funeral doom; doom metal,2010-01-01,419906,False,,https://open.spotify.com/track/4LwSng63ZWWNQiCjqWLEAD,5eHLW4hwMsIjP9QyXx5ntw,7Dw0RaAayqoGd0z2oHT4R6,5,1,liked,,2023-04-10T16:28:06Z,2023-04-10T16:28:06Z,,,,
58TcasrHLxzt3FEepjUJQd,Sleep Mirrored,Shape Of Despair,Illusion's Play,2010,2010,,funeral doom,funeral doom; doom metal,2010-01-01,369440,False,,https://open.spotify.com/track/58TcasrHLxzt3FEepjUJQd,5H3UdsWvaaEypIb1bzuH14,7Dw0RaAayqoGd0z2oHT4R6,1,1,liked,,2024-06-28T11:39:01Z,2024-06-28T11:39:01Z,,,,
5xNjRebRiGG7tCQAfsctMS,Entwined in Misery,Shape Of Despair,Illusion's Play,2010,2010,,funeral doom,funeral doom; doom metal,2010-01-01,483320,False,,https://open.spotify.com/track/5xNjRebRiGG7tCQAfsctMS,5H3UdsWvaaEypIb1bzuH14,7Dw0RaAayqoGd0z2oHT4R6,3,1,liked,,2024-07-02T11:31:12Z,2024-07-02T11:31:12Z,,,,
12uv1xroKodRtWG0Do4xno,Entwined in Misery,Shape Of Despair,Illusion's Play,2010,2010,,funeral doom,funeral doom; doom metal,2010-01-01,483320,False,,https://open.spotify.com/track/12uv1xroKodRtWG0Do4xno,6QbxDIN3CbEMZQeQKNREVX,7Dw0RaAayqoGd0z2oHT4R6,3,1,liked,,2023-04-10T16:28:06Z,2023-04-10T16:28:06Z,,,,
0XZSnKRHaGyFBxpI7r3GqG,Curse Life,Shape Of Despair,Illusion's Play,2010,2010,,funeral doom,funeral doom; doom metal,2010-01-01,558213,False,,https://open.spotify.com/track/0XZSnKRHaGyFBxpI7r3GqG,5H3UdsWvaaEypIb1bzuH14,7Dw0RaAayqoGd0z2oHT4R6,4,1,liked,,2024-07-02T11:31:15Z,2024-07-02T11:31:15Z,,,,
3zOKRWn8rNk87SPyjdka6d,Curse Life,Shape Of Despair,Illusion's Play,2010,2010,,funeral doom,funeral doom; doom metal,2010-01-01,558213,False,,https://open.spotify.com/track/3zOKRWn8rNk87SPyjdka6d,6QbxDIN3CbEMZQeQKNREVX,7Dw0RaAayqoGd0z2oHT4R6,4,1,liked,,2023-04-10T16:28:06Z,2023-04-10T16:28:06Z,,,,
6UOwseTtMqDvI1Er1bRslj,Fragile Emptiness,Shape Of Despair,Illusion's Play,2010,2010,,funeral doom,funeral doom; doom metal,2010-01-01,533866,False,,https://open.spotify.com/track/6UOwseTtMqDvI1Er1bRslj,5H3UdsWvaaEypIb1bzuH14,7Dw0RaAayqoGd0z2oHT4R6,5,1,liked,,2023-08-29T07:36:53Z,2023-08-29T07:36:53Z,,,,
0XCyCa3i1T88XoVUk6tIla,Withdrawn,Shape Of Despair,Monotony Fields,2015,2015,,funeral doom,funeral doom; doom metal,2015-06-16,598680,False,,https://open.spotify.com/track/0XCyCa3i1T88XoVUk6tIla,1Jld5qR1CIfyvG4GYcrexK,7Dw0RaAayqoGd0z2oHT4R6,5,1,liked,,2025-01-19T18:17:03Z,2025-01-19T18:17:03Z,,,,
24ZC0ZK83WLZf3CATE5KLt,Written in My Scars,Shape Of Despair,Monotony Fields,2015,2015,,funeral doom,funeral doom; doom metal,2015-06-16,471048,False,,https://open.spotify.com/track/24ZC0ZK83WLZf3CATE5KLt,1Jld5qR1CIfyvG4GYcrexK,7Dw0RaAayqoGd0z2oHT4R6,8,1,liked,,2023-04-10T16:28:06Z,2023-04-10T16:28:06Z,,,,
5K9IqWLjj40n5vAfN3f0Vh,Return to the Void,Shape Of Despair,Return to the Void,2022,2022,,funeral doom,funeral doom; doom metal,2022-02-25,553806,False,,https://open.spotify.com/track/5K9IqWLjj40n5vAfN3f0Vh,59w4hQFZKTrDWymuXDPQdn,7Dw0RaAayqoGd0z2oHT4R6,1,1,liked,,2024-02-05T10:01:59Z,2024-02-05T10:01:59Z,,,,
39SSSnwlBXvqjp3VCP0oKU,Dissolution,Shape Of Despair,Return to the Void,2022,2022,,funeral doom,funeral doom; doom metal,2022-02-25,539193,False,,https://open.spotify.com/track/39SSSnwlBXvqjp3VCP0oKU,59w4hQFZKTrDWymuXDPQdn,7Dw0RaAayqoGd0z2oHT4R6,2,1,liked,,2025-11-24T16:27:50Z,2025-11-24T16:27:50Z,,,,
6StCUqXqnkaYfLVcSiAbhw,Forfeit,Shape Of Despair,Return to the Void,2022,2022,,funeral doom,funeral doom; doom metal,2022-02-25,479973,False,,https://open.spotify.com/track/6StCUqXqnkaYfLVcSiAbhw,59w4hQFZKTrDWymuXDPQdn,7Dw0RaAayqoGd0z2oHT4R6,5,1,liked,,2024-05-07T13:24:32Z,2024-05-07T13:24:32Z,,,,
1v49j1AFGI7cPTbjqWik3n,Ghost Trigger,Shikimo; Fractal Man,Umbra Complex,2019,2019,,electronic,electronic; downtempo; dance; house,2019-06-07,302608,False,,https://open.spotify.com/track/1v49j1AFGI7cPTbjqWik3n,5NCDtJJRUc8a5nRA2VUKU6,322yxVmKeH1lKYRKEAXGhe; 28VMLZhrJILgl5WUAoG5Ke,7,1,liked,,2024-07-26T17:52:18Z,2024-07-26T17:52:18Z,,,,
06xr2HuMaCkW6G15HNSIGq,For My Demons,Shining,Lots Of Girls Gonna Get Hurt,2012,2012,,depressive black metal,depressive black metal; black metal; black-metal,2012-01-01,361586,False,,https://open.spotify.com/track/06xr2HuMaCkW6G15HNSIGq,3TqmrSfwhWgxzlC9dvGaGN,5ogT2TrFXtvSfgfXFsFjrY,1,1,liked,,2023-11-30T07:04:48Z,2023-11-30T07:04:48Z,,,,
3yO3KZAi7a6L3wpAT7Tigj,Go Blind,Shooting Guns,Brotherhood of the Ram,2013,2013,,heavy psych,heavy psych; stoner rock; doom metal; doom; jam band,2013-10-15,426755,False,,https://open.spotify.com/track/3yO3KZAi7a6L3wpAT7Tigj,3Es5rUR1u8Ju49a2769B2E,2N4OHjjsiimpnWZNCiT3Oc,4,1,liked,,2023-04-10T16:28:06Z,2023-04-10T16:28:06Z,,,,
2PPDcAbA6A7VbcNWHuy2g8,Beyond the Shores (Excerpt I),Shores Of Null; Elisabetta Marchetti; Inno; Mikko Kotamäki; Swallow The Sun,Beyond the Shores (Excerpt I),2020,2020,,doom metal,doom metal; death-doom metal; melodic black metal; death metal; death doom metal,2020-10-02,215250,False,,https://open.spotify.com/track/2PPDcAbA6A7VbcNWHuy2g8,21A7M76Y6tCPnIT9748Xqy,76lKNyW77arKg42qdDO9Sm; 0EGsvnjnrg4buihNLV1LzE; 5oulUiOzem9APMIqqeZv0z; 4hXPHit3gVbQ6NMs5hNC0h; 0ulKlNlo0iPx5ZS6VMTHWQ,1,1,liked,,2023-04-10T16:28:06Z,2023-04-10T16:28:06Z,,,,
6WP2lGRGKAt5VT75TqWsyP,Eternal Forest,Shylmagoghnar,Emergence,2014,2014,,melodic death metal,melodic death metal; melodic black metal,2014-02-28,262500,False,,https://open.spotify.com/track/6WP2lGRGKAt5VT75TqWsyP,1NfBFQ6fMQ7VukwFYQuS4I,0sfWl1dWLgEtMy9oFnNoDA,6,1,liked,,2025-11-17T13:55:50Z,2025-11-17T13:55:50Z,,,,
7lYAgrpZH9UlfPfy9mxNt5,I Go To Sleep,Sia,Some People Have REAL Problems,2008,2008,,electropop,electropop; indie pop; dance-pop; alternative pop; downtempo,2008-01-01,226133,False,,https://open.spotify.com/track/7lYAgrpZH9UlfPfy9mxNt5,6jwrliQ4758qVYMtdgQtZt,5WUlDfRSoLAfcVSX1WnrxN,7,1,liked,,2023-04-10T16:28:06Z,2023-04-10T16:28:06Z,,,,
4ZQYbMYwyG5LypaEkiDU4j,Holy,Siamese,Sloboda,2021,2021,,alternative rock,alternative rock; post-hardcore; progressive rock,2021-11-19,207428,False,,https://open.spotify.com/track/4ZQYbMYwyG5LypaEkiDU4j,2fVLF1jiCojAC6IIkl2z5i,0Hx4gv3eoiodtu6XYHF1X0,2,1,liked,,2023-04-10T16:28:06Z,2023-04-10T16:28:06Z,,,,
5NjxGvHQrPVQCRCEFBQc58,Endless Reflections,SiebZehn,Time Equals Eternity,2012,2012,,electronic,electronic; downtempo; ambient,2012-07-20,506459,False,,https://open.spotify.com/track/5NjxGvHQrPVQCRCEFBQc58,4Y0QCreAaMMEoBjfljGvFQ,5mloPvVMchlYxCxz9r3NTU,9,1,liked,,2026-02-05T09:43:36Z,2026-02-05T09:43:36Z,,,,
2ikZfu9iq0GQTzH2N8cUnu,Crushed by the Weight of the Sky,Sigiriya,Maiden Mother Crone,2020,2020,,heavy rock,heavy rock; stoner rock; punk; heavy metal,2020-07-02,500920,False,,https://open.spotify.com/track/2ikZfu9iq0GQTzH2N8cUnu,0wQHgTCkExVzJ8DXF9e8df,1RPi7RAbyIFPfmFLETmG5e,8,1,liked,,2023-04-11T15:53:43Z,2023-04-11T15:53:43Z,,,,
1QUiA9aecDOOnf32A9ZrtW,Untitled #3 - Samskeyti,Sigur Rós,( ),2002,2002,,post-rock,post-rock; ambient; dream pop; art pop; ambient pop,2002-02-16,393426,False,,https://open.spotify.com/track/1QUiA9aecDOOnf32A9ZrtW,3FR8CV7OSyZDnxneavnh8t,6UUrUCIZtQeOf8tC0WuzRy,3,1,liked,,2023-04-10T16:28:06Z,2023-04-10T16:28:06Z,,,,
15ff6H1CETIihHzgT3gs5i,River Tale,Silent Island,Stormvalley,2018,2018,,post-rock,post-rock; acoustic rock; math rock; instrumental rock; progressive rock,2018-09-03,322500,False,,https://open.spotify.com/track/15ff6H1CETIihHzgT3gs5i,6Cg4s2E4a7JVeJCwD7Qo4X,6inyUzK7dr7MUbugV1zAHI,3,1,liked,,2023-06-26T08:37:09Z,2023-06-26T08:37:09Z,,,,
0KK6ZjOud4VGZMIzSIxyGP,Roadkill,Silent Runners,The Directory,2017,2017,,post-punk,post-punk; dark wave; new wave; coldwave; synthwave,2017-12-07,259800,False,,https://open.spotify.com/track/0KK6ZjOud4VGZMIzSIxyGP,7hlAOdO0yDOTA8GFrpeoAn,2YnNZW22TMq4Ixf19BDJci,10,1,liked,,2025-07-06T17:44:32Z,2025-07-06T17:44:32Z,,,,
1gvtBXefiYWwPLdHBVqcv4,Pontas Soltas,Sinistro,Pontas Soltas,2024,2024,,atmospheric sludge metal,atmospheric sludge metal; post-metal; post-rock; doom metal; sludge/doom/post-metal,2024-03-07,512677,False,,https://open.spotify.com/track/1gvtBXefiYWwPLdHBVqcv4,3Q6FOHzRH8COY9gKeiQOTV,5fEhjZdWMAIYd4sbLo5i0o,1,1,liked,,2024-03-15T11:07:54Z,2024-03-15T11:07:54Z,,,,
5t3w2oRxvGqkzrz5m4fMMm,1969,Sisters of Mercy,Some Girls Wander by Mistake,1992,1992,,gothic rock,gothic rock; post-punk; goth rock; hard rock; electronic,1992-09-01,165433,False,,https://open.spotify.com/track/5t3w2oRxvGqkzrz5m4fMMm,5fdbQYbqTnCLNTibBdoerT,4HxBVyHaUa60eCSsJWxwWR,4,1,liked,,2023-04-10T16:28:06Z,2023-04-10T16:28:06Z,,,,
7egYV3kDFiYw09fwnaCI9i,Fix,Sisters of Mercy,Some Girls Wander by Mistake,1992,1992,,gothic rock,gothic rock; post-punk; goth rock; hard rock; electronic,1992-09-01,221648,False,,https://open.spotify.com/track/7egYV3kDFiYw09fwnaCI9i,5fdbQYbqTnCLNTibBdoerT,4HxBVyHaUa60eCSsJWxwWR,8,1,liked,,2023-04-10T16:28:06Z,2023-04-10T16:28:06Z,,,,
41YXZ3medfYHpNpjTXrmAm,Heartland,Sisters of Mercy,Some Girls Wander by Mistake,1992,1992,,gothic rock,gothic rock; post-punk; goth rock; hard rock; electronic,1992-09-01,284889,False,,https://open.spotify.com/track/41YXZ3medfYHpNpjTXrmAm,5fdbQYbqTnCLNTibBdoerT,4HxBVyHaUa60eCSsJWxwWR,12,1,liked,,2023-04-10T16:28:06Z,2023-04-10T16:28:06Z,,,,
0EXXZhjVIU34O7jJapSU32,As I Die,Six Feet Under,Warpath,1997,1997,,death metal,death metal; death/groove-metal,1997,234906,False,,https://open.spotify.com/track/0EXXZhjVIU34O7jJapSU32,3pz2Y0l3yWoswuhERPT5Ew,4pFAF1L1tYnJHLe5hgyKuI,10,1,liked,,2025-03-21T18:00:56Z,2025-03-21T18:00:56Z,,,,
0kfn4PGDhgMXUsaVWBDgYG,Kiss Of The Blowfly,Sjodogg,Landscapes Of Disease And Decadence,2007,2007,,black metal,black metal; progressive black metal,2007-11-30,394346,False,,https://open.spotify.com/track/0kfn4PGDhgMXUsaVWBDgYG,06WFruLyHgwIYa0HRrnLc5,7Bp81TwlfId6wzUmEiOCZu,10,1,liked,,2023-04-10T16:28:07Z,2023-04-10T16:28:07Z,,,,
4tDj6obe6hNs3jGCNCJnxQ,Black Hair Beauty,SKARS,Black Hair Beauty,2025,2025,,alternative rock,alternative rock,2025-06-06,150843,False,,https://open.spotify.com/track/4tDj6obe6hNs3jGCNCJnxQ,04xw5U0irQQ623gr4EUozQ,6tY1LHbUi3PpYgQocAF4tS,1,1,liked,,2025-10-30T16:05:20Z,2025-10-30T16:05:20Z,,,,
5viH1NKDyMdZZKepbyTY8w,Fen of Shadows,Skeletonwitch,Devouring Radiant Light,2018,2018,,thrash metal,thrash metal; blackened thrash metal; death metal; black metal; melodic death metal,2018-07-20,478506,False,,https://open.spotify.com/track/5viH1NKDyMdZZKepbyTY8w,03T9bKKlfydmgyarZCKlDo,213mmq3zkNWx7CtfzftTC5,1,1,liked,,2025-12-29T07:55:33Z,2025-12-29T07:55:33Z,,,,
0HyOJzFwuv4tNzyQKaGdqZ,"Shred of Light, Pinch of Endless",Skepticism,Farmakon,2003,2003,,funeral doom metal,funeral doom metal; doom metal,2003,499093,False,,https://open.spotify.com/track/0HyOJzFwuv4tNzyQKaGdqZ,1kKkOjRCkn9QiAsbbqWcRV,2mZuhQebSc9U63QjaADtzF,2,1,liked,,2023-04-10T16:28:07Z,2023-04-10T16:28:07Z,,,,
2P3EFotoOvyqFxlhietD1l,Pundarvarning (Junkie Warning),Skogen Brinner,1st,2013,2013,,hard rock,hard rock; psychedelic rock,2013-04-12,305086,False,,https://open.spotify.com/track/2P3EFotoOvyqFxlhietD1l,5Qbr9WGWoy4Pa14X3db5cd,2aqXEwO1rhjsDEiBlNytb4,2,1,liked,,2023-04-10T16:28:07Z,2023-04-10T16:28:07Z,,,,
323l5B1lWGEXdcuVVkdFiC,Man Who Speeks Evil,Slade,Slayed? (Expanded),1972,1972,,glam rock,glam rock; hard rock; pop rock; aor; classic pop and rock,1972-11-01,197973,False,,https://open.spotify.com/track/323l5B1lWGEXdcuVVkdFiC,3fnE8RruCbRZJCcUgV0OMt,10n5lhNDoSMUHWLlnST1yw,14,1,liked,,2024-11-26T05:27:22Z,2024-11-26T05:27:22Z,,,,
1A6T6TeVnf0uJ9MmUjoLIJ,By the Sword (feat. Andrew Stockdale or Wolfmother),Slash; Andrew Stockdale; Andrew Stockdale of Wolfmother,Slash (Special Edition),2010,2010,,heavy metal,heavy metal; blues; hard rock; hardrock,2010-05-07,290426,False,,https://open.spotify.com/track/1A6T6TeVnf0uJ9MmUjoLIJ,3VbJEJFDrbvb34ZN1KngSj,4Cqia9vrAbm7ANXbJGXsTE; 6rJtd5E1XqdQiphzXDX6UT; 6OvB5JJtLCsTWGqDDeRbZq,6,1,liked,,2023-04-10T16:28:07Z,2023-04-10T16:28:07Z,,,,
4yswLt3oPvbv2CMSTWHuv8,Spill The Blood,Slayer,South Of Heaven,1988,1988,,thrash metal,thrash metal; speed metal; heavy metal; nu metal; crossover thrash,1988-01-01,289026,False,,https://open.spotify.com/track/4yswLt3oPvbv2CMSTWHuv8,2UqJjz5eMYRzbbKToD3Peh,1IQ2e1buppatiN1bxUVkrk,10,1,liked,,2023-04-10T16:28:07Z,2023-04-10T16:28:07Z,,,,
2SbzjYQMET8CazvzIAhoJz,Filler/I Don't Want To Hear It,Slayer,Undisputed Attitude,1996,1996,,thrash metal,thrash metal; speed metal; heavy metal; nu metal; crossover thrash,1996-01-01,148400,True,,https://open.spotify.com/track/2SbzjYQMET8CazvzIAhoJz,743y70pTrfEfHZHtIyyQ6c,1IQ2e1buppatiN1bxUVkrk,8,1,liked,,2023-04-10T16:28:07Z,2023-04-10T16:28:07Z,,,,
7uAWvSSmFmsnrErpfDYGPD,Spiritual Law,Slayer,Undisputed Attitude,1996,1996,,thrash metal,thrash metal; speed metal; heavy metal; nu metal; crossover thrash,1996-01-01,180026,False,,https://open.spotify.com/track/7uAWvSSmFmsnrErpfDYGPD,743y70pTrfEfHZHtIyyQ6c,1IQ2e1buppatiN1bxUVkrk,9,1,liked,,2023-04-10T16:28:07Z,2023-04-10T16:28:07Z,,,,
2HGKXUhwJziBvWYKz0qHpY,Mr. Freeze,Slayer,Undisputed Attitude,1996,1996,,thrash metal,thrash metal; speed metal; heavy metal; nu metal; crossover thrash,1996-01-01,143866,True,,https://open.spotify.com/track/2HGKXUhwJziBvWYKz0qHpY,743y70pTrfEfHZHtIyyQ6c,1IQ2e1buppatiN1bxUVkrk,10,1,liked,,2023-04-10T16:28:07Z,2023-04-10T16:28:07Z,,,,
5MiiXGf3qfyOPf1C2fmAo9,Gemini,Slayer,Undisputed Attitude,1996,1996,,thrash metal,thrash metal; speed metal; heavy metal; nu metal; crossover thrash,1996-01-01,292960,False,,https://open.spotify.com/track/5MiiXGf3qfyOPf1C2fmAo9,743y70pTrfEfHZHtIyyQ6c,1IQ2e1buppatiN1bxUVkrk,14,1,liked,,2023-04-10T16:28:07Z,2023-04-10T16:28:07Z,,,,
6qLgGLeawKyhMFJ848XtYD,Dragonaut,Sleep,Sleep's Holy Mountain,1993,1993,,doom metal,doom metal; stoner metal; stoner rock; stoner doom; sludge metal,1993,343160,False,,https://open.spotify.com/track/6qLgGLeawKyhMFJ848XtYD,6L7ENQZtfSKVAq1CIRZSxs,4Mt6w4tDGiPgV5q6JWPlrI,1,1,liked,,2023-04-10T16:28:07Z,2023-04-10T16:28:07Z,,,,
05DxYAssCHOXylihcK2MxW,The Clarity,Sleep,The Clarity,2014,2014,,doom metal,doom metal; stoner metal; stoner rock; stoner doom; sludge metal,2014,593093,False,,https://open.spotify.com/track/05DxYAssCHOXylihcK2MxW,2HonJkLJpo1qHyK1mqikco,4Mt6w4tDGiPgV5q6JWPlrI,1,1,liked,,2023-08-08T12:34:56Z,2023-08-08T12:34:56Z,,,,
278h48eyiWbXhrgb5VtclT,Through the Maze,Sleeping Pandora,Quiet Pass,2017,2017,,psychedelic rock,psychedelic rock; space rock; experimental; krautrock; psychedelic space rock,2017-09-01,635000,False,,https://open.spotify.com/track/278h48eyiWbXhrgb5VtclT,56d0tqRYZaznZo2j9AhzuL,4PqIQknvBTor383DY4zJXb,2,1,liked,,2023-04-10T16:28:07Z,2023-04-10T16:28:07Z,,,,
3pazgqcR4EZ0sJrpDBAGji,Purity,Slipknot,Slipknot (25th Anniversary Edition),2025,2025,,nu metal,nu metal; alternative metal; alternative rock; heavy metal; new metal,2025-09-05,265453,True,,https://open.spotify.com/track/3pazgqcR4EZ0sJrpDBAGji,24uSmiCdGfRf5MReMeWvmO,05fG473iIaoy82BF1aGhL8,8,1,liked,,2025-09-20T11:16:32Z,2025-09-20T11:16:32Z,,,,
6att9BxBcS8KRlMoSyE7S1,Horses,Slomosa,Slomosa,2020,2020,,stoner rock,stoner rock; heavy rock; desert rock,2020-08-28,297605,False,,https://open.spotify.com/track/6att9BxBcS8KRlMoSyE7S1,4P0wMxlWvsilPWY5tbvVKS,0l7GXb53ndWn97ul8Hpfzd,1,1,liked,,2023-04-10T16:28:07Z,2023-04-10T16:28:07Z,,,,
7qCHcGSOH3D1uLeUjIFRup,Blood Eclipse,Slow Fall,Blood Eclipse,2025,2025,,melodic death metal,melodic death metal; death metal,2025-05-16,239500,False,,https://open.spotify.com/track/7qCHcGSOH3D1uLeUjIFRup,6bWRE14kwXyG7lnboxfCXY,4wI8Ft8TbUPXruGiEtEtCg,5,1,liked,,2025-12-29T07:58:51Z,2025-12-29T07:58:51Z,,,,
2qUNrUbCYoUE6MsOR3tTD1,kisses,Slowdive,kisses,2023,2023,,shoegaze,shoegaze; dream pop; ambient pop; noise pop; post-rock,2023-06-20,237434,False,,https://open.spotify.com/track/2qUNrUbCYoUE6MsOR3tTD1,4joudQPrYtB8axFgge6MSj,72X6FHxaShda0XeQw3vbeF,1,1,liked,,2023-06-27T20:03:18Z,2023-06-27T20:03:18Z,,,,
6UDzuzz8nLlnH93fIXP4V6,Sodomy and Lust,Sodom,Persecution Mania,1987,1987,,thrash metal,thrash metal; black metal; speed metal; first wave black metal,1987,313466,False,,https://open.spotify.com/track/6UDzuzz8nLlnH93fIXP4V6,4riCXKyyPLZZTdWWd5ll9h,6SYbLA9utoNsllunR1TnkM,11,1,liked,,2024-10-31T11:57:13Z,2024-10-31T11:57:13Z,,,,
1sqS0pfLEgVRYRZXbGvkWA,Oscillation,Soen,Cognitive,2012,2012,,progressive metal,progressive metal; progressive rock; post-metal,2012-01-01,409813,False,,https://open.spotify.com/track/1sqS0pfLEgVRYRZXbGvkWA,37wjgRptAoLieHVbQX5326,38uWD5h115pdz278q4rwZW,5,1,liked,,2023-04-10T16:28:07Z,2023-04-10T16:28:07Z,,,,
1VNCPIxzupHZjFV3CDSX7w,Slithering,Soen,Cognitive,2012,2012,,progressive metal,progressive metal; progressive rock; post-metal,2012-01-01,343866,False,,https://open.spotify.com/track/1VNCPIxzupHZjFV3CDSX7w,37wjgRptAoLieHVbQX5326,38uWD5h115pdz278q4rwZW,9,1,liked,,2023-04-10T16:28:07Z,2023-04-10T16:28:07Z,,,,
29bNfLnFX9xwByGFZyMK8O,Savia,Soen,Cognitive,2012,2012,,progressive metal,progressive metal; progressive rock; post-metal,2012-01-01,356453,False,,https://open.spotify.com/track/29bNfLnFX9xwByGFZyMK8O,37wjgRptAoLieHVbQX5326,38uWD5h115pdz278q4rwZW,10,1,liked,,2023-04-10T16:28:07Z,2023-04-10T16:28:07Z,,,,
5kbsAQKQBt6MqmFXg5eQEm,Deceiver,Soen,IMPERIAL,2021,2021,,progressive metal,progressive metal; progressive rock; post-metal,2021-01-29,273547,False,,https://open.spotify.com/track/5kbsAQKQBt6MqmFXg5eQEm,49iLyqy5332uQV3q5qDmA2,38uWD5h115pdz278q4rwZW,2,1,liked,,2023-04-10T16:28:07Z,2023-04-10T16:28:07Z,,,,
1NFWxLZGaCoGkPh1ce9qIG,Monarch,Soen,IMPERIAL,2021,2021,,progressive metal,progressive metal; progressive rock; post-metal,2021-01-29,292036,False,,https://open.spotify.com/track/1NFWxLZGaCoGkPh1ce9qIG,49iLyqy5332uQV3q5qDmA2,38uWD5h115pdz278q4rwZW,3,1,liked,,2023-04-10T16:28:07Z,2023-04-10T16:28:07Z,,,,
27PSgkGVJa0QORJ9AoLpj4,EMDR,Soen,Lotus (Bonus Edition),2021,2021,,progressive metal,progressive metal; progressive rock; post-metal,2021-08-20,450103,False,,https://open.spotify.com/track/27PSgkGVJa0QORJ9AoLpj4,7iFUmyYOewNV7FxP7KzgQd,38uWD5h115pdz278q4rwZW,10,1,liked,,2023-04-10T16:28:07Z,2023-04-10T16:28:07Z,,,,
4M2fSEcYoPxaOgL5v77ZpP,Memorial,Soen,Memorial,2023,2023,,progressive metal,progressive metal; progressive rock; post-metal,2023-07-11,278186,False,,https://open.spotify.com/track/4M2fSEcYoPxaOgL5v77ZpP,1gt8LiaUkgCJp201rXimj2,38uWD5h115pdz278q4rwZW,1,1,liked,,2023-07-17T17:14:48Z,2023-07-17T17:14:48Z,,,,
3wA0hnHUjveRalk9wEFWiL,Hardwire,Sofa Surfers,Blindside,2010,2010,,electronic,electronic; dance,2010-03-26,280026,False,,https://open.spotify.com/track/3wA0hnHUjveRalk9wEFWiL,26vtpy6rwT9SaiESsHbbzZ,0pNP0TPeyffi8QbE8U5D1X,2,1,liked,,2023-04-10T16:28:07Z,2023-04-10T16:28:07Z,,,,
54WK6gXH48UIXbrlRecv1Q,Song til Stormen,Solefald,Norron Livskunst,2012,2012,,black metal,black metal; avant-garde metal; post-black metal,2012-06-02,296578,True,,https://open.spotify.com/track/54WK6gXH48UIXbrlRecv1Q,59uYQ7IO7GNxajAtlAzMml,1jBJHkyQLO6Ga1Dx3W6nG3,1,1,liked,,2023-04-10T16:28:07Z,2023-04-10T16:28:07Z,,,,
0dEc8YNm0A4CIC94JtNrQH,Eukalyptustreet,Solefald,Norron Livskunst,2012,2012,,black metal,black metal; avant-garde metal; post-black metal,2012-06-02,564232,True,,https://open.spotify.com/track/0dEc8YNm0A4CIC94JtNrQH,59uYQ7IO7GNxajAtlAzMml,1jBJHkyQLO6Ga1Dx3W6nG3,5,1,liked,,2023-04-10T16:28:07Z,2023-04-10T16:28:07Z,,,,
7emF3lKU8NmkrlmDXUTYER,Seeds of the Desolate,Solitude Aeturnus,Beyond the Crimson Horizon,1992,1992,,doom metal,doom metal; traditional doom metal,1992-01-01,390333,False,,https://open.spotify.com/track/7emF3lKU8NmkrlmDXUTYER,0x8mtil2k4bQ9Om5wgWY3m,5V90fvD7DirEM3gF2bs9Gw,1,1,liked,,2024-10-22T05:30:30Z,2024-10-22T05:30:30Z,,,,
1mIRQj5rrsRmOTqbhxHBWp,Policy of Truth,SOM,Policy of Truth,2023,2023,,post-metal,post-metal; shoegaze; post-rock; hard rock; alternative metal,2023-05-12,266221,False,,https://open.spotify.com/track/1mIRQj5rrsRmOTqbhxHBWp,3ghIFYcm302CGLoKP0lnD2,0l5d2oD9unQCRRogw47e2Q,1,1,liked,,2023-06-09T10:27:19Z,2023-06-09T10:27:19Z,,,,
57SVn6Jw3cYMVN3UFpofmM,Coxcomb Red,Songs: Ohia,The Lioness,2000,2000,,indie rock,indie rock; folk rock; blues rock; country rock; southern rock,2000-01-17,245653,False,,https://open.spotify.com/track/57SVn6Jw3cYMVN3UFpofmM,0rCkgwhPyKJqoDkmxkFHTn,3uQ5cxFHxXddqPL58egs1z,6,1,liked,,2025-06-05T15:37:43Z,2025-06-05T15:37:43Z,,,,
3PM7zt5IsREHeSntupG61Z,"Da Drommen Dog, Dodade Dagen Dig",Sorgeldom,Innerlig Formorkelse,2009,2009,,black metal,black metal,2009-10-15,527000,False,,https://open.spotify.com/track/3PM7zt5IsREHeSntupG61Z,0yxl33QyNntCFZrPtoLMah,1fgdZcbuPJbdFD2pvPbzPM,3,1,liked,,2023-04-10T16:28:07Z,2023-04-10T16:28:07Z,,,,
03ZO5KEWVBMwJ58Yb5ZQix,Livslusten for Med Vinden,Sorgeldom,Innerlig Formorkelse,2009,2009,,black metal,black metal,2009-10-15,119493,False,,https://open.spotify.com/track/03ZO5KEWVBMwJ58Yb5ZQix,0yxl33QyNntCFZrPtoLMah,1fgdZcbuPJbdFD2pvPbzPM,4,1,liked,,2023-04-10T16:28:07Z,2023-04-10T16:28:07Z,,,,
42OKduzBid1rod00j8c2Bt,"Gevaret Lades Fram, Processen Blev Kort",Sorgeldom,Innerlig Formorkelse,2009,2009,,black metal,black metal,2009-10-15,804000,False,,https://open.spotify.com/track/42OKduzBid1rod00j8c2Bt,0yxl33QyNntCFZrPtoLMah,1fgdZcbuPJbdFD2pvPbzPM,5,1,liked,,2023-04-10T16:28:07Z,2023-04-10T16:28:07Z,,,,
6K2JTztDfwtAhsqQ7QV5la,Innerlig Formorkelse,Sorgeldom,Innerlig Formorkelse,2009,2009,,black metal,black metal,2009-10-15,510240,False,,https://open.spotify.com/track/6K2JTztDfwtAhsqQ7QV5la,0yxl33QyNntCFZrPtoLMah,1fgdZcbuPJbdFD2pvPbzPM,6,1,liked,,2023-04-10T16:28:07Z,2023-04-10T16:28:07Z,,,,
0n87RsEJ9jWYxRwAGZmmL4,Life Took You For A Freq. (feat. Chelsea Wolfe),Sort Sol; Chelsea Wolfe,Stor Langsom Stjerne,2017,2017,,punk rock,punk rock; singer-songwriter; alternative rock; gothic rock; doom metal,2017-05-19,314718,False,,https://open.spotify.com/track/0n87RsEJ9jWYxRwAGZmmL4,6eqvZxCPWzpD3CmTFNmX3T,15BYnFahZPTexrVSiqxbK7; 6ZK2nrW8aCTg8Bid7I7N10,7,1,liked,,2023-04-10T16:28:07Z,2023-04-10T16:28:07Z,,,,
7sesNXHb5NdVXmCtm6f9qo,Soulfly XI,Soulfly,Ritual,2018,2018,,groove metal,groove metal; nu metal; thrash metal; heavy metal; alternative metal,2018-10-19,205929,False,,https://open.spotify.com/track/7sesNXHb5NdVXmCtm6f9qo,37Fdlm9JXvSoYEPcd9yicw,6159IBm5gLPwG4BcJXseXc,10,1,liked,,2023-05-16T04:40:21Z,2023-05-16T04:40:21Z,,,,
579801BT5wkzD5IVwRLI8t,Live to Rise,Soundgarden,Live to Rise,2012,2012,,grunge,grunge; alternative rock; alternative metal; hard rock; psychedelic rock,2012-01-01,280653,False,,https://open.spotify.com/track/579801BT5wkzD5IVwRLI8t,0AhVRxG0GqFP4yTZWhJaCm,5xUf6j4upBrXZPg6AI4MRK,1,1,liked,,2023-04-10T16:28:07Z,2023-04-10T16:28:07Z,,,,
4b5szokLXkijlkzBX0aQNj,Ineffable Dimensions,Space Remedy,Ineffable Dimensions,2026,2026,,progressive rock,progressive rock; stoner rock; doom metal; grunge; psychedelic rock,2026-04-19,752832,False,,https://open.spotify.com/track/4b5szokLXkijlkzBX0aQNj,3vPRaJKTIuxROS9DoWXlAa,44N8CnhyDmzgfzu6yWWkTz,1,1,liked,,2026-04-26T14:58:03Z,2026-04-26T14:58:03Z,,,,
2qIv3Zylpfdj61H2W6oBxX,Proton Lander,Spaceslug,Lemanis,2016,2016,,stoner rock,stoner rock; space rock; stoner metal; doom stoner; stoner doom,2016-02-06,464945,False,,https://open.spotify.com/track/2qIv3Zylpfdj61H2W6oBxX,0LNFYw9QVdU7zR43TBDUeu,3IOQb4Rr7w1LuESgHnZYjm,1,1,liked,,2023-04-10T16:28:07Z,2023-04-10T16:28:07Z,,,,
2HuDDZUrZR61kKtgbCzqBR,Visions of Psychic Dismemberment,Spectral Voice,Eroded Corridors of Unbeing,2017,2017,,death metal,death metal; death-doom metal; death doom metal; doom metal,2017-10-13,838820,False,,https://open.spotify.com/track/2HuDDZUrZR61kKtgbCzqBR,7LTDJTiBt0xHWghe5IRWWM,5I4bpzP0gZSVwceopnaoVb,2,1,liked,,2024-11-28T07:57:31Z,2024-11-28T07:57:31Z,,,,
517VhL6Ti1OgclDKFPuEMZ,Passages - Remastered,SPECTRES,Nothing to Nowhere (Remastered),2018,2018,,coldwave,coldwave; post-punk,2018-10-19,179600,False,,https://open.spotify.com/track/517VhL6Ti1OgclDKFPuEMZ,2QjzixXh6F7xgtYULjCbrI,500yQ6SXJF9GBKVZrEjgAs,2,1,liked,,2023-04-10T16:28:07Z,2023-04-10T16:28:07Z,,,,
7Hp68tia0KAO4dPPZ7Ay0D,Crystal Light,Speedclaw,Stardust,2025,2025,,speed metal,speed metal; heavy metal,2025-11-21,196000,False,,https://open.spotify.com/track/7Hp68tia0KAO4dPPZ7Ay0D,4fhprjJPW36j5j66LXT4k1,5gnEv0dxAhB9OUKJbC4idV,6,1,liked,,2025-11-29T15:11:50Z,2025-11-29T15:11:50Z,,,,
29kRNsFvi9WK431VllRTPS,Angel and Abyss,Spirit Adrift,Divided By Darkness,2020,2020,,heavy metal,heavy metal; doom metal; sludge; epic doom metal; traditional doom metal,2020-03-27,392280,False,,https://open.spotify.com/track/29kRNsFvi9WK431VllRTPS,7ECwsinLDQtpadOABuYztG,5sW5eR9g4kNibasfrlw4EN,4,1,liked,,2023-04-10T16:28:07Z,2023-04-10T16:28:07Z,,,,
3cyLyLccrfbfm2vdKno7OX,Forge Your Future,Spirit Adrift,Forge Your Future,2021,2021,,heavy metal,heavy metal; doom metal; sludge; epic doom metal; traditional doom metal,2021-07-09,411520,False,,https://open.spotify.com/track/3cyLyLccrfbfm2vdKno7OX,0URQNbdtNVfKBxWrZxptLb,5sW5eR9g4kNibasfrlw4EN,1,1,liked,,2023-04-10T16:28:07Z,2023-04-10T16:28:07Z,,,,
2lIheKkJlthP8A5oeTpdPX,You Will Never Hold The Key,Spirit Adrift,Infinite Illumination,2026,2026,,heavy metal,heavy metal; doom metal; sludge; epic doom metal; traditional doom metal,2026-04-10,427906,False,,https://open.spotify.com/track/2lIheKkJlthP8A5oeTpdPX,0R8q7pytUouh1Olbn5Uu2k,5sW5eR9g4kNibasfrlw4EN,3,1,liked,,2026-05-08T08:25:58Z,2026-05-08T08:25:58Z,,,,
6WaPZ4qGseF8TS9jTvKHsr,Evil Woman,Spooky Tooth,Spooky Two,2015,2015,,progressive rock,progressive rock; blues rock; hard rock; psychedelic rock; musique concrète,2015-04-25,548826,False,,https://open.spotify.com/track/6WaPZ4qGseF8TS9jTvKHsr,21cn3spYbbQ1aAuzNoeRRp,5YE3Wwk5wqQmFXM5qyaM6u,4,1,liked,,2023-04-10T16:28:07Z,2023-04-10T16:28:07Z,,,,
0bq65dbjWz6NCcriBDN5l0,Groupies,Stakka; DJ DB,Groupies,2017,2017,,drum and bass,drum and bass,2017-02-24,458048,False,,https://open.spotify.com/track/0bq65dbjWz6NCcriBDN5l0,6yGB0Xy76XrIpHTpy9uSck,56SzVG5D0Fbmb02jqOfaM0; 0XmfAw7YCvMBJkYgxFbzaq,1,1,liked,,2023-04-10T16:28:07Z,2023-04-10T16:28:07Z,,,,
1SEn9uyJ0KOcSjuTSDBLvY,Wall of Solitude,Stalwart,Dive to Nowhere,2003,2003,,death metal,death metal; progressive death metal,2003-10-16,337000,False,,https://open.spotify.com/track/1SEn9uyJ0KOcSjuTSDBLvY,7FSRUF8ATYseBEFN38mpMV,4KJQeXbJQFZ0LBTvvq3Jd8,4,1,liked,,2026-02-04T12:52:44Z,2026-02-04T12:52:44Z,,,,
5ztkL6aFapKDH3A5Tv7mM9,Hent Loar,Stangala,Klanv,2016,2016,,doom metal,doom metal; celtic; psychedelic rock; avant-garde,2016-03-19,264120,False,,https://open.spotify.com/track/5ztkL6aFapKDH3A5Tv7mM9,5xc7bdFWvKUBsT8bC5G3Ni,3cgisOPlFC1tVJbocFSYQw,2,1,liked,,2023-04-11T15:53:43Z,2023-04-11T15:53:43Z,,,,
0i8WKMCvZrfYXTjxexZxAi,Cheetah,Startled Insects,Lifepulse,1991,1991,,electronic,electronic; ambient,1991-01-01,159773,False,,https://open.spotify.com/track/0i8WKMCvZrfYXTjxexZxAi,78cQv06RsRn6D1COKpN1y4,6v6oLWXPYSwSnIS3ZoKlMN,12,1,liked,,2026-01-30T12:23:07Z,2026-01-30T12:23:07Z,,,,
5JO3m49Zjc0XGYygM15piJ,To the Great Beyond,Stellardrone,Between the Rings,2017,2017,,space ambient,space ambient; electronic; new age; ambient,2017-07-20,334285,False,,https://open.spotify.com/track/5JO3m49Zjc0XGYygM15piJ,0uckmNqfFL1MM9uIzfRJVs,5WUuOv4NOeXvCzjQnmKqTA,1,1,liked,,2026-02-05T08:28:06Z,2026-02-05T08:28:06Z,,,,
20ZjDXNye0BWG3SNLgOjmf,Tender Surrender,Steve Vai,Where The Wild Things Are,2009,2009,,instrumental rock,instrumental rock; progressive metal; experimental; hard rock; avant-garde metal,2009-01-01,378880,False,,https://open.spotify.com/track/20ZjDXNye0BWG3SNLgOjmf,5NwdkwSXo7vAnnSGNIrirT,32Jb1X3wSmmoHj2epZReZA,5,1,liked,,2023-04-10T16:28:07Z,2023-04-10T16:28:07Z,,,,
4ceTCJPLBQBOogseivMuhL,Ancestral,Steven Wilson,Hand Cannot Erase,2015,2015,,progressive rock,progressive rock; pop; alternative rock; folk; experimental,2015-03-02,810322,False,,https://open.spotify.com/track/4ceTCJPLBQBOogseivMuhL,6P7vL4vGgyrD7q9VR9BcnV,4X42BfuhWCAZ2swiVze9O0,7,1,liked,,2025-11-09T16:39:09Z,2025-11-09T16:39:09Z,,,,
7zto61V8ySp03Qi6X1LU2X,Tin Pan Alley (AKA Roughest Place in Town),Stevie Ray Vaughan,Couldn't Stand The Weather (Legacy Edition),1984,1984,,blues rock,blues rock; electric texas blues; electric blues; texas blues; jazz and blues,1984,551786,False,,https://open.spotify.com/track/7zto61V8ySp03Qi6X1LU2X,5vxBOzakDbJleNA1rbA7FQ,5fsDcuclIe8ZiBD5P787K1,6,1,liked,,2023-04-10T16:28:07Z,2023-04-10T16:28:07Z,,,,
6Z8prosDCmjU3hkgEnyId6,Life Without You,Stevie Ray Vaughan,The Essential Stevie Ray Vaughan And Double Trouble,2002,2002,,blues rock,blues rock; electric texas blues; electric blues; texas blues; jazz and blues,2002-08-27,258026,False,,https://open.spotify.com/track/6Z8prosDCmjU3hkgEnyId6,4dShhtGUjPunYS95jHOm3r,5fsDcuclIe8ZiBD5P787K1,5,2,liked,,2023-04-10T16:28:07Z,2023-04-10T16:28:07Z,,,,
0elH6ukMGLyCHJavHutEza,Creep,Stone Temple Pilots,Core,1992,1992,,grunge,grunge; alternative rock; hard rock; alternative metal; neo-psychedelia,1992-09-29,332626,False,,https://open.spotify.com/track/0elH6ukMGLyCHJavHutEza,7k1YOwYf369EX0aHeXApWp,2UazAtjfzqBF0Nho2awK4z,7,1,liked,,2023-04-10T16:28:07Z,2023-04-10T16:28:07Z,,,,
4fjsOdrWMaKf70x21h5XbX,Vasoline - 2019 Remaster,Stone Temple Pilots,Purple (2019 Remaster),1994,1994,,grunge,grunge; alternative rock; hard rock; alternative metal; neo-psychedelia,1994-06-07,176546,False,,https://open.spotify.com/track/4fjsOdrWMaKf70x21h5XbX,57lcTrUlYgfMIPvBUsVU6h,2UazAtjfzqBF0Nho2awK4z,2,1,liked,,2023-04-10T16:28:07Z,2023-04-10T16:28:07Z,,,,
2gdtLnVGGg80Kj9GiqP0vH,Trippin' on a Hole in a Paper Heart,Stone Temple Pilots,Tiny Music...Songs from the Vatican Gift Shop,1996,1996,,grunge,grunge; alternative rock; hard rock; alternative metal; neo-psychedelia,1996-03-26,175920,False,,https://open.spotify.com/track/2gdtLnVGGg80Kj9GiqP0vH,2JJEIN6LvQJQTJDfnYdDAe,2UazAtjfzqBF0Nho2awK4z,7,1,liked,,2023-04-10T16:28:07Z,2023-04-10T16:28:07Z,,,,
2mNSbkHbE90ISfFQISJ0L8,Storm Corrosion,Storm Corrosion,Storm Corrosion (Special Edition),2012,2012,,eclectic prog,eclectic prog; psychedelic folk; progressive rock; psychedelic rock; experimental,2012-04-25,609080,False,,https://open.spotify.com/track/2mNSbkHbE90ISfFQISJ0L8,0HoIDUvBfh16mbFuJfT7Fu,73p7913nnreqv6jbWpeNb1,2,1,liked,,2023-04-10T16:28:07Z,2023-04-10T16:28:07Z,,,,
1arn1AwDxrsylmS8SBG2y1,Ljudet Innan,Storm Corrosion,Storm Corrosion (Special Edition),2012,2012,,eclectic prog,eclectic prog; psychedelic folk; progressive rock; psychedelic rock; experimental,2012-04-25,620013,False,,https://open.spotify.com/track/1arn1AwDxrsylmS8SBG2y1,0HoIDUvBfh16mbFuJfT7Fu,73p7913nnreqv6jbWpeNb1,6,1,liked,,2023-04-10T16:28:07Z,2023-04-10T16:28:07Z,,,,
4Q6iftHIoQOMKdN1NhUmic,The Seer,Stormkeep,Tales of Othertime,2021,2021,,melodic black metal,melodic black metal; black metal; dungeon synth,2021-11-19,557334,False,,https://open.spotify.com/track/4Q6iftHIoQOMKdN1NhUmic,0iW7kFUgskdOQYrZjnK3Pw,1qBAMIG8efDyEUGA9axXHD,1,1,liked,,2023-11-20T13:49:07Z,2023-11-20T13:49:07Z,,,,
0oO0GafQ78eZ68xQ6bIDtb,Hero's Theme,Strawbs,Hero And Heroine,1974,1974,,progressive rock,progressive rock; folk rock; progressive folk,1974,147493,False,,https://open.spotify.com/track/0oO0GafQ78eZ68xQ6bIDtb,1L0xniy2sSr8SfM8sD7rdJ,7dtYyLTWjuZGOcweC3eD2f,10,1,liked,,2024-03-13T13:56:33Z,2024-03-13T13:56:33Z,,,,
1VONPGSr5YGDp873lwIOP8,Sister Moon,Street Fighter,Second Hand Hero,2023,2023,,heavy metal,heavy metal,2023-09-08,237355,False,,https://open.spotify.com/track/1VONPGSr5YGDp873lwIOP8,2DSfznP16Y5YXVhsoQidMg,1bWG3BqDlXMkBjshJMSrtA,7,1,liked,,2025-05-12T08:52:32Z,2025-05-12T08:52:32Z,,,,
7rcKKQTJLSno5RRDXbskGN,Snowblind,Styx,Paradise Theatre,1981,1981,,progressive rock,progressive rock; hard rock; aor; rock opera; classic rock,1981-01-01,297373,False,,https://open.spotify.com/track/7rcKKQTJLSno5RRDXbskGN,6PhLTeuN0G894bdSBTCwUF,4salDzkGmfycRqNUbyBphh,8,1,liked,,2023-04-10T16:28:07Z,2023-04-10T16:28:07Z,,,,
04zKIiHzGu6EfhbMdViCJF,Animal Nitrate,Suede,The Best Of,2010,2010,,alternative rock,alternative rock; britpop; glam rock; art rock; indie rock,2010-11-01,207762,False,,https://open.spotify.com/track/04zKIiHzGu6EfhbMdViCJF,3ZTCWSkYBJVsVhPwFF1o3C,6PHIK3kjWggLtVygsOtpqS,1,1,liked,,2023-04-10T16:28:07Z,2023-04-10T16:28:07Z,,,,
6qVkvhybpKYLF33eMrOm4q,Anthesis,Suldusk,Anthesis,2024,2024,,dark folk,dark folk; neofolk; blackgaze,2024-01-08,273117,False,,https://open.spotify.com/track/6qVkvhybpKYLF33eMrOm4q,6H1qLVgevwihYMbxpBbl7m,27bhelNsrdlX5Y5H7yigfg,1,1,liked,,2024-02-12T10:42:53Z,2024-02-12T10:42:53Z,,,,
6XBn4WGaFjXLCPAqV2o4Q5,Crystalline,Suldusk,Anthesis,2024,2024,,dark folk,dark folk; neofolk; blackgaze,2024-03-01,348196,False,,https://open.spotify.com/track/6XBn4WGaFjXLCPAqV2o4Q5,4RQXbVmZj03eWO5kOeYKhe,27bhelNsrdlX5Y5H7yigfg,4,1,liked,,2024-11-05T12:29:36Z,2024-11-05T12:29:36Z,,,,
1N68oTOYoTtvTdV7SBVglK,Sombre Tidings,Sulphur Aeon,Seven Crowns And Seven Seals,2023,2023,,death metal,death metal; black metal; melodic death metal; blackened death metal,2023-10-13,66823,False,,https://open.spotify.com/track/1N68oTOYoTtvTdV7SBVglK,6Zog2H5g28AjE7CmzMZlOd,7nOT3FnmKEzbGvTS2fbeaV,1,1,liked,,2024-02-08T08:06:33Z,2024-02-08T08:06:33Z,,,,
5vfxbywfanU3rMbOfNzitN,Heavens Above,Sumerlands,Dreamkiller,2022,2022,,heavy metal,heavy metal,2022-09-16,263290,False,,https://open.spotify.com/track/5vfxbywfanU3rMbOfNzitN,12Yv3UWaeM3DpJT1TEnbei,5rASExwQQilVMuKmaOV2eW,2,1,liked,,2024-11-29T08:54:56Z,2024-11-29T08:54:56Z,,,,
2L9TUkStJsBHh3Xtw8oUOP,Flammifer,Summoning,Old Mornings Dawn,2013,2013,,black metal,black metal; symphonic black metal; atmospheric black metal; dungeon synth; epic black metal,2013-08-01,428000,False,,https://open.spotify.com/track/2L9TUkStJsBHh3Xtw8oUOP,7kA7rpusIboqEBli9mtz0x,5BViLZRXrRfhPDokkbYiMy,2,1,liked,,2026-05-14T07:18:54Z,2026-05-14T07:18:54Z,,,,
4c1i6rbWKi26ysk7uIamfm,Old Mornings Dawn,Summoning,Old Mornings Dawn,2013,2013,,black metal,black metal; symphonic black metal; atmospheric black metal; dungeon synth; epic black metal,2013-08-01,570000,False,,https://open.spotify.com/track/4c1i6rbWKi26ysk7uIamfm,7kA7rpusIboqEBli9mtz0x,5BViLZRXrRfhPDokkbYiMy,3,1,liked,,2023-04-10T16:28:07Z,2023-04-10T16:28:07Z,,,,
0QKePbwi7LoHpfQfKLSmYa,Coming Down,Sun Dont Shine,Coming Down,2025,2025,,shoegaze,shoegaze; alternative rock,2025-06-25,246500,False,,https://open.spotify.com/track/0QKePbwi7LoHpfQfKLSmYa,2RUfk66sEcwR7eelrCKApt,4awV9U3zAkWcSsaNsClKPU,1,1,liked,,2025-07-08T05:41:12Z,2025-07-08T05:41:12Z,,,,
2MmAP0jdQxCHpOH5NconQT,Bergen To Trondheim,Sun Kil Moon,Common As Light And Love Are Red Valleys Of Blood,2017,2017,,folk rock,folk rock; contemporary folk; slowcore; shoegaze; indie folk,2017-02-17,479400,True,,https://open.spotify.com/track/2MmAP0jdQxCHpOH5NconQT,0bliPmpt3uKBlRGzfgKptq,4G0XDEk7RbA4BBCTs917U9,11,1,liked,,2023-04-10T16:28:07Z,2023-04-10T16:28:07Z,,,,
6sNT5PF1SjTYgMiAIQGYMd,Carry Me Ohio,Sun Kil Moon,Ghosts of the Great Highway,2003,2003,,folk rock,folk rock; contemporary folk; slowcore; shoegaze; indie folk,2003-11-04,381040,False,,https://open.spotify.com/track/6sNT5PF1SjTYgMiAIQGYMd,1JpwFoxVVutPXtSBohj0rJ,4G0XDEk7RbA4BBCTs917U9,2,1,liked,,2023-04-10T16:28:07Z,2023-04-10T16:28:07Z,,,,
494KKCu6CQRLqOdvb0P6Mk,Silent Call,Sundazer,Silent Call,2024,2024,,alternative metal,alternative metal; grunge; post-grunge,2024-08-20,209032,False,,https://open.spotify.com/track/494KKCu6CQRLqOdvb0P6Mk,37Rb4ygdz3i8o57VY3IcTQ,0As6xQo66nhBhaXqOftXiJ,1,1,liked,,2024-08-27T08:05:39Z,2024-08-27T08:05:39Z,,,,
507syMUPwrpOJIxSnNYPOi,Badge and gun,Sunglasses Kid; Jonny Diggens,Badge and gun,2024,2024,,synthwave,synthwave; electronic,2024-06-14,236571,False,,https://open.spotify.com/track/507syMUPwrpOJIxSnNYPOi,6uPh0laWTmEjhm3vYEmx9F,0jn6ofLtVkXpuH2mmV8J82; 0ha3VGM2zIb8dGRUSmBLD3,1,1,liked,,2026-03-28T19:27:49Z,2026-03-28T19:27:49Z,,,,
5Io6W7GqRsXUZnl1O0fcb0,Sin Nanna,sunn O))),Black One,2005,2005,,drone,drone; drone metal; doom metal; experimental rock,2005-10-17,137826,False,,https://open.spotify.com/track/5Io6W7GqRsXUZnl1O0fcb0,3oFLD6FiLtAe1Ykq3wWuPf,2e7hYqRjL82c1nIoREHc4J,1,1,liked,,2023-04-10T16:28:08Z,2023-04-10T16:28:08Z,,,,
7MtlureL5VXmDnyoUeBxsd,In Circles - Remastered,Sunny Day Real Estate,Diary (Remastered and Expanded Edition),1994,1994,,emo,emo; alternative rock; indie rock; post-grunge; post-hardcore,1994-05-10,298413,False,,https://open.spotify.com/track/7MtlureL5VXmDnyoUeBxsd,3wdD2PQkm8N4ezZf732Oxv,2lZkXWxkZsZzBocxMjN1or,2,1,liked,,2023-04-10T16:28:08Z,2023-04-10T16:28:08Z,,,,
3tYxhPqkioZEV5el3DJxLQ,Youngest Daughter,Superheaven,Jar,2013,2013,,alternative rock,alternative rock; post-hardcore,2013-04-05,249514,False,,https://open.spotify.com/track/3tYxhPqkioZEV5el3DJxLQ,6JLO3HVtVEKLHqbgs6ujdw,1IHjrY7ygKbmLVoUV1VcXc,7,1,liked,,2023-04-10T16:28:08Z,2023-04-10T16:28:08Z,,,,
6eRTxfsfpnddrm6wTtbjY8,Crime Of The Century - Remastered 2010,Supertramp,Crime Of The Century (Deluxe),1974,1974,,progressive rock,progressive rock; art rock; pop rock; classic rock; soft rock,1974-09-01,332992,False,,https://open.spotify.com/track/6eRTxfsfpnddrm6wTtbjY8,5Se5MdfqD1nAitv3muKnCB,3JsMj0DEzyWc0VDlHuy9Bx,8,1,liked,,2023-04-10T16:28:08Z,2023-04-10T16:28:08Z,,,,
1eXRRfvOtnI9dPWC044zCV,Wake of the Smoke Jumper,Supervoid,Filaments,2013,2013,,stoner rock,stoner rock; psychedelic rock; stoner metal; sludge metal,2013-10-28,411271,False,,https://open.spotify.com/track/1eXRRfvOtnI9dPWC044zCV,5vki7gILi9t2vwG1f1YDuw,5vb5XvsJWTElll2t1EdoOo,4,1,liked,,2023-04-10T16:28:08Z,2023-04-10T16:28:08Z,,,,
2qFWICaHLtyKAgPy2CzMYC,Cele Rele,Sur Austru,Datura Strahiarelor,2024,2024,,folk metal,folk metal; atmospheric black metal; black metal,2024-08-30,353359,False,,https://open.spotify.com/track/2qFWICaHLtyKAgPy2CzMYC,3pJhrIzcl0PdnHZ2gWiPjF,029YQisxpHZN8R3CxONBZ7,4,1,liked,,2024-09-11T05:35:02Z,2024-09-11T05:35:02Z,,,,
2mebIyQC9DJpvcFzHVPZFL,Listen to Someone,Svalbard,"When I Die, Will I Get Better?",2020,2020,,post-rock,post-rock; post-hardcore; metal; hardcore,2020-09-25,310546,False,,https://open.spotify.com/track/2mebIyQC9DJpvcFzHVPZFL,30v7Mmbd7gIp05wpn7DVIQ,2HLQr8aUMombMeuIEDv6wA,4,1,liked,,2024-02-26T08:18:31Z,2024-02-26T08:18:31Z,,,,
36NbWxTXtyDkRi7GC6JhJ2,The Woman Of Our Day,Svanfríður,What's Hidden There?,1972,1972,,rock,rock,1972-01-01,191611,False,,https://open.spotify.com/track/36NbWxTXtyDkRi7GC6JhJ2,18yybbA7O5JFIr3fyjDtf8,0epbmdlsvYURFcDpc1zekP,1,1,liked,,2023-04-10T16:28:08Z,2023-04-10T16:28:08Z,,,,
26WzdGkGgXI25hUzWoY1At,Give Me Some Gas,Svanfríður,What's Hidden There?,1972,1972,,rock,rock,1972-01-01,311751,False,,https://open.spotify.com/track/26WzdGkGgXI25hUzWoY1At,18yybbA7O5JFIr3fyjDtf8,0epbmdlsvYURFcDpc1zekP,7,1,liked,,2023-04-10T16:28:08Z,2023-04-10T16:28:08Z,,,,
41ctZ2PB8VOcBHrPTzpnr3,Hat og forakt,Svart Lotus,Hat og forakt,2024,2024,,black metal,black metal; doom metal; avant-garde metal,2024-01-05,473733,False,,https://open.spotify.com/track/41ctZ2PB8VOcBHrPTzpnr3,6j09o798vVkIVpe1HbFKc9,7ITTJwOSTAPMTr8fWkihQe,1,1,liked,,2024-01-13T09:55:55Z,2024-01-13T09:55:55Z,,,,
6ZCyXyFup7QvVS08McACPb,Don't Fall Asleep (Horror Pt. 2),Swallow The Sun,Hope,2007,2007,,doom metal,doom metal; death-doom metal; death metal; death doom metal,2007,461973,False,,https://open.spotify.com/track/6ZCyXyFup7QvVS08McACPb,3Cyoa8KkwGg26vczRHyHiR,0ulKlNlo0iPx5ZS6VMTHWQ,4,1,liked,,2023-04-10T16:28:08Z,2023-04-10T16:28:08Z,,,,
4TJvON3l2YCajvz2qRJqq2,"66,50'N,28,40'E",Swallow The Sun,"Songs from the North I, II & III",2015,2015,,doom metal,doom metal; death-doom metal; death metal; death doom metal,2015-11-13,401880,False,,https://open.spotify.com/track/4TJvON3l2YCajvz2qRJqq2,7Hs4MdsvavxOhH8qfcNwe7,0ulKlNlo0iPx5ZS6VMTHWQ,6,2,liked,,2023-04-10T16:28:08Z,2023-04-10T16:28:08Z,,,,
0NogO7yZ7zigIOplvtT15O,Before the Summer Dies,Swallow The Sun,"Songs from the North I, II & III",2015,2015,,doom metal,doom metal; death-doom metal; death metal; death doom metal,2015-11-13,337573,False,,https://open.spotify.com/track/0NogO7yZ7zigIOplvtT15O,7Hs4MdsvavxOhH8qfcNwe7,0ulKlNlo0iPx5ZS6VMTHWQ,8,2,liked,,2023-04-10T16:28:08Z,2023-04-10T16:28:08Z,,,,
3Uu1qMYUTTJ7ZN3AvDzXtB,Through Her Silvery Body,Swallow The Sun,The Morning Never Came,2003,2003,,doom metal,doom metal; death-doom metal; death metal; death doom metal,2003,520533,False,,https://open.spotify.com/track/3Uu1qMYUTTJ7ZN3AvDzXtB,0BJ6rOqRLIgIp0FJYYKu9F,0ulKlNlo0iPx5ZS6VMTHWQ,1,1,liked,,2023-04-10T16:28:08Z,2023-04-10T16:28:08Z,,,,
1McsRXykvwtS9NCT1U8yNe,Swallow (Horror Pt. I),Swallow The Sun,The Morning Never Came,2003,2003,,doom metal,doom metal; death-doom metal; death metal; death doom metal,2003,323466,False,,https://open.spotify.com/track/1McsRXykvwtS9NCT1U8yNe,0BJ6rOqRLIgIp0FJYYKu9F,0ulKlNlo0iPx5ZS6VMTHWQ,4,1,liked,,2023-04-10T16:28:08Z,2023-04-10T16:28:08Z,,,,
6upDhE4FMddg7H2Of1N9Gb,Genesee,Sweet Ermengarde,Sacrifice,2024,2024,,gothic rock,gothic rock,2024-04-12,355432,False,,https://open.spotify.com/track/6upDhE4FMddg7H2Of1N9Gb,4ArrBLrwUVSqVz3RNIy2hA,60NtvBQlORBsoc0qz4WU35,10,1,liked,,2024-05-08T05:36:33Z,2024-05-08T05:36:33Z,,,,
2So3TvREgSZItAq4Nflm6N,The Spark,Sweven,The Eternal Resonance,2020,2020,,downtempo,downtempo; hip hop; lo-fi; boom bap; chillwave,2020-03-20,187440,True,,https://open.spotify.com/track/2So3TvREgSZItAq4Nflm6N,2btP02uyyxvwnAtJpnOkoJ,5CQllbdiDPsyyKqjCdv8uo,1,1,liked,,2025-09-23T07:21:46Z,2025-09-23T07:21:46Z,,,,
6jremKs1uNDhqtCTrNSI9Y,Sanctum Sanctorum,Sweven,The Eternal Resonance,2020,2020,,downtempo,downtempo; hip hop; lo-fi; boom bap; chillwave,2020-03-20,513586,True,,https://open.spotify.com/track/6jremKs1uNDhqtCTrNSI9Y,2btP02uyyxvwnAtJpnOkoJ,5CQllbdiDPsyyKqjCdv8uo,8,1,liked,,2024-11-26T05:38:04Z,2024-11-26T05:38:04Z,,,,
7uu0yDFyrGBEn8RMLvwpwk,Mørklagt,Sylvaine,"Atoms Aligned, Coming Undone",2018,2018,,post-metal,post-metal; blackgaze; post-rock; shoegaze; atmospheric black metal,2018-11-02,557800,False,,https://open.spotify.com/track/7uu0yDFyrGBEn8RMLvwpwk,6UWmG28sc4akOQcOEQGJ1e,5C9ocrDvsfSz8qcxG70QEe,2,1,liked,,2023-04-10T16:28:08Z,2023-04-10T16:28:08Z,,,,
4fXTShsqtEP8Vf1Kc80Wec,Abeyance,Sylvaine,"Atoms Aligned, Coming Undone",2018,2018,,post-metal,post-metal; blackgaze; post-rock; shoegaze; atmospheric black metal,2018-11-02,337280,False,,https://open.spotify.com/track/4fXTShsqtEP8Vf1Kc80Wec,6UWmG28sc4akOQcOEQGJ1e,5C9ocrDvsfSz8qcxG70QEe,3,1,liked,,2023-04-10T16:28:08Z,2023-04-10T16:28:08Z,,,,
1J4MqPkLNbq5w17IU1Cw1j,"Nowhere, Still Somewhere",Sylvaine,Nova,2022,2022,,post-metal,post-metal; blackgaze; post-rock; shoegaze; atmospheric black metal,2022-03-04,274758,False,,https://open.spotify.com/track/1J4MqPkLNbq5w17IU1Cw1j,3Bx01WCfpuiY5OfHskn5Kz,5C9ocrDvsfSz8qcxG70QEe,3,1,liked,,2023-04-10T16:28:08Z,2023-04-10T16:28:08Z,,,,
1ncl5OvSGPeQvbI4uNF6iV,I Close My Eyes so I Can See,Sylvaine,Nova,2022,2022,,post-metal,post-metal; blackgaze; post-rock; shoegaze; atmospheric black metal,2022-03-04,314631,False,,https://open.spotify.com/track/1ncl5OvSGPeQvbI4uNF6iV,3Bx01WCfpuiY5OfHskn5Kz,5C9ocrDvsfSz8qcxG70QEe,5,1,liked,,2025-11-26T11:04:47Z,2025-11-26T11:04:47Z,,,,
35XMkLyFC3qK6cNUSSRcyU,Eternity Ends,Sylvan,Posthumous Silence,2006,2006,,progressive rock,progressive rock; neo-progressive rock; progressive metal; symphonic prog; art rock,2006-12-27,123693,False,,https://open.spotify.com/track/35XMkLyFC3qK6cNUSSRcyU,4ljWvrC7bBhB6o6G3pYo4u,5d8D0cBjU3uHZgEwSCsGl5,1,1,liked,,2024-09-30T14:57:39Z,2024-09-30T14:57:39Z,,,,
2dkUNeusRI8WUCrtKvWKgs,Posthumous Silence,Sylvan,Posthumous Silence,2006,2006,,progressive rock,progressive rock; neo-progressive rock; progressive metal; symphonic prog; art rock,2006-12-27,299253,False,,https://open.spotify.com/track/2dkUNeusRI8WUCrtKvWKgs,4ljWvrC7bBhB6o6G3pYo4u,5d8D0cBjU3uHZgEwSCsGl5,15,1,liked,,2024-10-15T12:27:34Z,2024-10-15T12:27:34Z,,,,
6UdzRUSS8wddmbrdVgTJl5,The Accolade,Symphony X,The Divine Wings of Tragedy (Special Edition),1997,1997,,progressive metal,progressive metal; power metal; symphonic metal; neoclassical metal,1997,591306,False,,https://open.spotify.com/track/6UdzRUSS8wddmbrdVgTJl5,1ErltKGNVk6hw9OWfSq6Xe,4MnZkh4dpNmTMPxkl4Ev5L,4,1,liked,,2026-03-07T09:46:18Z,2026-03-07T09:46:18Z,,,,
0x6QL1WPFiIBUFIRXkpNE7,Köld,Sólstafir,Köld,2009,2009,,post-metal,post-metal; black metal; progressive metal; post-rock; psychedelic rock,2009-01-21,538973,False,,https://open.spotify.com/track/0x6QL1WPFiIBUFIRXkpNE7,1q1hSeqTm10Bq4lspbv6L8,721C5U5rM8J0jjq6IQuSBK,2,1,liked,,2023-04-10T16:28:07Z,2023-04-10T16:28:07Z,,,,
6RdTyFt3O0f1unQk64wooG,She Destroys Again,Sólstafir,Köld,2009,2009,,post-metal,post-metal; black metal; progressive metal; post-rock; psychedelic rock,2009-01-21,432546,False,,https://open.spotify.com/track/6RdTyFt3O0f1unQk64wooG,1q1hSeqTm10Bq4lspbv6L8,721C5U5rM8J0jjq6IQuSBK,4,1,liked,,2023-04-10T16:28:07Z,2023-04-10T16:28:07Z,,,,
4GRHvF3kCmqaz1X9nmfdUQ,Betrayer,Sölicitör,Spectral Devastation,2020,2020,,heavy metal,heavy metal; speed metal,2020-08-21,263893,False,,https://open.spotify.com/track/4GRHvF3kCmqaz1X9nmfdUQ,11AI15vpsha7ZaMODySCiJ,7JrEGTOGJJs9abgt3fOauh,2,1,liked,,2024-11-28T06:29:59Z,2024-11-28T06:29:59Z,,,,
4xSV4ncdCtfgPDQF1W1zQK,Superficial Love,T.S.O.L.,T.S.O.L. / Weathered Statues,1997,1997,,punk,punk,1997-01-01,78760,True,,https://open.spotify.com/track/4xSV4ncdCtfgPDQF1W1zQK,3CB74Cm0oYsV3hyv0EjREv,4oPMm2idleIKLdBWgZilSi,1,1,liked,,2024-09-08T07:18:32Z,2024-09-08T07:18:32Z,,,,
1R79vtF6xSaDdTrh8qId8W,Abolish Government/Silent Majority,T.S.O.L.,T.S.O.L. / Weathered Statues,1997,1997,,punk,punk,1997-01-01,119306,True,,https://open.spotify.com/track/1R79vtF6xSaDdTrh8qId8W,3CB74Cm0oYsV3hyv0EjREv,4oPMm2idleIKLdBWgZilSi,4,1,liked; playlist,YOU DIRTY PUNK,2023-04-10T16:28:08Z,2024-07-24T18:08:26Z,,,,
4qC82f1lh5FvJwwxLiNyLn,Superficial Love,T.S.O.L.,Who's Screwin' Who?,2006,2006,,punk,punk,2006-04-25,81347,False,,https://open.spotify.com/track/4qC82f1lh5FvJwwxLiNyLn,5SKlto0BUqFCveHJveBBiY,4oPMm2idleIKLdBWgZilSi,5,1,liked; playlist,YOU DIRTY PUNK,2023-04-10T16:28:08Z,2024-07-24T18:08:36Z,,,,
0TLDfbhXVHqN9KsQvKDZ0Q,Losing You,Tachanka; Vanessa Funke,Locomotion of Escape,2025,2025,,gothic metal,gothic metal,2025-02-21,389000,False,,https://open.spotify.com/track/0TLDfbhXVHqN9KsQvKDZ0Q,603sAQH57yDTc3mjTO3KCB,00bjryGrhjhc82t7GcNgwr; 2zGxWBLwgxutSP70VpvSGS,6,1,liked,,2025-03-17T06:46:28Z,2025-03-17T06:46:28Z,,,,
702mW86kU7mTYDgAQBnBIp,Dragonfly Kites in the Evening Sky,Tales Under the Oak,The Toad Folk II,2025,2025,,dungeon synth,dungeon synth; folklore; ambient,2025-10-03,205714,False,,https://open.spotify.com/track/702mW86kU7mTYDgAQBnBIp,0TWYnTZSmDGGoaxAWte68R,63JXuvboeORZFlNVoivVLT,2,1,liked,,2025-11-01T09:30:36Z,2025-11-01T09:30:36Z,,,,
4WN8TLWVCzuLcOeoLSiFUw,It's My Life,Talk Talk,Natural History - The Very Best of Talk Talk,1990,1990,,new wave,new wave; post-rock; art pop; new romantic; synthpop,1990-05-21,233453,False,,https://open.spotify.com/track/4WN8TLWVCzuLcOeoLSiFUw,1yOxV9lKsPgj1QvDsc46rQ,7Fo8TAyGJr4VmhE68QamMf,6,1,liked,,2023-04-10T16:28:08Z,2023-04-10T16:28:08Z,,,,
3vGCZR6nHYd3be31turwDA,Cloudburst Flight,Tangerine Dream,Force Majeure (Remastered 2018 / Deluxe Version),1979,1979,,electronic,electronic; ambient; berlin school; krautrock; progressive electronic,1979-02-01,448596,False,,https://open.spotify.com/track/3vGCZR6nHYd3be31turwDA,3Fwvk0okeHHvxT5s90mK8T,1BGN1IdyiSR0ZYrkoKNchl,2,1,liked,,2023-04-10T16:28:08Z,2023-04-10T16:28:08Z,,,,
62VjDCUXAGFn47sH1UF7SM,The Winding Road,Tarot,Glimpse Of The Dawn,2024,2024,,heavy metal,heavy metal,2024-04-12,290720,False,,https://open.spotify.com/track/62VjDCUXAGFn47sH1UF7SM,3ujd8kDQ4mvqtrQeg91eNA,7hxan2AEswyqcyVRVON421,2,1,liked,,2024-05-06T10:34:14Z,2024-05-06T10:34:14Z,,,,
2f0P7iELCvAlV8j6Z3rGDE,Stranglehold,Ted Nugent,Ted Nugent,1975,1975,,hard rock,hard rock; heavy metal; singer-songwriter; psychedelic rock; classic rock,1975,503066,False,,https://open.spotify.com/track/2f0P7iELCvAlV8j6Z3rGDE,71SdSYZuuy7fCWbx0iqtac,21ysNsPzHdqYN2fQ75ZswG,1,1,liked,,2023-04-10T16:28:08Z,2023-04-10T16:28:08Z,,,,
5n2f1Uxe2zFEQVdZkG2vgB,Поджигайте зал,Teen Erection,Fuck Off and Die,2016,2016,,hardcore punk,hardcore punk,2016-11-20,128034,True,,https://open.spotify.com/track/5n2f1Uxe2zFEQVdZkG2vgB,0fdFiGHM0zHu4yPN0mDQYV,3km1sP14SH3emx8FukWNUK,4,1,liked,,2024-05-26T16:23:03Z,2024-05-26T16:23:03Z,,,,
0YsPLNYANfiT928HLdw0aQ,Trident,Templar,Trident,2025,2025,,hip hop,hip hop,2025-12-10,200000,False,,https://open.spotify.com/track/0YsPLNYANfiT928HLdw0aQ,0tM4ii2hLI8wmTWfLRU0D5,0vLSQBRzL2OmTaWnEHPAhv,1,1,liked,,2026-02-01T10:22:55Z,2026-02-01T10:22:55Z,,,,
7n3WO6ESKS1uCI9fgkGs66,I'd Love to Change the World - 2004 Remaster,Ten Years After,A Space in Time (Deluxe Version),1971,1971,,blues rock,blues rock; hard rock; psychedelic rock; british blues; jam band,1971-08,224133,False,,https://open.spotify.com/track/7n3WO6ESKS1uCI9fgkGs66,5ZPvG6hav71Uqmlgs85xbE,7nkLRaWHImCvWGHdNGnhVE,3,1,liked,,2023-04-10T16:28:08Z,2023-04-10T16:28:08Z,,,,
1JTPsA05JycIjfc2AC4N6r,Pojan Kiiski,Tenhi,Saivo,2011,2011,,dark folk,dark folk; neofolk,2011-12-02,406000,False,,https://open.spotify.com/track/1JTPsA05JycIjfc2AC4N6r,3pn3IfA6OxBXHmz9efnCBE,7jd9BYVXgcRC0yfoC7NGWW,2,1,liked,,2023-04-10T16:28:08Z,2023-04-10T16:28:08Z,,,,
6k8Ba97ZoqrHXbysftq4eq,Scanner32,tenndril,Source,2023,2023,,electronic,electronic; techno,2023-08-11,375318,False,,https://open.spotify.com/track/6k8Ba97ZoqrHXbysftq4eq,64TUB6x2zhUhsMQI321Hth,6x5M2KwQ6QbWAFDRxC4aad,2,1,liked,,2025-08-29T20:01:20Z,2025-08-29T20:01:20Z,,,,
4qB48x5tYcqI3OXo6py0fF,Undoable,Tentosy,Undoable,2024,2024,,electronic,electronic; synthwave,2024-03-30,243565,True,,https://open.spotify.com/track/4qB48x5tYcqI3OXo6py0fF,6vz7v0Npz7mQbnglX2NAAf,0PJAk857RxzRXTcXbuTm3X,1,1,liked,,2024-04-21T10:22:50Z,2024-04-21T10:22:50Z,,,,
4w3vEhsBrHzAwmqtudfCLQ,Live With Me,Terry Callier,Hidden Conversations,2009,2009,,soul,soul; jazz; singer-songwriter; progressive folk; classic pop and rock,2009-05-25,365360,False,,https://open.spotify.com/track/4w3vEhsBrHzAwmqtudfCLQ,4F6R4h0Hhl2B7IvkeG9FbO,5cHmjJA9Lo0ga8s8QdxEzs,10,1,liked,,2023-04-10T16:28:08Z,2023-04-10T16:28:08Z,,,,
3pKsUMqpVr4ZJ13Mm91Xig,Down for Life,Testament,The Gathering,1999,1999,,thrash metal,thrash metal; heavy metal; death metal; speed metal; groove metal,1999-06-08,203680,False,,https://open.spotify.com/track/3pKsUMqpVr4ZJ13Mm91Xig,0dYgfOuAerUldWRodoOR6J,28hJdGN1Awf7u3ifk2lVkg,2,1,liked,,2024-12-04T05:54:27Z,2024-12-04T05:54:27Z,,,,
1SD1BuEQ6g0c1owOZyXzxs,Time Is Mine,Testors,Complete Recordings,2003,2003,,punk,punk,2003,157026,False,,https://open.spotify.com/track/1SD1BuEQ6g0c1owOZyXzxs,2uTH2eyFjlJuIeNKbqhdCd,7lIGj6gNaVrPnliVlYrL6N,1,2,liked; playlist,YOU DIRTY PUNK,2023-04-10T16:28:08Z,2024-07-24T18:08:21Z,,,,
7i4BGsj1d0VrHa8igd3XLo,Together,Testors,Complete Recordings,2003,2003,,punk,punk,2003,142973,False,,https://open.spotify.com/track/7i4BGsj1d0VrHa8igd3XLo,2uTH2eyFjlJuIeNKbqhdCd,7lIGj6gNaVrPnliVlYrL6N,2,2,liked; playlist,YOU DIRTY PUNK,2023-04-10T16:28:08Z,2024-07-24T18:08:23Z,,,,
2DcEoXqZHO1ISZwM65FnM1,Rakennan taas,Tevana3; Juha Jyrkäs,Peräpohjolan tiellä,2024,2024,,blues rock,blues rock,2024-11-21,336577,False,,https://open.spotify.com/track/2DcEoXqZHO1ISZwM65FnM1,3EPEGG3wgjHm2zh1pwMokb,4qcRRbOTgjyLVS0D5JjTd8; 3VtIyhtoyU57AucJJHfEih,5,1,liked,,2024-12-18T17:29:31Z,2024-12-18T17:29:31Z,,,,
4vGwwMIIvFHtm4KX0rqF0U,Some Other Time,The Alan Parsons Project,I Robot,1977,1977,,progressive rock,progressive rock; art rock; soft rock; classic rock; electronic,1977-07-08,245697,False,,https://open.spotify.com/track/4vGwwMIIvFHtm4KX0rqF0U,2vtMi0d0613jhp85klO9eb,2m62cc253Xvd9qYQ8d2X3d,3,1,liked,,2024-03-12T12:22:23Z,2024-03-12T12:22:23Z,,,,
4M3mVi7trExzZClhNyFL4u,Holes in the Desert,The Atlas Moth,An Ache for the Distance,2011,2011,,sludge metal,sludge metal,2011-09-20,419733,False,,https://open.spotify.com/track/4M3mVi7trExzZClhNyFL4u,1exZKj5WHIusXE6fN4LQsZ,4v24AzWBIlowZwnktXSlwX,3,1,liked,,2023-04-10T16:28:08Z,2023-04-10T16:28:08Z,,,,
5zO9RvDPry8grjB29ho81D,The Night They Drove Old Dixie Down,The Band,Best Of The Band,1976,1976,,folk rock,folk rock; country rock; roots rock; pop rock; classic pop and rock,1976,210893,False,,https://open.spotify.com/track/5zO9RvDPry8grjB29ho81D,4RMbnuwtOMbN3INQcaJwUr,4vpDg7Y7fU982Ds30zawDA,11,1,liked,,2023-04-10T16:28:08Z,2023-04-10T16:28:08Z,,,,
2nvcTDmZkRWKNMAL29sLHo,The Night They Drove Old Dixie Down,The Band,The Band,1969,1969,,folk rock,folk rock; country rock; roots rock; pop rock; classic pop and rock,1969-09-22,211787,False,,https://open.spotify.com/track/2nvcTDmZkRWKNMAL29sLHo,4vXFiaDS8zuEl5bOUbW53x,4vpDg7Y7fU982Ds30zawDA,3,1,liked,,2023-12-30T17:20:07Z,2023-12-30T17:20:07Z,,,,
3TLdGPcSefVGwd9hJHHbka,"The Night They Drove Old Dixie Down - Live At The Royal Albert Hall, June 1971",The Band; Bob Clearmountain,Stage Fright (Deluxe Edition / 2020 Remix),2021,2021,,folk rock,folk rock; country rock; roots rock; pop rock; classic pop and rock,2021-02-12,252146,False,,https://open.spotify.com/track/3TLdGPcSefVGwd9hJHHbka,54mtQxZFH965tRxVbmpUjv,4vpDg7Y7fU982Ds30zawDA; 7iWYCIyfxwVyVae6u7qJaO,33,1,liked,,2023-04-10T16:28:08Z,2023-04-10T16:28:08Z,,,,
79ByvQWdY28HlbofcptGp8,Games,The Birthday Massacre,Under Your Spell,2017,2017,,industrial rock,industrial rock; gothic; electronic; industrial; synth rock,2017-06-09,219600,False,,https://open.spotify.com/track/79ByvQWdY28HlbofcptGp8,4ndJxe42Hbq0J2GpNGqrQw,16AVsBqzmIZTNHd0eX8VbK,7,1,liked,,2025-07-16T06:59:40Z,2025-07-16T06:59:40Z,,,,
25CRv7qnwyoa7kckF4HFb9,Red Stars,The Birthday Massacre,Walking With Strangers,2007,2007,,industrial rock,industrial rock; gothic; electronic; industrial; synth rock,2007-09-11,221266,False,,https://open.spotify.com/track/25CRv7qnwyoa7kckF4HFb9,4wK4A7mb7aEoykUajfWjZP,16AVsBqzmIZTNHd0eX8VbK,5,1,liked,,2023-04-10T16:28:08Z,2023-04-10T16:28:08Z,,,,
12xKysXb5WxFA410BxEDT7,My Morning Song,The Black Crowes,The Southern Harmony And Musical Companion,1992,1992,,blues rock,blues rock; hard rock; southern rock; jam band; acoustic rock,1992-05-12,375573,False,,https://open.spotify.com/track/12xKysXb5WxFA410BxEDT7,4hVgzAM4i3dPdhZQki9cKk,5krkohEVJYw0qoB5VWwxaC,9,1,liked,,2023-04-10T16:28:08Z,2023-04-10T16:28:08Z,,,,
6qoM5rqwYkAej4xuREtKa4,Veil of Shadows,The Budos Band,V,2019,2019,,afrobeat,afrobeat; funk; jazz; afro-soul; psychedelic rock,2019-04-12,256546,False,,https://open.spotify.com/track/6qoM5rqwYkAej4xuREtKa4,21fq2HanTNvaBj5wbdfSqH,5q4eLKmqFVP0xII8087PHz,8,1,liked,,2023-04-10T16:28:08Z,2023-04-10T16:28:08Z,,,,
3g5FXLWXr8kD9VsTuEndFs,Eleision Forest,The Chronicles of Father Robin,Eleision Forest,2023,2023,,progressive rock,progressive rock,2023-06-23,717066,False,,https://open.spotify.com/track/3g5FXLWXr8kD9VsTuEndFs,2SbFrTrlNpcpxfmbsZbRY9,35e7fG9LXOxpRAkxbd4339,1,1,liked,,2023-07-21T16:15:42Z,2023-07-21T16:15:42Z,,,,
1RCtHLyq1xIbgGMrYRrKJ2,Under the Milky Way,The Church,Starfish,1988,1988,,alternative rock,alternative rock; jangle pop; neo-psychedelia; art rock; post-punk,1988-02-16,297600,False,,https://open.spotify.com/track/1RCtHLyq1xIbgGMrYRrKJ2,3gz1CZk5wFg2inBuUWDa8x,2ZfogSsOWP4mVfEqfpLXCt,2,1,liked,,2023-04-11T15:53:42Z,2023-04-11T15:53:42Z,,,,
56KqaFSGTb7ifpt16t5Y1N,Rock the Casbah - Remastered,The Clash,Combat Rock (Remastered),1982,1982,,punk rock,punk rock; dance-punk; post-punk; new wave; reggae rock,1982,222437,False,,https://open.spotify.com/track/56KqaFSGTb7ifpt16t5Y1N,1ZH5g1RDq3GY1OvyD0w0s2,3RGLhK1IP9jnYFH4BRFJBS,4,1,liked,,2023-04-11T15:53:42Z,2023-04-11T15:53:42Z,,,,
7oqI47cPSkXG8eUtvniQSa,"Blood and Rockets: Movement I, Saga of Jack Parsons - Movement II, Too the Moon",The Claypool Lennon Delirium; Les Claypool; Sean Ono Lennon,South of Reality,2019,2019,,psychedelic rock,psychedelic rock; experimental; funk; progressive rock; alternative rock,2019-02-22,389826,False,,https://open.spotify.com/track/7oqI47cPSkXG8eUtvniQSa,3KiA7e7NDRMKecw7YGVkZK,2yUsje7CszKGu4g1f4ih3b; 1oM1vgebNTCZmVYwC3YYl8; 5JUYSPkis2Mk6HUbmMqk1m,2,1,liked,,2023-04-11T15:53:42Z,2023-04-11T15:53:42Z,,,,
2RhrdmXvvtjoQrVfgvKF0p,South of Reality,The Claypool Lennon Delirium; Les Claypool; Sean Ono Lennon,South of Reality,2019,2019,,psychedelic rock,psychedelic rock; experimental; funk; progressive rock; alternative rock,2019-02-22,207706,False,,https://open.spotify.com/track/2RhrdmXvvtjoQrVfgvKF0p,3KiA7e7NDRMKecw7YGVkZK,2yUsje7CszKGu4g1f4ih3b; 1oM1vgebNTCZmVYwC3YYl8; 5JUYSPkis2Mk6HUbmMqk1m,3,1,liked,,2023-04-11T15:53:42Z,2023-04-11T15:53:42Z,,,,
2IMCrFrZeMWEv2uyTBzjU0,Boriska,The Claypool Lennon Delirium; Les Claypool; Sean Ono Lennon,South of Reality,2019,2019,,psychedelic rock,psychedelic rock; experimental; funk; progressive rock; alternative rock,2019-02-22,325040,False,,https://open.spotify.com/track/2IMCrFrZeMWEv2uyTBzjU0,3KiA7e7NDRMKecw7YGVkZK,2yUsje7CszKGu4g1f4ih3b; 1oM1vgebNTCZmVYwC3YYl8; 5JUYSPkis2Mk6HUbmMqk1m,4,1,liked,,2023-04-11T15:53:42Z,2023-04-11T15:53:42Z,,,,
0y3xbBkYHWDmEdAqgWMyFx,Kids,The Coffin Caddies,Psychobilly Goes Pop,2012,2012,,psychobilly,psychobilly,2012-02-14,227706,False,,https://open.spotify.com/track/0y3xbBkYHWDmEdAqgWMyFx,7zHdZsf31n2zvmm5FmxHZ0,41QqyNGRumLIBzFEyoDAQe,5,1,liked; playlist,YOU DIRTY PUNK,2023-07-26T15:16:25Z,2025-07-25T20:24:17Z,,,,
06ZVHXmJC2PYUBdxVuyhxR,Last Night Down by the Grave,The Coffinshakers,The Coffinshakers,2007,2007,,dark country,dark country,2007,189826,True,,https://open.spotify.com/track/06ZVHXmJC2PYUBdxVuyhxR,3rBvmnNixFNedOkrQLKzqr,40MSz9KU6J8HDdfATbQzO2,3,1,liked,,2023-04-11T15:53:42Z,2023-04-11T15:53:42Z,,,,
2tVe8P8dReu0Bo5T7rBFzv,Taurus,The Color of Iris,Another Saint,2020,2020,,desert rock,desert rock; grunge; stoner rock; alternative rock,2020-02-07,259159,False,,https://open.spotify.com/track/2tVe8P8dReu0Bo5T7rBFzv,0D7VEbupK7F6to7UR7ElLs,4w6fYRnz4CWeqLNsVLqCVe,1,1,liked,,2023-04-11T15:53:43Z,2023-04-11T15:53:43Z,,,,
1st2ldrAppYwbJmbXucFhD,Blood Of The Past,The Comet Is Coming; Kae Tempest,Trust In The Lifeforce Of The Deep Mystery,2019,2019,,electronica,electronica; spoken word; jazz fusion; hip hop; nu jazz,2019-03-15,495400,False,,https://open.spotify.com/track/1st2ldrAppYwbJmbXucFhD,2mvz0NPBCPTbSEgRViuDLK,0Z5FMozvx15nUSUA6a9kkU; 1YcprGtF13BYCZQK9jYPEw,4,1,liked,,2023-04-11T15:53:42Z,2023-04-11T15:53:42Z,,,,
3EYyQwjm0TFSABbCLrqkHz,All's Well In Milton Keynes,The Company Band,The Company Band,2009,2009,,hard rock,hard rock; stoner rock; classic rock; heavy metal,2009-11-10,292880,False,,https://open.spotify.com/track/3EYyQwjm0TFSABbCLrqkHz,6OUujs41SHnuL4iTQXEwaT,5Sp7BJWoMgqVFpPlo3nip4,6,1,liked,,2023-04-11T15:53:42Z,2023-04-11T15:53:42Z,,,,
5pqjv9BjshH8HNcefjUeiA,Lethe Waters,The Company Band,The Company Band,2009,2009,,hard rock,hard rock; stoner rock; classic rock; heavy metal,2009-11-10,249600,False,,https://open.spotify.com/track/5pqjv9BjshH8HNcefjUeiA,6OUujs41SHnuL4iTQXEwaT,5Sp7BJWoMgqVFpPlo3nip4,10,1,liked,,2023-04-11T15:53:42Z,2023-04-11T15:53:42Z,,,,
3J58Ccc5iTbCRnYx2xjo6d,Animal Instinct,The Cranberries,Bury The Hatchet,1999,1999,,alternative rock,alternative rock; pop rock; jangle pop; dream pop; grunge,1999-04-19,211066,False,,https://open.spotify.com/track/3J58Ccc5iTbCRnYx2xjo6d,2v9PjvIkQVnyQdtD1iQD7e,7t0rwkOPGlDPEhaOcVtOt9,1,1,liked,,2023-04-11T15:53:42Z,2023-04-11T15:53:42Z,,,,
6C2MCGgNdVmtrZMIh3rZVY,The Only One,The Cure,4:13 Dream,2008,2008,,new wave,new wave; post-punk; gothic rock; alternative rock; synthpop,2008-10-27,235360,False,,https://open.spotify.com/track/6C2MCGgNdVmtrZMIh3rZVY,0gd0t1iQ3WReB8TNQvALTV,7bu3H8JO7d0UbMoVzbo70s,2,1,liked,,2023-04-11T15:53:42Z,2023-04-11T15:53:42Z,,,,
1tr425D7noUgk7bGuT2mJu,The Last Day Of Summer,The Cure,Bloodflowers,2000,2000,,new wave,new wave; post-punk; gothic rock; alternative rock; synthpop,2000-02-15,335746,False,,https://open.spotify.com/track/1tr425D7noUgk7bGuT2mJu,5HJmojoRWpw0GYiRjdLT6B,7bu3H8JO7d0UbMoVzbo70s,5,1,liked,,2023-04-11T15:53:42Z,2023-04-11T15:53:42Z,,,,
2mIrfke7vosXAEWfz6ucyo,Lovesong - Remastered,The Cure,Disintegration (Deluxe Edition),1989,1989,,new wave,new wave; post-punk; gothic rock; alternative rock; synthpop,1989-05-02,208266,False,,https://open.spotify.com/track/2mIrfke7vosXAEWfz6ucyo,0H6TddUF2M63ZSHGvhk5yy,7bu3H8JO7d0UbMoVzbo70s,4,1,liked,,2023-04-11T15:53:42Z,2023-04-11T15:53:42Z,,,,
4NnWuGQujzWUEg0uZokO5M,Just Like Heaven - Remastered 2006,The Cure,Kiss Me Kiss Me Kiss Me (Remastered 2006),1987,1987,,new wave,new wave; post-punk; gothic rock; alternative rock; synthpop,1987-05-26,212013,False,,https://open.spotify.com/track/4NnWuGQujzWUEg0uZokO5M,6qRV8jXFV1fZG0TizFOuTE,7bu3H8JO7d0UbMoVzbo70s,9,1,liked,,2023-04-11T15:53:42Z,2023-04-11T15:53:42Z,,,,
5Pmpq3bZzrjT9HuYbvMviP,From The Edge Of The Deep Green Sea,The Cure,Wish,1992,1992,,new wave,new wave; post-punk; gothic rock; alternative rock; synthpop,1992-04-20,460293,False,,https://open.spotify.com/track/5Pmpq3bZzrjT9HuYbvMviP,0aEL0zQ4XLuxQP0j7sLlS1,7bu3H8JO7d0UbMoVzbo70s,4,1,liked,,2023-04-11T15:53:42Z,2023-04-11T15:53:42Z,,,,
0yXz97c77oKlzcWxBv626R,This Twilight Garden - Instrumental Demo,The Cure,Wish (30th Anniversary Edition),1992,1992,,new wave,new wave; post-punk; gothic rock; alternative rock; synthpop,1992-04-21,207253,False,,https://open.spotify.com/track/0yXz97c77oKlzcWxBv626R,2Zj1cFOmfPfykuXLVGXhhe,7bu3H8JO7d0UbMoVzbo70s,5,2,liked,,2023-04-11T15:53:42Z,2023-04-11T15:53:42Z,,,,
0ec9kw7XdwWB2NI5Xm9oG4,Creation,The Daysleepers,Creation,2018,2018,,shoegaze,shoegaze,2018-09-07,311484,False,,https://open.spotify.com/track/0ec9kw7XdwWB2NI5Xm9oG4,7MkfRXHzsO8yK7wD9unGzS,1geEJC0mAf9bjfmYCffS9F,2,1,liked,,2023-04-11T15:53:42Z,2023-04-11T15:53:42Z,,,,
6CnHzJPif28r4CPL5feB9z,Dream Within a Dreamworld,The Daysleepers,Dream Within a Dreamworld,2014,2014,,shoegaze,shoegaze,2014-06-24,250240,False,,https://open.spotify.com/track/6CnHzJPif28r4CPL5feB9z,0WwLyyPyQ6LjWRbJOM2sc2,1geEJC0mAf9bjfmYCffS9F,1,1,liked,,2023-04-11T15:53:42Z,2023-04-11T15:53:42Z,,,,
3J0XZdc3QCKmlaVD4zQST6,"So Close, So Far Away",The Derek Trucks Band,Joyful Noise,2002,2002,,soul,soul; blues rock; jam band; jazz fusion,2002-09-03,278373,False,,https://open.spotify.com/track/3J0XZdc3QCKmlaVD4zQST6,4YT90REEx9jPQeIMgYueyq,1YwfENKEZrowcmtR1nALZn,2,1,liked,,2023-04-11T15:53:42Z,2023-04-11T15:53:42Z,,,,
5sdHQP4DHo5jm8ALqxfOdJ,"Leaving Trunk - Live ""Bootleg"" Version",The Derek Trucks Band,Live at Georgia Theatre,2004,2004,,soul,soul; blues rock; jam band; jazz fusion,2004-06-01,298733,False,,https://open.spotify.com/track/5sdHQP4DHo5jm8ALqxfOdJ,1dIfzZFRGrnQuLaN0j47VN,1YwfENKEZrowcmtR1nALZn,5,1,liked,,2023-04-11T15:53:42Z,2023-04-11T15:53:42Z,,,,
2KgPcX2NVfmnia6JOSjKyJ,Crow Jane,The Derek Trucks Band,Songlines,2006,2006,,soul,soul; blues rock; jam band; jazz fusion,2006,233773,False,,https://open.spotify.com/track/2KgPcX2NVfmnia6JOSjKyJ,0bAKGnvpKWdI3lH7Q3RCJJ,1YwfENKEZrowcmtR1nALZn,3,1,liked,,2023-04-11T15:53:42Z,2023-04-11T15:53:42Z,,,,
0uTLPKXfLuRYxzgWwEntNx,Chevrolet,The Derek Trucks Band,Songlines,2006,2006,,soul,soul; blues rock; jam band; jazz fusion,2006,144000,False,,https://open.spotify.com/track/0uTLPKXfLuRYxzgWwEntNx,0bAKGnvpKWdI3lH7Q3RCJJ,1YwfENKEZrowcmtR1nALZn,5,1,liked,,2023-04-11T15:53:42Z,2023-04-11T15:53:42Z,,,,
1wP2HgyZIfumSamIB6ng2C,Voodoo Dust,The Devil's Blood,I'll Be Your Ghost,2009,2009,,occult rock,occult rock; psychedelic rock; hard rock,2009-09-25,718333,False,,https://open.spotify.com/track/1wP2HgyZIfumSamIB6ng2C,3k4vP9whiYBKk997Hym0V8,0mZxxlVEOtRwg5I8Dl2hSj,2,1,liked,,2023-04-11T15:53:42Z,2023-04-11T15:53:42Z,,,,
6F24jVKQgwP9T5XLy4kVdr,Мockingbird,The Diasonics,Ornithology,2025,2025,,cinematic funk,cinematic funk,2025-10-03,245906,False,,https://open.spotify.com/track/6F24jVKQgwP9T5XLy4kVdr,6fkMgeylysSnbnjLN8ZQgd,1cfwYrjzUcxWHAn33VKIOd,3,1,liked,,2026-01-03T19:27:33Z,2026-01-03T19:27:33Z,,,,
0Le202Yj1zphNm3QyfN1sB,Mouth Of Ghosts,The Dillinger Escape Plan,Ire Works,2007,2007,,mathcore,mathcore; hardcore; metalcore; experimental; rock and indie,2007-11-13,409826,False,,https://open.spotify.com/track/0Le202Yj1zphNm3QyfN1sB,65ai7QRrruWGNPcVU23PgD,7IGcjaMGAtsvKBLQX26W4i,13,1,liked,,2023-04-11T15:53:42Z,2023-04-11T15:53:42Z,,,,
7bVpuxjqVfUNF4h6DOMPbW,It's Not Worth It,The Dils,Dils Dils Dils,2001,2001,,punk,punk,2001,181400,False,,https://open.spotify.com/track/7bVpuxjqVfUNF4h6DOMPbW,1wwniCegHx6h0L7YmEwUUB,207lkKoDm8dg0yMGIA56tW,5,1,liked,,2023-04-11T15:53:42Z,2023-04-11T15:53:42Z,,,,
269misVEgUzK9MhdQq41AJ,Get To You,The Discussion,All The Pretty Flowers,2025,2025,,post-punk,post-punk,2025-05-23,195440,False,,https://open.spotify.com/track/269misVEgUzK9MhdQq41AJ,3beA1JhuJXxSfm03cuPmS7,0Ybgs3BDKaZFqWkve8tqfk,1,1,liked,,2025-05-26T10:08:32Z,2025-05-26T10:08:32Z,,,,
2kHtHYMuelDvYy5YjjJPd3,Beat the Bastards,The Exploited,Beat the Bastards,1996,1996,,hardcore punk,hardcore punk; hardcore; thrash metal; punk rock; uk82,1996,261066,True,,https://open.spotify.com/track/2kHtHYMuelDvYy5YjjJPd3,1Pen2PHstCIydjaTdNkuIc,6NB4b8lltHCjOhW7vQZkAy,1,1,liked,,2023-04-11T15:53:42Z,2023-04-11T15:53:42Z,,,,
6TRjYBstMSnHIAOZSwinzx,Power Struggle - Bonus,The Exploited,The Massacre,2014,2014,,hardcore punk,hardcore punk; hardcore; thrash metal; punk rock; uk82,2014-03-14,219200,True,,https://open.spotify.com/track/6TRjYBstMSnHIAOZSwinzx,1fFWIiTvNMLMivxnNz3v5u,6NB4b8lltHCjOhW7vQZkAy,15,1,liked,,2024-09-08T07:29:00Z,2024-09-08T07:29:00Z,,,,
5LAbJp4vTyMTmYK9uk0tzW,The Dark Trail,The Fall of Troy,Manipulator,2008,2008,,progressive rock,progressive rock; mathcore; post-hardcore; emo; emo pop,2008-10-28,270880,False,,https://open.spotify.com/track/5LAbJp4vTyMTmYK9uk0tzW,4TInspTe354xywdT2aJ2bi,5fuQrhMRYMtoO9uOlFad4P,2,1,liked,,2023-04-11T15:53:42Z,2023-04-11T15:53:42Z,,,,
10rlIQ4RQIy6GeKfo0s2yy,Voland,The Flight of Sleipnir,Eventide,2021,2021,,stoner doom,stoner doom; folk metal,2021-02-12,452530,False,,https://open.spotify.com/track/10rlIQ4RQIy6GeKfo0s2yy,5AJ8mwqTsKJnKvVoSk36Mw,45p40vusZYCwMWQ5FrUXDJ,1,1,liked,,2024-08-02T05:52:32Z,2024-08-02T05:52:32Z,,,,
2wJnfcQrOK5Jquetwgfk8b,Thaw,The Flight of Sleipnir,Eventide,2021,2021,,stoner doom,stoner doom; folk metal,2021-05-28,388666,False,,https://open.spotify.com/track/2wJnfcQrOK5Jquetwgfk8b,224ycWRwdpMF0m8qN8TJWZ,45p40vusZYCwMWQ5FrUXDJ,3,1,liked,,2023-04-11T15:53:42Z,2023-04-11T15:53:42Z,,,,
7HvMfYVquwM9jywxNZwzJu,Legends,The Flight of Sleipnir,Lore,2010,2010,,stoner doom,stoner doom; folk metal,2010,444780,False,,https://open.spotify.com/track/7HvMfYVquwM9jywxNZwzJu,2Y6EYNtrATlVewkDPSKADZ,45p40vusZYCwMWQ5FrUXDJ,1,1,liked,,2023-04-11T15:53:42Z,2023-04-11T15:53:42Z,,,,
5e4cqRnXR1JoIXghTWdVQz,Of Words and Ravens,The Flight of Sleipnir,Lore,2010,2010,,stoner doom,stoner doom; folk metal,2010,309456,False,,https://open.spotify.com/track/5e4cqRnXR1JoIXghTWdVQz,2Y6EYNtrATlVewkDPSKADZ,45p40vusZYCwMWQ5FrUXDJ,2,1,liked,,2023-04-11T15:53:42Z,2023-04-11T15:53:42Z,,,,
2CgSa3bAkob3cVUm5Oxu70,The Woodsman,The Flight of Sleipnir,Nature's Cadence,2024,2024,,stoner doom,stoner doom; folk metal,2024-09-27,281000,False,,https://open.spotify.com/track/2CgSa3bAkob3cVUm5Oxu70,2cM0YlDHFQ55btCxnZMLVf,45p40vusZYCwMWQ5FrUXDJ,4,1,liked,,2024-09-28T07:15:10Z,2024-09-28T07:15:10Z,,,,
0K0Wco86N56IbOzFr2U9yc,Demise Carries with It a Song,The Flight of Sleipnir,Saga,2013,2013,,stoner doom,stoner doom; folk metal,2013-03-22,279340,False,,https://open.spotify.com/track/0K0Wco86N56IbOzFr2U9yc,6U4YKKcV7qyNZxEcx21m10,45p40vusZYCwMWQ5FrUXDJ,7,1,liked,,2024-03-30T16:51:16Z,2024-03-30T16:51:16Z,,,,
2QgcSpyeWs7l1hPIUrebv9,Remission,The Flight of Sleipnir,Saga,2013,2013,,stoner doom,stoner doom; folk metal,2013-03-22,225534,False,,https://open.spotify.com/track/2QgcSpyeWs7l1hPIUrebv9,6U4YKKcV7qyNZxEcx21m10,45p40vusZYCwMWQ5FrUXDJ,10,1,liked,,2025-02-18T18:52:25Z,2025-02-18T18:52:25Z,,,,
0b24z2yYjV75L59h2tVaWX,Sidereal Course,The Flight of Sleipnir,V,2014,2014,,stoner doom,stoner doom; folk metal,2014-12-01,491440,False,,https://open.spotify.com/track/0b24z2yYjV75L59h2tVaWX,1HrSr0AOoKQFzDkYxyrmJo,45p40vusZYCwMWQ5FrUXDJ,2,1,liked,,2026-04-15T15:47:47Z,2026-04-15T15:47:47Z,,,,
1f7OUfOvwjLoajVckYDWYH,Vingthor,The Flight of Sleipnir,Vingthor,2024,2024,,stoner doom,stoner doom; folk metal,2024-08-30,414600,False,,https://open.spotify.com/track/1f7OUfOvwjLoajVckYDWYH,51DVQlmOJqDwj1QB9nv83D,45p40vusZYCwMWQ5FrUXDJ,1,1,liked,,2024-09-02T08:43:38Z,2024-09-02T08:43:38Z,,,,
42QAqzh7AxjXvIjITwpykz,Wanderer,The Flight of Sleipnir,Wanderer,2024,2024,,stoner doom,stoner doom; folk metal,2024-07-26,410960,False,,https://open.spotify.com/track/42QAqzh7AxjXvIjITwpykz,7DAcbdP0SxmkcPitLyfA6a,45p40vusZYCwMWQ5FrUXDJ,1,1,liked,,2024-07-28T18:13:19Z,2024-07-28T18:13:19Z,,,,
3vuB9RW5Twia8XPySn3T9k,Death Don't Make Me Cry,The Flying Eyes,Done So Wrong,2011,2011,,classic rock,classic rock; doom; hard rock; heavy metal; heavy psych,2011-03-18,224238,False,,https://open.spotify.com/track/3vuB9RW5Twia8XPySn3T9k,5hhOo1Yr1qftTEvhKAZh33,5P4TApNF9FIFXslKNjkHIO,1,1,liked,,2023-04-11T15:53:42Z,2023-04-11T15:53:42Z,,,,
6xElPS9HKsjX5a7AyN2wiY,Eschaton,The Foreshadowing,Days Of Nothing,2007,2007,,gothic metal,gothic metal; gothic doom metal; doom metal,2007-10-22,404040,False,,https://open.spotify.com/track/6xElPS9HKsjX5a7AyN2wiY,2DmY39E2FQe4hdzIDLlgF2,6E1AERKe6DMmO8bl35xkUF,5,1,liked,,2025-08-06T08:11:58Z,2025-08-06T08:11:58Z,,,,
5wuMgzTz4CEypdWabWjkLp,Nissim,The Gaslamp Killer; Amir Yaghmai,Breakthrough,2012,2012,,electronic,electronic; experimental; hip hop; funk; psychedelic,2012-09-18,271822,False,,https://open.spotify.com/track/5wuMgzTz4CEypdWabWjkLp,0C6Axf37EzoQtUFEldhc6n,5dVua2HdrY1VlbPh6OM9KZ; 14us1FW9Y4HvqtT6lhiNIG,14,1,liked,,2023-04-11T15:53:42Z,2023-04-11T15:53:42Z,,,,
5nM4ibNE8w3r2QG4BKTftF,Stonegarden,The Gathering,Always...,1992,1992,,doom metal,doom metal; progressive metal; progressive rock; gothic metal; death metal,1992-06-01,298000,False,,https://open.spotify.com/track/5nM4ibNE8w3r2QG4BKTftF,4AJytdlTjRpeP4ShUZysDZ,2kO6zjt4a1OIqxOERhliEX,6,1,liked,,2023-04-11T15:53:42Z,2023-04-11T15:53:42Z,,,,
1cSWc2kX4z39L5uFdGcjFP,My Electricity,The Gathering,How to Measure a Planet? (Deluxe Edition),1999,1999,,doom metal,doom metal; progressive metal; progressive rock; gothic metal; death metal,1999-07-13,212306,False,,https://open.spotify.com/track/1cSWc2kX4z39L5uFdGcjFP,3G5iCTzNK5vziwaYcx7jQV,2kO6zjt4a1OIqxOERhliEX,4,1,liked,,2023-04-11T15:53:42Z,2023-04-11T15:53:42Z,,,,
5eJ0DG8hnSZkSixPVQvNDl,Saturnine,The Gathering,If_then_else,2000,2000,,doom metal,doom metal; progressive metal; progressive rock; gothic metal; death metal,2000-07-13,311640,False,,https://open.spotify.com/track/5eJ0DG8hnSZkSixPVQvNDl,6ldSMLVCxIzdVXuLspsDJo,2kO6zjt4a1OIqxOERhliEX,9,1,liked,,2023-04-11T15:53:42Z,2023-04-11T15:53:42Z,,,,
15rBCpBpORE8cO1nISYw1E,Eleanor,The Gathering,Mandylion,1995,1995,,doom metal,doom metal; progressive metal; progressive rock; gothic metal; death metal,1995,401840,False,,https://open.spotify.com/track/15rBCpBpORE8cO1nISYw1E,1cj2JuqUGbFVOja7XOVV4O,2kO6zjt4a1OIqxOERhliEX,2,1,liked,,2024-06-16T11:45:46Z,2024-06-16T11:45:46Z,,,,
0qiy8BY3Kptp0QFsZacb61,Leaves,The Gathering,Mandylion,1995,1995,,doom metal,doom metal; progressive metal; progressive rock; gothic metal; death metal,1995,361173,False,,https://open.spotify.com/track/0qiy8BY3Kptp0QFsZacb61,1cj2JuqUGbFVOja7XOVV4O,2kO6zjt4a1OIqxOERhliEX,4,1,liked,,2023-04-11T15:53:42Z,2023-04-11T15:53:42Z,,,,
7l7DK5gDLcqC3VerQr4JGp,Sand and Mercury,The Gathering,Mandylion,1995,1995,,doom metal,doom metal; progressive metal; progressive rock; gothic metal; death metal,1995,597666,False,,https://open.spotify.com/track/7l7DK5gDLcqC3VerQr4JGp,1cj2JuqUGbFVOja7XOVV4O,2kO6zjt4a1OIqxOERhliEX,7,1,liked,,2025-04-28T08:27:34Z,2025-04-28T08:27:34Z,,,,
03lSbSus2mv2dSxlH8LPxQ,On Most Surfaces - Remastered,The Gathering,Nighttime Birds (Re-issue 2007 incl. Bonus tracks),2007,2007,,doom metal,doom metal; progressive metal; progressive rock; gothic metal; death metal,2007-07-13,414933,False,,https://open.spotify.com/track/03lSbSus2mv2dSxlH8LPxQ,08A82v7ZeYyNzrH96NGfzU,2kO6zjt4a1OIqxOERhliEX,1,1,liked,,2023-04-11T15:53:42Z,2023-04-11T15:53:42Z,,,,
6nxkd5tEhmvajtSFlTP0Lu,Hell and Back,The Great Machine,Funrider,2023,2023,,desert rock,desert rock; doom; indie rock; psychedelic rock; stoner rock,2023-04-28,186880,False,,https://open.spotify.com/track/6nxkd5tEhmvajtSFlTP0Lu,7HsNot6ZDWNgz3Cs0UCF4R,0zZv5nvthJmb0LbCEKXEse,2,1,liked,,2025-12-20T11:38:42Z,2025-12-20T11:38:42Z,,,,
4sLWuYCHBEooHf5FpPUkyw,Dauntless to the End,The Great Wight Dread; LudoWic,Dauntless to the End,2022,2022,,electronic,electronic; soundtrack,2022-06-10,187238,False,,https://open.spotify.com/track/4sLWuYCHBEooHf5FpPUkyw,0dMHuVVp1QsmCeuHXmhW0A,2BOuBgErBzSn6oCTtYOioG; 4iH5e8eV3hGNCzhFwr1cND,1,1,liked,,2024-07-26T17:59:53Z,2024-07-26T17:59:53Z,,,,
4lcHZowzvBie7ljnWCLIBs,"Rich Man, Poor Man - 2003 Remastered Version",The Groundhogs,Thank Christ For The Bomb,1970,1970,,hard rock,hard rock; blues rock; british blues; heavy psych; classic pop and rock,1970,207000,False,,https://open.spotify.com/track/4lcHZowzvBie7ljnWCLIBs,5su5yHTN1f4O6IGHxhXarw,0c3RL3vVEgfxD6VBv7CGak,8,1,liked,,2023-04-11T15:53:42Z,2023-04-11T15:53:42Z,,,,
6rqTXRoXY6mMdw3X5u303O,Status People - 2003 Remastered Version,The Groundhogs,Thank Christ for the Bomb (50th Anniversary Edition),1970,1970,,hard rock,hard rock; blues rock; british blues; heavy psych; classic pop and rock,1970-01-01,214173,False,,https://open.spotify.com/track/6rqTXRoXY6mMdw3X5u303O,0YnFiCAP5cvIJe6dEQPfzo,0c3RL3vVEgfxD6VBv7CGak,7,1,liked,,2023-04-11T15:53:42Z,2023-04-11T15:53:42Z,,,,
0RXbyz2TzG6CAtKiatwJhw,Strong Belief,The Jelly Jam,Profit,2016,2016,,progressive rock,progressive rock; heavy metal; hard rock; psychedelic rock; progressive metal,2016-05-27,212840,False,,https://open.spotify.com/track/0RXbyz2TzG6CAtKiatwJhw,0HzbkfnbyfpuFGJihzEH20,6J0fSOjMF8fnWGC9eNu4lD,12,1,liked,,2025-04-29T13:12:49Z,2025-04-29T13:12:49Z,,,,
2sBdzx1a6KVDcmHreBvti3,Embers,The Kilimanjaro Darkjazz Ensemble,Here Be Dragons,2016,2016,,avant-garde,avant-garde; experimental electronic; dark ambient; dark jazz; doom jazz,2016-03-31,264500,False,,https://open.spotify.com/track/2sBdzx1a6KVDcmHreBvti3,0gifF5J9tLgo2fpl5F6TQP,1it6OQb9fceS1M3gfd6erX,3,1,liked,,2023-04-11T15:53:42Z,2023-04-11T15:53:42Z,,,,
050LxWLq5vy94W4xYYFRwI,The Dark Conquest,The Kovenant,In Times Before the Light (1995 Version),2007,2007,,industrial metal,industrial metal; black metal; symphonic black metal,2007-01-26,416066,False,,https://open.spotify.com/track/050LxWLq5vy94W4xYYFRwI,1jqufxxsFLcYFPzo3rrviX,31VNYr7yK0xBD6MfIaucLJ,3,1,liked,,2023-04-11T15:53:42Z,2023-04-11T15:53:42Z,,,,
35Li8N4OLFLOc9DN0UpFLq,Hollow Earth,The Kovenant,Seti,2003,2003,,industrial metal,industrial metal; black metal; symphonic black metal,2003-03-31,343786,False,,https://open.spotify.com/track/35Li8N4OLFLOc9DN0UpFLq,3DziIKEIxn23g3CdBB7c5N,31VNYr7yK0xBD6MfIaucLJ,11,1,liked,,2023-04-11T15:53:42Z,2023-04-11T15:53:42Z,,,,
154MeIVmXzFWQv2b5D7heI,Knife World,The Lord Weird Slough Feg,TRAVELLER SUPPLEMENT I: The Ephemeral Glades,2025,2025,,heavy metal,heavy metal,2025-04-11,305664,True,,https://open.spotify.com/track/154MeIVmXzFWQv2b5D7heI,5UF79tWmotOQw7tTWaIyrm,0VV7GNAJSRtAvWULgtRXCn,1,1,liked,,2025-04-28T08:38:53Z,2025-04-28T08:38:53Z,,,,
2mh8XKjWABkOgI2h87O4C1,Darkness,The Lovecraft Sextet,Darkness,2022,2022,,dark jazz,dark jazz; trip hop,2022-03-04,360000,False,,https://open.spotify.com/track/2mh8XKjWABkOgI2h87O4C1,63Hi6oRP9YPrpu5B3Hw2df,5PWkHsfVcDlJYKcemWvmVs,1,1,liked,,2023-04-11T15:53:42Z,2023-04-11T15:53:42Z,,,,
310CmUstbdDdogxSO340qU,Eriatarka,The Mars Volta,Deloused in the Comatorium,2003,2003,,progressive rock,progressive rock; art rock; hard rock; neo-psychedelia; post-hardcore,2003-01-01,380466,False,,https://open.spotify.com/track/310CmUstbdDdogxSO340qU,0CA2EVHhRPR5VPV78KZw89,75U40yZLLPglFgXbDVnmVs,6,1,liked,,2023-04-11T15:53:42Z,2023-04-11T15:53:42Z,,,,
5meJWQuHyHDsOjWF8AtSDe,The Widow,The Mars Volta,Frances the Mute,2005,2005,,progressive rock,progressive rock; art rock; hard rock; neo-psychedelia; post-hardcore,2005-02-10,350880,False,,https://open.spotify.com/track/5meJWQuHyHDsOjWF8AtSDe,30iqYID1JMBXLVFfErwTSd,75U40yZLLPglFgXbDVnmVs,2,1,liked,,2023-04-11T15:53:42Z,2023-04-11T15:53:42Z,,,,
5DbjH6eXl5iSuBMj0IUWvP,Warflower,The Mayan Factor,In Lake' Ch,2003,2003,,alternative rock,alternative rock; progressive rock,2003-08-19,391973,False,,https://open.spotify.com/track/5DbjH6eXl5iSuBMj0IUWvP,7eZdFBwCVAPx7hoJc1nIAO,69cHSFHNt4iAVBdD7wrwFb,1,1,liked,,2023-04-11T15:53:42Z,2023-04-11T15:53:42Z,,,,
6HJAS8XZO0ctUcN2KsbLRa,Oh No,The Mothers Of Invention,Weasels Ripped My Flesh,1970,1970,,experimental rock,experimental rock; psychedelic rock; comedy rock; progressive rock; avant-prog,1970-08-10,105586,False,,https://open.spotify.com/track/6HJAS8XZO0ctUcN2KsbLRa,7zINPoNwb8ArQgUbq0wlUw,3P2gYnypDVi90ZavnaAhfL,9,1,liked,,2023-04-11T15:53:42Z,2023-04-11T15:53:42Z,,,,
3A3LvNvjmUyzGETCBtKHci,What If?,The Murlocs,Manic Candid Episode,2019,2019,,blues rock,blues rock; garage rock,2019-03-22,224293,False,,https://open.spotify.com/track/3A3LvNvjmUyzGETCBtKHci,6diZIiSJTQZCBUxKcA8IVM,0rH93aHDYyJfMAcPB9OKus,10,1,liked,,2023-04-11T15:53:42Z,2023-04-11T15:53:42Z,,,,
7htySDAT80zxQbUfZKSXHB,Tea House Music,The Myrrors,Hasta La Victoria,2017,2017,,psychedelic rock,psychedelic rock; psychedelic folk; jam band,2017-06-30,391316,False,,https://open.spotify.com/track/7htySDAT80zxQbUfZKSXHB,4YD9sFWpNvg4TdWw6qCurB,17KeYbJm9guvfwnAw7TcH2,3,1,liked,,2023-04-11T15:53:42Z,2023-04-11T15:53:42Z,,,,
4idxmZmryXJ5UdViilvqIi,Atlantic - Instrumental,The Ocean,Holocene Instrumental,2023,2023,,progressive metal,progressive metal; post-metal; sludge metal; post-rock; atmospheric sludge metal,2023-06-16,529653,False,,https://open.spotify.com/track/4idxmZmryXJ5UdViilvqIi,1nYAZv2gfPvDbIfar7SjR3,6fuALtryzj4cq7vkglKLxq,4,1,liked,,2023-07-20T08:57:06Z,2023-07-20T08:57:06Z,,,,
5aQwquM8wHf0X7OktRg69P,Subatlantic,The Ocean,Subatlantic,2023,2023,,progressive metal,progressive metal; post-metal; sludge metal; post-rock; atmospheric sludge metal,2023-04-19,415666,False,,https://open.spotify.com/track/5aQwquM8wHf0X7OktRg69P,5EeaoNCpy5e8lI6NbV6h21,6fuALtryzj4cq7vkglKLxq,1,1,liked,,2023-05-07T11:50:13Z,2023-05-07T11:50:13Z,,,,
1FkoVC85Ds3mFoK0fVqEqP,Self Esteem,The Offspring,Smash,1994,1994,,punk rock,punk rock; pop punk; skate punk; ska punk; melodic hardcore,1994-04-08,257826,False,,https://open.spotify.com/track/1FkoVC85Ds3mFoK0fVqEqP,7IDywTRaCI8qzS3X8tNU3x,5LfGQac0EIXyAN8aUwmNAQ,8,1,liked,,2023-04-11T15:53:42Z,2023-04-11T15:53:42Z,,,,
7f6X24iGJVhheLX4erJTA3,Magic Potion - Bonus,The Open Mind,The Open Mind,2006,2006,,psychedelic rock,psychedelic rock; acid rock,2006,204373,False,,https://open.spotify.com/track/7f6X24iGJVhheLX4erJTA3,16S5WFtiVJcXqROnh2qqNY,2dvvGdLX5oPd1Dx7T6cNFC,13,1,liked,,2023-04-11T15:53:42Z,2023-04-11T15:53:42Z,,,,
27x9lRMGIVuOzAFXShl24T,Peace of Mind,The Pilgrim,Walking into the Forest,2019,2019,,folk rock,folk rock; psychedelic rock; space rock; heavy psych,2019-04-26,240517,False,,https://open.spotify.com/track/27x9lRMGIVuOzAFXShl24T,0AnMy4c7CM1DP6NFTQxhaH,2WnmyZFTWKPtt5HZ8frDdq,1,1,liked,,2023-04-11T15:53:42Z,2023-04-11T15:53:42Z,,,,
1mKM5oag6M4FXXBQeWXpXn,Now I Wanna,The Quakes,New Generation,1993,1993,,psychobilly,psychobilly; rockabilly,1993-06-01,196053,False,,https://open.spotify.com/track/1mKM5oag6M4FXXBQeWXpXn,4o4qyNHeSYjVaDh2Q5cPSX,73YQu58A790PDacC6O64xN,12,1,liked; playlist,DJ Blackheart,2023-04-11T15:53:42Z,2025-07-20T16:51:54Z,,,,
4qDjT45oA06CjMiq3NCGjQ,Beer & Cigarettes,The Quakes,Psyops,2005,2005,,psychobilly,psychobilly; rockabilly,2005-12-01,102186,False,,https://open.spotify.com/track/4qDjT45oA06CjMiq3NCGjQ,6I3cjRXvEC023VaOjh4jzv,73YQu58A790PDacC6O64xN,6,1,liked,,2023-06-25T10:24:05Z,2023-06-25T10:24:05Z,,,,
61fbb6uyMBn01ZeQEVTL0Q,Send Me an Angel,The Quakes,Psyops,2005,2005,,psychobilly,psychobilly; rockabilly,2005-12-01,213240,False,,https://open.spotify.com/track/61fbb6uyMBn01ZeQEVTL0Q,6I3cjRXvEC023VaOjh4jzv,73YQu58A790PDacC6O64xN,10,1,liked,,2023-11-18T18:41:38Z,2023-11-18T18:41:38Z,,,,
5F8lnoxdQBqTpBmzYc1zBh,I Miss You,The Quakes,Psyops,2005,2005,,psychobilly,psychobilly; rockabilly,2005-12-01,293826,False,,https://open.spotify.com/track/5F8lnoxdQBqTpBmzYc1zBh,6I3cjRXvEC023VaOjh4jzv,73YQu58A790PDacC6O64xN,13,1,liked,,2023-04-11T15:53:42Z,2023-04-11T15:53:42Z,,,,
6DruJxy5wyoUWs8I4z7fUY,Dinosaur in Leather Pants,The Quakes,Quiff Rock,1996,1996,,psychobilly,psychobilly; rockabilly,1996-03-10,172000,True,,https://open.spotify.com/track/6DruJxy5wyoUWs8I4z7fUY,2fMSKDwPb4o09srvDHU3Aw,73YQu58A790PDacC6O64xN,11,1,liked,,2023-04-11T15:53:42Z,2023-04-11T15:53:42Z,,,,
0fbmSuKDTvTRpXkiMVaQC2,Die in This Town,The Quakes,Quiff Rock,1996,1996,,psychobilly,psychobilly; rockabilly,1996-03-10,135533,False,,https://open.spotify.com/track/0fbmSuKDTvTRpXkiMVaQC2,2fMSKDwPb4o09srvDHU3Aw,73YQu58A790PDacC6O64xN,13,1,liked,,2023-04-11T15:53:42Z,2023-04-11T15:53:42Z,,,,
3xk4cCmCdzYuiYB9oBsOao,Stick to your guns,The Quakes,Voice of America,1992,1992,,psychobilly,psychobilly; rockabilly,1992-01-01,253066,False,,https://open.spotify.com/track/3xk4cCmCdzYuiYB9oBsOao,09j8YYrutMSBDAGoXZo7Ac,73YQu58A790PDacC6O64xN,7,1,liked,,2023-04-11T15:53:42Z,2023-04-11T15:53:42Z,,,,
5AA5kVnvTJP6WYLRZcHcag,Far away,The Quakes,Voice of America,1992,1992,,psychobilly,psychobilly; rockabilly,1992-01-01,200293,False,,https://open.spotify.com/track/5AA5kVnvTJP6WYLRZcHcag,09j8YYrutMSBDAGoXZo7Ac,73YQu58A790PDacC6O64xN,9,1,liked,,2023-07-25T11:18:57Z,2023-07-25T11:18:57Z,,,,
6Go2qSMfbwhHG2z1PJDIwr,What will they say about me?,The Quakes,Voice of America,1992,1992,,psychobilly,psychobilly; rockabilly,1992-01-01,243866,False,,https://open.spotify.com/track/6Go2qSMfbwhHG2z1PJDIwr,09j8YYrutMSBDAGoXZo7Ac,73YQu58A790PDacC6O64xN,10,1,liked; playlist,YOU DIRTY PUNK,2023-07-25T11:22:28Z,2025-07-25T20:24:27Z,,,,
1zjeD7eWBE5yDAWDwfbFei,Shades Of Gemini,The Quiet Temple,The Quiet Temple,2019,2019,,jazz,jazz,2019-07-19,580066,False,,https://open.spotify.com/track/1zjeD7eWBE5yDAWDwfbFei,4qbMIZGg2svSqLxniZdikf,5ogiFKGilpz27i704UnGlW,3,1,liked,,2023-04-11T15:53:42Z,2023-04-11T15:53:42Z,,,,
0hL3Yg54S7C4lVjzQQeDGg,Don't Look Back,The Remains,The Remains,1966,1966,,garage rock,garage rock,1966,158173,False,,https://open.spotify.com/track/0hL3Yg54S7C4lVjzQQeDGg,4NngXhLNs7VUJ5mAr2nus7,0q27BsP1o3MkfCQwZj8yPC,3,1,liked,,2023-04-11T15:53:42Z,2023-04-11T15:53:42Z,,,,
63T7DJ1AFDD6Bn8VzG6JE8,"Paint It, Black",The Rolling Stones,Aftermath,1966,1966,,blues rock,blues rock; classic rock; psychedelic rock; british rhythm & blues; pop rock,1966-04-15,202266,False,,https://open.spotify.com/track/63T7DJ1AFDD6Bn8VzG6JE8,72qrnM4yUNMDDlWiqKc8iY,22bE4uQ6baNwSHPVcDxLCe,1,1,liked,,2023-04-11T15:53:42Z,2023-04-11T15:53:42Z,,,,
2XKyW9Rc7Dx0lUUiUZU6vk,Alpha Fluids,The Ruins Of Beverast,Alpha Fluids,2025,2025,,atmospheric black metal,atmospheric black metal; black metal; doom metal,2025-12-12,435069,False,,https://open.spotify.com/track/2XKyW9Rc7Dx0lUUiUZU6vk,2uZukea3Hysu0r79pbGfwP,1RtWv2DQzIGsnjHPXBRaR5,1,1,liked,,2026-01-14T11:56:30Z,2026-01-14T11:56:30Z,,,,
7tFnBuXULVNkmvdVs2JRIN,Until the Dark,The Sins Of Thy Beloved,Lake of Sorrow,1998,1998,,gothic metal,gothic metal; doom metal; death doom metal; death-doom metal; death metal,1998,399440,False,,https://open.spotify.com/track/7tFnBuXULVNkmvdVs2JRIN,4j6YOlgp8gPbg7eZuTGq1D,0eFg9cfr8pPciNtqP5s14S,5,1,liked,,2024-02-12T11:58:51Z,2024-02-12T11:58:51Z,,,,
4XB9mPk0wcrWHRJSypO79z,Skrting On The Surface,The Smile,Skrting On The Surface,2022,2022,,art rock,art rock; alternative rock; post-punk; post-rock; psychedelic folk,2022-03-17,331914,False,,https://open.spotify.com/track/4XB9mPk0wcrWHRJSypO79z,661LADBYIAySiUdlMpjZvT,6styCzc1Ej4NxISL0LiigM,1,1,liked,,2023-04-11T15:53:42Z,2023-04-11T15:53:42Z,,,,
1YrnDTqvcnUKxAIeXyaEmU,How Soon Is Now? - 2011 Remaster,The Smiths,Hatful of Hollow,1984,1984,,jangle pop,jangle pop; indie rock; indie pop; post-punk; alternative rock,1984,408173,False,,https://open.spotify.com/track/1YrnDTqvcnUKxAIeXyaEmU,1j57Q5ntVi7crpibb0h4sv,3yY2gUcIsjMr8hjo51PoJ8,5,1,liked,,2023-04-11T15:53:42Z,2023-04-11T15:53:42Z,,,,
6JvEXmRh3l2acBzvqavgT9,Love Spreads,The Stone Roses,Second Coming,1994,1994,,alternative rock,alternative rock; indie rock; neo-psychedelia; jangle pop; alternative dance,1994-12-05,347093,False,,https://open.spotify.com/track/6JvEXmRh3l2acBzvqavgT9,3DE7aixVSE6DZ6ALYIztT0,1lYT0A0LV5DUfxr6doRP3d,12,1,liked,,2023-04-11T15:53:42Z,2023-04-11T15:53:42Z,,,,
31Jt4DtTlc4soJs1dSIpjH,"Has It Come to This? - One Live in Nottingham, 31-10-02",The Streets,"One Live in Nottingham, 31-10-02",2019,2019,,hip hop,hip hop; uk garage; rap; hip hop rnb and dance hall; uk hip hop,2019-01-04,206485,True,,https://open.spotify.com/track/31Jt4DtTlc4soJs1dSIpjH,2WZRqG5VMR8WFBj2XoqX0d,4GvOygVQquMaPm8oAc0vXi,2,1,liked,,2023-04-11T15:53:42Z,2023-04-11T15:53:42Z,,,,
5bxSdCUGKv0846pM4dlGgx,"Same Old Thing - One Live in Nottingham, 31-10-02",The Streets,"One Live in Nottingham, 31-10-02",2019,2019,,hip hop,hip hop; uk garage; rap; hip hop rnb and dance hall; uk hip hop,2019-01-04,225635,True,,https://open.spotify.com/track/5bxSdCUGKv0846pM4dlGgx,2WZRqG5VMR8WFBj2XoqX0d,4GvOygVQquMaPm8oAc0vXi,3,1,liked,,2023-04-11T15:53:42Z,2023-04-11T15:53:42Z,,,,
4FWC84DQU9Y07aPdiBwTy3,Freya,The Sword,Age of Winters,2006,2006,,doom metal,doom metal; stoner rock; stoner metal; heavy metal; alternative metal,2006,274400,False,,https://open.spotify.com/track/4FWC84DQU9Y07aPdiBwTy3,7khpp22Tu504KBWWEKNB6O,0q32a3GRCjDxS4EIrC7YVY,3,1,liked,,2024-04-08T15:57:57Z,2024-04-08T15:57:57Z,,,,
34BVQ54vdjLD1vl5Xq3CAv,Good Morning Beautiful,The The,Mind Bomb,1989,1989,,alternative rock,alternative rock; post-punk; new wave; classic pop and rock; art pop,1989-06-27,448066,False,,https://open.spotify.com/track/34BVQ54vdjLD1vl5Xq3CAv,2lYdptaE3SO5tZmyaFR3Os,7cKtqv9cYVlOwnuCFH95ce,1,1,liked,,2023-04-11T15:53:42Z,2023-04-11T15:53:42Z,,,,
2VaThcA7ZgbSfXH0Y6Qsm6,Flicking Pages,The Timewriter,Soulstickers - Extended Edition,2007,2007,,tech house,tech house; deep house,2007-05-27,409360,False,,https://open.spotify.com/track/2VaThcA7ZgbSfXH0Y6Qsm6,2lWpljU22GdVc6wKM3Ylk9,4aBd3jIK7ZGYMzV8CkL6rr,6,1,liked,,2023-04-11T15:53:42Z,2023-04-11T15:53:42Z,,,,
2UZmLLDkwZIyiWA4na5nJK,Atmospheric Friction,The Vast Expanse,Atmospheric Friction,2024,2024,,electronic,electronic; ambient; new age,2024-05-06,383369,False,,https://open.spotify.com/track/2UZmLLDkwZIyiWA4na5nJK,4Q3WtlYRgQnYxdWQGs6A32,3bGHCaShgK6a99fWg8qnd5,1,1,liked,,2024-08-05T12:31:55Z,2024-08-05T12:31:55Z,,,,
0Vm31pjNYnFZ1hGnpApDcj,"Caravan - Live In Japan, 1965 / Remastered 2004 / Stereo",The Ventures,"Ventures In Japan (Live In Japan, 1965)",1965,1965,,surf rock,surf rock; pop rock; swamp rock; rock & roll,1965-01-01,468333,False,,https://open.spotify.com/track/0Vm31pjNYnFZ1hGnpApDcj,12RvT9F7xjizJgCynKgDO9,2GaayiIs1kcyNqRXQuzp35,10,1,liked,,2024-12-12T07:40:06Z,2024-12-12T07:40:06Z,,,,
1kWMqj68Dm5VHE3PXY7qJv,Red Army Blues - 2002 Remaster,The Waterboys,A Pagan Place,1984,1984,,folk rock,folk rock; pop rock; celtic rock; celtic; classic pop and rock,1984-01-01,483733,False,,https://open.spotify.com/track/1kWMqj68Dm5VHE3PXY7qJv,2ORArXMQSBYaF17QzkEvrl,5TnuP42pw475UrjjeabtwZ,8,1,liked,,2023-04-11T15:53:42Z,2023-04-11T15:53:42Z,,,,
7Dr3TrGTjiG284ZDnDxal4,Beast,The Wounded Kings,Visions In Bone,2016,2016,,doom metal,doom metal,2016-08-26,823294,False,,https://open.spotify.com/track/7Dr3TrGTjiG284ZDnDxal4,2ugANva6A9FELWKzgUetoT,5HPEhRgELDqkUmXFIajIAS,1,1,liked,,2024-10-30T11:59:12Z,2024-10-30T11:59:12Z,,,,
2qURNRJHKUjc9aT398g0pf,Venus,Theatre Of Tragedy,Aégis,1998,1998,,gothic metal,gothic metal; doom metal,1998-01-01,333000,False,,https://open.spotify.com/track/2qURNRJHKUjc9aT398g0pf,2nPrqxgMHaDfqW7VjuQYGE,31eXqCx5cAlItdGdoHMEOu,6,1,liked,,2024-08-12T08:03:09Z,2024-08-12T08:03:09Z,,,,
357ytB9hAQdmDhi19wtcW9,...A Distance There Is...,Theatre Of Tragedy,Theatre of Tragedy,1995,1995,,gothic metal,gothic metal; doom metal,1995-01-01,531200,False,,https://open.spotify.com/track/357ytB9hAQdmDhi19wtcW9,6fx8tvIqo3tLKPYY7nG5S3,31eXqCx5cAlItdGdoHMEOu,5,1,liked,,2023-04-11T15:53:42Z,2023-04-11T15:53:42Z,,,,
0nOtMSnU56DdwPUOuQMGsP,Enrique El Cobrador,Thee Oh Sees,Smote Reverser,2018,2018,,psychedelic rock,psychedelic rock; garage rock; progressive rock; krautrock; indie rock,2018-08-17,233400,False,,https://open.spotify.com/track/0nOtMSnU56DdwPUOuQMGsP,2C3Ra3VEttQOdzf4oYFTbn,3qYfqdVwX0fil71onLpLkh,2,1,liked,,2023-04-11T15:53:42Z,2023-04-11T15:53:42Z,,,,
5hvGy4NDirsImUpop4Gg3c,Clouds Without Water,Thelemite,Powers Of Darkness,2025,2025,,heavy metal,heavy metal,2025-05-09,279553,False,,https://open.spotify.com/track/5hvGy4NDirsImUpop4Gg3c,6C6arMEzzf0IaAbIoa47mF,2RrZCrtac06cyu3ji9Frub,9,1,liked,,2025-05-26T07:17:06Z,2025-05-26T07:17:06Z,,,,
6juVNRqR6ljw6QVnV8lCs7,Final Light,Thenighttimeproject,Pale Season,2019,2019,,alternative rock,alternative rock; progressive rock; metal,2019-06-28,453126,False,,https://open.spotify.com/track/6juVNRqR6ljw6QVnV8lCs7,0DA0QSW99WUs4gn8IJAjsS,0aAdGksOiUpIlBw6PECFjg,4,1,liked,,2025-08-13T12:42:13Z,2025-08-13T12:42:13Z,,,,
1nkKAfNfirdm8PJoziYCDz,Apparitions,Thief,"Bleed, Memory",2024,2024,,progressive rock,progressive rock; crossover prog; stadium rock,2024-04-19,202031,False,,https://open.spotify.com/track/1nkKAfNfirdm8PJoziYCDz,07FBbtb58StE1Jirb9ZaiW,4fNrJgOft931IHhayBWZoo,1,1,liked,,2024-06-21T08:28:58Z,2024-06-21T08:28:58Z,,,,
2HG2X7OlaNW25C8Ii1qovT,"Bleed, Memory",Thief,"Bleed, Memory",2024,2024,,progressive rock,progressive rock; crossover prog; stadium rock,2024-04-19,252442,False,,https://open.spotify.com/track/2HG2X7OlaNW25C8Ii1qovT,07FBbtb58StE1Jirb9ZaiW,4fNrJgOft931IHhayBWZoo,7,1,liked,,2024-07-07T09:16:17Z,2024-07-07T09:16:17Z,,,,
66XWinWnoslCPC1q5Xb8Kg,Jam AKA Give It Up - With Vocal,Thin Lizzy,1976,2024,2024,,hard rock,hard rock; heavy metal; blues rock; classic rock; soft rock,2024-09-27,195426,False,,https://open.spotify.com/track/66XWinWnoslCPC1q5Xb8Kg,2RQnNsIRd60QW3PHdzlI5d,6biWAmrHyiMkX49LkycGqQ,13,4,liked,,2024-10-14T08:06:48Z,2024-10-14T08:06:48Z,,,,
7ChneMmokAVhsnOsCk4Q3a,Opium Trail,Thin Lizzy,Bad Reputation (Expanded Edition),1977,1977,,hard rock,hard rock; heavy metal; blues rock; classic rock; soft rock,1977,235013,False,,https://open.spotify.com/track/7ChneMmokAVhsnOsCk4Q3a,0DHKadXfnYCAXp28F3HI8U,6biWAmrHyiMkX49LkycGqQ,3,1,liked,,2023-04-11T15:53:42Z,2023-04-11T15:53:42Z,,,,
3x2FHjYOjFIjrfi6dYgs2G,Fools Gold,Thin Lizzy,Johnny The Fox,1976,1976,,hard rock,hard rock; heavy metal; blues rock; classic rock; soft rock,1976-01-01,231106,False,,https://open.spotify.com/track/3x2FHjYOjFIjrfi6dYgs2G,4mxKyD8U3gtuLha0YdQbpD,6biWAmrHyiMkX49LkycGqQ,5,1,liked,,2023-04-11T15:53:42Z,2023-04-11T15:53:42Z,,,,
1ZN7OEckWRCFlKIpDHceXE,Johnny The Fox Meets Jimmy The Weed,Thin Lizzy,Johnny The Fox,1976,1976,,hard rock,hard rock; heavy metal; blues rock; classic rock; soft rock,1976-01-01,222333,False,,https://open.spotify.com/track/1ZN7OEckWRCFlKIpDHceXE,4mxKyD8U3gtuLha0YdQbpD,6biWAmrHyiMkX49LkycGqQ,6,1,liked,,2023-04-11T15:53:42Z,2023-04-11T15:53:42Z,,,,
5jT6RWAc4VgdZSehForGOb,Slow Blues - Radio One In Concert,Thin Lizzy,Little Girl In Bloom,2023,2023,,hard rock,hard rock; heavy metal; blues rock; classic rock; soft rock,2023-11-01,487586,False,,https://open.spotify.com/track/5jT6RWAc4VgdZSehForGOb,0oaXFyytYuHZL2ac5bPXHV,6biWAmrHyiMkX49LkycGqQ,2,1,liked,,2023-11-05T16:02:50Z,2023-11-05T16:02:50Z,,,,
2jPqgQCgKUvGznFnDXWH9Y,Massacre - Live,Thin Lizzy,Still Dangerous (Live at the Tower Theatre Philadelphia 1977),2009,2009,,hard rock,hard rock; heavy metal; blues rock; classic rock; soft rock,2009,182226,False,,https://open.spotify.com/track/2jPqgQCgKUvGznFnDXWH9Y,5PIzTdzhO3HqDL8xT4WPMw,6biWAmrHyiMkX49LkycGqQ,6,1,liked,,2023-04-11T15:53:42Z,2023-04-11T15:53:42Z,,,,
51LevkbnOCaBdzEmsoUkQG,Here I Go Again - Acoustic Version / 2023 Master,Thin Lizzy,The Acoustic EP,2024,2024,,hard rock,hard rock; heavy metal; blues rock; classic rock; soft rock,2024-04-05,357973,False,,https://open.spotify.com/track/51LevkbnOCaBdzEmsoUkQG,1wubT6ivke5DobG0Zh62NQ,6biWAmrHyiMkX49LkycGqQ,4,1,liked,,2024-04-05T07:55:32Z,2024-04-05T07:55:32Z,,,,
16Wr4dUpjdpCRqIljtkBNF,Anything - 2008 Remaster,Third Eye Blind,Blue,1999,1999,,alternative rock,alternative rock; power pop; pop rock; post-grunge; pop punk,1999,120093,False,,https://open.spotify.com/track/16Wr4dUpjdpCRqIljtkBNF,7z6LqzGLGd6tnWvsH9iojB,6TcnmlCSxihzWOQJ8k0rNS,1,1,liked,,2023-04-11T15:53:42Z,2023-04-11T15:53:42Z,,,,
6waIsjM81PzX4jIvL9PmfE,causing harm,This Death,causing harm,2024,2024,,power electronics,power electronics; electronic; noise; harsh noise; death industrial,2024-04-09,238255,False,,https://open.spotify.com/track/6waIsjM81PzX4jIvL9PmfE,0DdJ0EXQ1GORgQl35a6Rwf,07ytOC5F96QJvI2THcuK5G,1,1,liked,,2024-09-25T05:53:20Z,2024-09-25T05:53:20Z,,,,
4rBh3a1wN7v9v6huHYPOYa,Useless,This Empty Flow,Magenta Skycode,1996,1996,,atmospheric rock,atmospheric rock; dream pop; gothic rock,1996-03-15,531760,False,,https://open.spotify.com/track/4rBh3a1wN7v9v6huHYPOYa,2cKVtzTcbGLQBc2R4DQNKj,3a98hlMXj20dQrrTYcCW4n,2,1,liked,,2026-02-06T12:54:17Z,2026-02-06T12:54:17Z,,,,
7p5dmLftoee95j9TZH2m0s,Sweet Bloom of Night Time Flowers,This Empty Flow,Magenta Skycode,1996,1996,,atmospheric rock,atmospheric rock; dream pop; gothic rock,1996-03-15,293337,False,,https://open.spotify.com/track/7p5dmLftoee95j9TZH2m0s,2cKVtzTcbGLQBc2R4DQNKj,3a98hlMXj20dQrrTYcCW4n,8,1,liked,,2025-08-06T08:45:15Z,2025-08-06T08:45:15Z,,,,
2xfg6YnYSHbrPjGWjuQHVS,Danger of Hell,Thomas Newman,The Green Mile (Original Motion Picture Soundtrack),1999,1999,,cinematic classical,cinematic classical,1999-12-21,147760,False,,https://open.spotify.com/track/2xfg6YnYSHbrPjGWjuQHVS,6Rppm3cesOg9mL5oaIeLCc,1csBgT42N4pPPs1HJhxXIK,25,1,liked,,2023-04-11T15:53:42Z,2023-04-11T15:53:42Z,,,,
7AbveoftY6MOhfereqvOxn,The Respect for the Old Beast,Those Who Ride With Giants,Numinous,2016,2016,,post-rock,post-rock; ambient; instrumental rock; electronic rock,2016-01-20,281099,False,,https://open.spotify.com/track/7AbveoftY6MOhfereqvOxn,4xHjnMPArZqGRgZWr8iZn3,0pKhuVfVRd073xGqEdJlUP,9,1,liked,,2025-06-03T08:15:57Z,2025-06-03T08:15:57Z,,,,
6AXljPOIRjjmdS58mHhuI7,Mission Profile,Threshold,Subsurface (Definitive Edition),2012,2012,,progressive metal,progressive metal,2012-11-16,495426,False,,https://open.spotify.com/track/6AXljPOIRjjmdS58mHhuI7,3PNiV7XANAyD0u6Qq4QdkG,7KTRbZ1YTch5oXQOmQTStM,1,1,liked,,2025-04-03T07:49:27Z,2025-04-03T07:49:27Z,,,,
1yRl9DNqoRuYJmiSpw8BXY,Mesmerized,Throes Of Dawn,Our Voices Shall Remain,2016,2016,,progressive metal,progressive metal; melodic black metal; gothic metal; folk metal,2016,565132,False,,https://open.spotify.com/track/1yRl9DNqoRuYJmiSpw8BXY,3aRgibW3ymRyZQP2eT4mG7,0nsDDShJT4YhjIVGcJ3jJa,1,1,liked,,2023-04-11T15:53:42Z,2023-04-11T15:53:42Z,,,,
6Ww9uQgXupHwb2TkpLscAc,Die Like an Aviator,Thulsa Doom,Ambition Freedom,2021,2021,,stoner rock,stoner rock,2021-11-12,278131,False,,https://open.spotify.com/track/6Ww9uQgXupHwb2TkpLscAc,7vlU0HqhuqbbEUSp3WAnOw,6h0Bo9fddLWRPfg2IjWqVa,3,1,liked,,2023-04-11T15:53:42Z,2023-04-11T15:53:42Z,,,,
4gwuy8dyF1WQYJlUoItxug,Sirály,Thy Catafalque,Meta,2016,2016,,avant-garde metal,avant-garde metal; folk metal; progressive metal; black metal; avant-garde,2016-10-07,370980,False,,https://open.spotify.com/track/4gwuy8dyF1WQYJlUoItxug,6lneG1IkSB7EQSiow6sRao,4sgTqbA7htxYkRRJBPZIom,2,1,liked,,2023-04-11T15:53:42Z,2023-04-11T15:53:42Z,,,,
0dCKWJiHDMh7BIl5HOw8Tc,Radiant Star,Tiamat,The Scarred People,2013,2013,,gothic metal,gothic metal; doom metal; death metal; gothic rock; progressive metal,2013-08-01,225853,True,,https://open.spotify.com/track/0dCKWJiHDMh7BIl5HOw8Tc,1Ai5vOkmZsDm3wJSJh7eLm,5SwHKKNKYToC1YzWVNWAIN,4,1,liked,,2024-11-05T13:43:50Z,2024-11-05T13:43:50Z,,,,
0kR8Rr8cC29ofo8pFTYX38,Aurora surrealis,Tid,Aurora surrealis,2016,2016,,progressive metal,progressive metal; post-metal; rock,2016-09-07,355226,False,,https://open.spotify.com/track/0kR8Rr8cC29ofo8pFTYX38,0iEGFR9V15p4xEeOoGY88Q,7iy4It6p8mV5zJmSgclBPv,1,1,liked,,2023-04-11T15:53:42Z,2023-04-11T15:53:42Z,,,,
7MDcO067h1hlRrUmkaP2Yq,Ghost Horses,Tides From Nebula,Ghost Horses,2019,2019,,post-rock,post-rock; post-metal,2019-08-28,353000,False,,https://open.spotify.com/track/7MDcO067h1hlRrUmkaP2Yq,4z1sS5gWwT0QoNfZIMhk5J,1CzKORB9IN0EjPEyeKBIkf,1,1,liked,,2023-04-11T15:53:42Z,2023-04-11T15:53:42Z,,,,
7Mh5RZQWzLajGFzKQUqjH3,Prisoner of the Night,Tiger Army,V,2016,2016,,punk,punk; rockabilly; psychobilly,2016-05-20,176160,False,,https://open.spotify.com/track/7Mh5RZQWzLajGFzKQUqjH3,6PYN4eAuXbcMq3h29h9spJ,7ivKiS6TITQYizkbUUahbi,3,1,liked,,2023-04-11T15:53:42Z,2023-04-11T15:53:42Z,,,,
1JyDmEfPNJ5xbrykoJuEt6,Sell Out,Tiger Lou,Is My Head Still On?,2004,2004,,indie rock,indie rock; alternative rock,2004-01-01,175986,False,,https://open.spotify.com/track/1JyDmEfPNJ5xbrykoJuEt6,6CaMy9mTlINK0G3W4iCgx6,7Jr7XgWFnKQ3mUgbhrVNlx,2,1,liked,,2023-04-11T15:53:42Z,2023-04-11T15:53:42Z,,,,
22ufYa7sKoiALEhLcul4LM,Nu Djävlar,Tingvall Trio,Skagerrak,2006,2006,,jazz,jazz,2006-05-17,353026,False,,https://open.spotify.com/track/22ufYa7sKoiALEhLcul4LM,1bN4F8AiSSUMXQO5gazLnO,65mwyp96M7Yx78x8XVz39M,2,1,liked,,2023-04-11T15:53:42Z,2023-04-11T15:53:42Z,,,,
1GX7dxpo6Zu6ufxEh9UDMk,Live In You,To/Die/For,All Eternity,1999,1999,,gothic metal,gothic metal; gothic rock,1999-01-01,245160,False,,https://open.spotify.com/track/1GX7dxpo6Zu6ufxEh9UDMk,3qmgHd3gN6PzU6eeTSOm8d,6odEUy7osvwibc1yNvxt5u,2,1,liked,,2023-04-11T15:53:42Z,2023-04-11T15:53:42Z,,,,
1wTvPCSolJ8Ep6CYAiXWYU,Like Sun,Toasty,The Knowledge,2004,2004,,electronic,electronic; dubstep; breakbeat,2004-11-22,285213,False,,https://open.spotify.com/track/1wTvPCSolJ8Ep6CYAiXWYU,7osClkZir38QpfXpEB570p,5xD3piymhCUyYezMeJX2h5,2,1,liked,,2023-04-11T15:53:42Z,2023-04-11T15:53:42Z,,,,
1rp3H8hte0UPnAeQg8owmK,Antichrist of Love,TodoMal,A Greater Good,2023,2023,,doom metal,doom metal; gothic metal,2023-11-24,250597,False,,https://open.spotify.com/track/1rp3H8hte0UPnAeQg8owmK,0hUDLHEsIu5F6KqAFnvAXN,2grCvuOH8MibDqryxpW6jR,6,1,liked,,2025-08-13T12:03:15Z,2025-08-13T12:03:15Z,,,,
4PPOSdRKZpYE5Wncds5HDf,Cold Cold Ground,Tom Waits,Big Time,1988,1988,,blues rock,blues rock; experimental; experimental rock; singer-songwriter; piano blues,1988-09-01,206000,False,,https://open.spotify.com/track/4PPOSdRKZpYE5Wncds5HDf,5YvqSLavzEYaklzkDMjobK,7x83XhcMbOTl1UdYsPTuZM,4,1,liked,,2023-04-11T15:53:42Z,2023-04-11T15:53:42Z,,,,
6A9niUYcIy50bmIwCdgllu,Capt Midnight,Tomahawk,Mit Gas,2003,2003,,alternative rock,alternative rock; experimental; alternative metal,2003,190360,False,,https://open.spotify.com/track/6A9niUYcIy50bmIwCdgllu,5ro3wPqyigsJdmmzcxgTI4,6yyZgcrQ10gThrJxzqogiP,6,1,liked,,2023-12-04T11:56:50Z,2023-12-04T11:56:50Z,,,,
0PiWod0DuHydP1vQqrAHd7,Prayin' to Satan,Tomorrow's Gift,Tomorrow's Gift,1970,1970,,krautrock,krautrock,1970-12-12,307010,False,,https://open.spotify.com/track/0PiWod0DuHydP1vQqrAHd7,35ft15RL863kQbChp3gIVo,1CnAyIyXrn9EPzrlyqRQy9,2,1,liked,,2024-11-29T06:01:41Z,2024-11-29T06:01:41Z,,,,
4NUzUuCD7eFm3ot7Te2PfG,Tears Of Sahara,Tony MacAlpine,Maximum Security,1987,1987,,progressive metal,progressive metal; hard rock; instrumental rock; jazz fusion; neoclassical metal,1987,226666,False,,https://open.spotify.com/track/4NUzUuCD7eFm3ot7Te2PfG,33AKOG3u4OHhcYZA8ufuCi,5gB57Ct8qLWAo6dlTjp5QI,3,1,liked,,2025-10-27T11:43:39Z,2025-10-27T11:43:39Z,,,,
00nKEwGqJCp59ItCXbKDbF,Angemon,Tony Tears,La Società degli Eterni,2024,2024,,rock,rock; electronic; experimental; indie pop; progressive pop,2024-12-13,240746,False,,https://open.spotify.com/track/00nKEwGqJCp59ItCXbKDbF,7LfXzQAN8pl1NMCUzhgJiF,2QuJ3K9lC9PydM8F56fAZl,3,1,liked,,2024-12-28T07:27:50Z,2024-12-28T07:27:50Z,,,,
6iQDmWrbrMQ0vPfbKqqvKU,Opiate²,TOOL,Opiate²,2022,2022,,progressive metal,progressive metal; alternative metal; progressive rock; alternative rock; electronic,2022-03-01,594048,False,,https://open.spotify.com/track/6iQDmWrbrMQ0vPfbKqqvKU,13sWe0tYKenwLd2t25bHIi,2yEwvVSSSUkcLeSTNyHKh8,1,1,liked,,2023-04-11T15:53:42Z,2023-04-11T15:53:42Z,,,,
0camMMxlV2V5Z0dDjaCwn1,Admission,Torche,Admission,2019,2019,,stoner rock,stoner rock; sludge metal; alternative rock; doom metal; stoner metal,2019-07-12,240780,False,,https://open.spotify.com/track/0camMMxlV2V5Z0dDjaCwn1,36ufOPW0tEptG0IeFAYXmn,4PxqJghOAEvatt0scJvili,6,1,liked,,2023-04-11T15:53:42Z,2023-04-11T15:53:42Z,,,,
6Ibd4z3duB2j111JYlj69u,Sledge Hammered Heart,Totalselfhatred,Totalselfhatred,2008,2008,,depressive black metal,depressive black metal; black metal,2008-07-01,395666,False,,https://open.spotify.com/track/6Ibd4z3duB2j111JYlj69u,1n1qV6jaYnKWutE7WBQzDP,155cULXraV93ztC81ncvBz,3,1,liked,,2023-04-11T15:53:42Z,2023-04-11T15:53:42Z,,,,
37BTh5g05cxBIRYMbw8g2T,Rosanna,TOTO,Toto IV,1982,1982,,pop rock,pop rock; hard rock; soft rock; jazz fusion; aor,1982-04-08,330943,False,,https://open.spotify.com/track/37BTh5g05cxBIRYMbw8g2T,62U7xIHcID94o20Of5ea4D,0PFtn5NtBbbUNbU9EAmIWF,1,1,liked,,2023-04-11T15:53:42Z,2023-04-11T15:53:42Z,,,,
2OZ4kzOZJ94ub5kaGbzlR7,I'll Do It for You,Toussaint McCall,Nothing Takes the Place of You,1967,1967,,soul,soul; r&b,1967,162092,False,,https://open.spotify.com/track/2OZ4kzOZJ94ub5kaGbzlR7,1ccE80Kg7tseCJHH0kR9Wo,421kKwxa5GC9nLddFuqtNL,1,1,liked,,2024-08-31T13:18:45Z,2024-08-31T13:18:45Z,,,,
4NfFerGXGb8tiUB2r8hfW3,The Ivth Crusade,Towers Of Jupiter,The Ivth Crusade,2024,2024,,post-rock,post-rock; stoner rock,2024-07-24,362996,False,,https://open.spotify.com/track/4NfFerGXGb8tiUB2r8hfW3,6GQO2tBitBGRpDxnNrRp52,40vei3Nu7Zlkj3DyfVo2gm,1,1,liked,,2024-08-09T06:42:54Z,2024-08-09T06:42:54Z,,,,
0RKoB6qynVFb3qFYYualk5,Niesława,TOŃ,Wdech/wydech,2024,2024,,progressive rock,progressive rock; art rock,2024-05-24,331386,False,,https://open.spotify.com/track/0RKoB6qynVFb3qFYYualk5,7EJxZgpgoHXxd9pVu3xeuG,0b5KzHDbEoxVIuRIHTIsRs,2,1,liked,,2024-05-24T16:27:29Z,2024-05-24T16:27:29Z,,,,
0PkOxGLjcZhk5BARQJGUEa,"Las, Głaz, Ćma",TOŃ,Wdech/wydech,2024,2024,,progressive rock,progressive rock; art rock,2024-05-24,314120,False,,https://open.spotify.com/track/0PkOxGLjcZhk5BARQJGUEa,7EJxZgpgoHXxd9pVu3xeuG,0b5KzHDbEoxVIuRIHTIsRs,3,1,liked,,2024-05-24T10:50:41Z,2024-05-24T10:50:41Z,,,,
0lTESciBFqhiDZ7oP3rIUK,Shanghai Noodle Factory,Traffic,Traffic,1968,1968,,progressive rock,progressive rock; psychedelic rock; blues rock; psychedelic pop; eclectic prog,1968-10,303440,False,,https://open.spotify.com/track/0lTESciBFqhiDZ7oP3rIUK,0HXUEUFACh0b3VBhm7jBhi,1CD77o9fbdyQFrHnUPUEsF,15,1,liked,,2023-04-11T15:53:42Z,2023-04-11T15:53:42Z,,,,
46HdnYrgl39rN2AmI0jb9c,Black Ocean,Trees of Eternity,Hour of the Nightingale,2016,2016,,gothic metal,gothic metal; doom metal,2016-11-11,421706,False,,https://open.spotify.com/track/46HdnYrgl39rN2AmI0jb9c,6sFhi9TivgwN6XzcEYcfAy,7IxOJnsT8vXhTTzb6nlPOO,8,1,liked,,2024-09-06T12:58:56Z,2024-09-06T12:58:56Z,,,,
6mIJJBuErDdVgyezVWcbFO,Murder in Red,Tribulation,Murder in Red,2024,2024,,death metal,death metal; gothic metal; heavy metal; thrash metal; avant-garde metal,2024-10-04,289386,True,,https://open.spotify.com/track/6mIJJBuErDdVgyezVWcbFO,3CCweTlV8Hq7uqMiVjMHRn,7xTo7ipdBZezIoyAkmcRge,1,1,liked,,2024-10-28T06:33:33Z,2024-10-28T06:33:33Z,,,,
253ylBndfvHwRPsuAuvECR,In The Sleep Of Death,Triptykon,Melana Chasmata,2014,2014,,doom metal,doom metal; death metal; avant-garde metal; black metal; gothic metal,2014-04-14,489973,False,,https://open.spotify.com/track/253ylBndfvHwRPsuAuvECR,7wSb5kDo4TDg3VzUDZz1Bw,37fG1EQuwb6zBHyFYUGfj8,7,1,liked,,2025-06-05T15:46:41Z,2025-06-05T15:46:41Z,,,,
7pfMpssFZaFOpbkw7LYwPw,Aphellion,Tristania,Beyond the Veil,1999,1999,,gothic metal,gothic metal,1999,470893,False,,https://open.spotify.com/track/7pfMpssFZaFOpbkw7LYwPw,3yjxOpjDoULUBMWOZtzf2D,2EOmvmVtYMTgn45w9mWUTV,2,1,liked,,2023-04-11T15:53:43Z,2023-04-11T15:53:43Z,,,,
6OWQyQIbWAP9YK6jO666vR,...Of Ruins and a Red Nightfall,Tristania,Beyond the Veil,1999,1999,,gothic metal,gothic metal,1999,382013,False,,https://open.spotify.com/track/6OWQyQIbWAP9YK6jO666vR,3yjxOpjDoULUBMWOZtzf2D,2EOmvmVtYMTgn45w9mWUTV,6,1,liked,,2023-04-11T15:53:42Z,2023-04-11T15:53:42Z,,,,
0GwAD0ZIWxwu9T98Kmn32V,Fight the Good Fight,Triumph,Greatest Hits Remixed (Deluxe Edition),2010,2010,,hard rock,hard rock; aor; progressive; classic rock; prog related,2010-05-14,382493,False,,https://open.spotify.com/track/0GwAD0ZIWxwu9T98Kmn32V,5XDjmthwOECD5BczWlBkzA,4YfnJEbTz8QLD5FusYFwV6,8,1,liked,,2023-04-11T15:53:43Z,2023-04-11T15:53:43Z,,,,
6lvXWlnVoOBVWDTZVvVAAG,Don't Take My Life,Triumph,In the Beginning,1976,1976,,hard rock,hard rock; aor; progressive; classic rock; prog related,1976-10-13,302000,False,,https://open.spotify.com/track/6lvXWlnVoOBVWDTZVvVAAG,6bnTjN6uqYcBSMFdCDo2bJ,4YfnJEbTz8QLD5FusYFwV6,3,1,liked,,2024-10-25T11:32:50Z,2024-10-25T11:32:50Z,,,,
2RLcHTKIcXdoYMEoD8Wy8L,Blinding Light Show / Moonchild,Triumph,In the Beginning,1976,1976,,hard rock,hard rock; aor; progressive; classic rock; prog related,1976-10-13,524440,False,,https://open.spotify.com/track/2RLcHTKIcXdoYMEoD8Wy8L,6bnTjN6uqYcBSMFdCDo2bJ,4YfnJEbTz8QLD5FusYFwV6,9,1,liked,,2024-11-28T10:45:55Z,2024-11-28T10:45:55Z,,,,
4Iy7RJ8dBBfWY1Acm4QmAf,Lay It on the Line,Triumph,Just a Game,1979,1979,,hard rock,hard rock; aor; progressive; classic rock; prog related,1979-03-30,245773,False,,https://open.spotify.com/track/4Iy7RJ8dBBfWY1Acm4QmAf,1bE0nmoVmxM6gq1tBGfcEa,4YfnJEbTz8QLD5FusYFwV6,2,1,liked,,2023-04-11T15:53:43Z,2023-04-11T15:53:43Z,,,,
1P3pqxWB7NGklOicVfj4Jd,Lay It on The Line,Triumph; Dee Snider,Lay It On The Line,2025,2025,,hard rock,hard rock; aor; progressive; classic rock; prog related,2025-04-18,253183,False,,https://open.spotify.com/track/1P3pqxWB7NGklOicVfj4Jd,6KJHmhJ3lbm2wdzYFRxcQB,4YfnJEbTz8QLD5FusYFwV6; 2pD123sZTm8brthWviUKlQ,1,1,liked,,2025-04-18T07:37:15Z,2025-04-18T07:37:15Z,,,,
0GDx5cdoUUjKzNt59LIO4y,Ensomhet II,Trollheim,Im Heidenwald Elfgaards & Ensomhet,2019,2019,,dungeon synth,dungeon synth,2019-07-31,135480,False,,https://open.spotify.com/track/0GDx5cdoUUjKzNt59LIO4y,29bYo8qZfMe5fpnhwNFiJl,3i1MYeHFefWrhF9CqqGj16,5,1,liked,,2025-02-24T06:38:15Z,2025-02-24T06:38:15Z,,,,
4flUzrk4LK0XgRR2TggnKd,Hymn,Träden; Träd Gräs Och Stenar,Träden,2018,2018,,psychedelic rock,psychedelic rock; jam band,2018-08-24,440280,False,,https://open.spotify.com/track/4flUzrk4LK0XgRR2TggnKd,19iUxNJ3IZrfUuFNesGdRE,4BlLqpmntBJVkRvOWm2LzK; 0BXP5AQEaPDhfbTAvxJwHD,7,1,liked,,2023-04-11T15:53:42Z,2023-04-11T15:53:42Z,,,,
0CbPaWpOspHa9sWaj9bfX3,Born for Burning - Cover,Tsjuder,Scandinavian Black Metal Attack,2023,2023,,black metal,black metal,2023-06-23,311208,False,,https://open.spotify.com/track/0CbPaWpOspHa9sWaj9bfX3,4tzIf3UUhfVKW6U7laYQqY,0sD9rwKo3qPBs32gi97FNn,3,1,liked,,2024-11-26T08:02:45Z,2024-11-26T08:02:45Z,,,,
0s4BiyEHTNx6CGsf6m4z96,Cause We Didn't Find Our Way,Tuber,Desert Overcrowded,2014,2014,,post-rock,post-rock; instrumental rock; desert rock; stoner rock; psychedelic rock,2014-02-25,286893,False,,https://open.spotify.com/track/0s4BiyEHTNx6CGsf6m4z96,1beRrVJVYBsqGzJEpiO8EY,4CCgsvOxdBae0m79AEb5pU,3,1,liked,,2024-05-13T12:09:35Z,2024-05-13T12:09:35Z,,,,
6t7eKmvMS1EwvsmaYEyIz8,Calculate,Turtle,Human,2017,2017,,electronic,electronic; downtempo; pop; drum and bass; ambient,2017-06-30,232445,False,,https://open.spotify.com/track/6t7eKmvMS1EwvsmaYEyIz8,1z6ZFmA3yHj6b5obiFi8DG,6iWZrWmdQnRn2fpjAmrbc2,4,1,liked,,2023-04-11T15:53:43Z,2023-04-11T15:53:43Z,,,,
0PQzccQlWzPIKWpte2Oa3g,Reptilhjernen Vet,Tusmørke,Elektriske Skrekkøgler Og Forhistoriske Framtidsfabler,2015,2015,,progressive rock,progressive rock; folk rock; psychedelic; progressive/folk-rock,2015-05-08,595443,False,,https://open.spotify.com/track/0PQzccQlWzPIKWpte2Oa3g,6ktMrHGbDs7KtvAekvbZga,5JdO8K76wH3sK5J9v3Iyah,3,1,liked,,2024-11-01T11:37:38Z,2024-11-01T11:37:38Z,,,,
4By9MtZvTtEKnOD7J0rPUQ,Ride the Whimbrel,Tusmørke,Nordisk Krim,2021,2021,,progressive rock,progressive rock; folk rock; psychedelic; progressive/folk-rock,2021-02-26,404998,False,,https://open.spotify.com/track/4By9MtZvTtEKnOD7J0rPUQ,60WHTYGfiJxEoIWK1DA72l,5JdO8K76wH3sK5J9v3Iyah,1,1,liked,,2023-06-18T16:38:54Z,2023-06-18T16:38:54Z,,,,
60rj4FDDQjjDQpvlMdjz6e,Ride the Whimbrel,Tusmørke,Ride the Whimbrel,2021,2021,,progressive rock,progressive rock; folk rock; psychedelic; progressive/folk-rock,2021-01-15,404998,False,,https://open.spotify.com/track/60rj4FDDQjjDQpvlMdjz6e,7tiJR2iEVBI5HidD7aXv4z,5JdO8K76wH3sK5J9v3Iyah,1,1,liked,,2023-04-11T15:53:43Z,2023-04-11T15:53:43Z,,,,
15twZc5JNNAvg7Y49tuY0w,Feel,Ty Segall,Manipulator,2014,2014,,garage rock,garage rock; psychedelic rock; lo-fi; garage punk; glam rock,2014-07-22,255226,False,,https://open.spotify.com/track/15twZc5JNNAvg7Y49tuY0w,2pIFOXH6DxLbWcUO19mbXa,58XGUNsRNu3cVOIOYk5chx,5,1,liked,,2023-04-11T15:53:43Z,2023-04-11T15:53:43Z,,,,
0c03LEUpwW0O2tmt0dfktG,Anesthesia,Type O Negative,Life Is Killing Me,2003,2003,,gothic metal,gothic metal; doom metal; heavy metal,2003-06-09,401186,False,,https://open.spotify.com/track/0c03LEUpwW0O2tmt0dfktG,4AdGr92Z6Ff2WbKP5Ja2QC,0blJzvevdXrp21YeI2vbco,13,1,liked,,2023-04-11T15:53:43Z,2023-04-11T15:53:43Z,,,,
4YXZa5AcYlFeV9zDCfNbSJ,Black No. 1 - Edit,Type O Negative,The Least Worst Of,2000,2000,,gothic metal,gothic metal; doom metal; heavy metal,2000,279666,False,,https://open.spotify.com/track/4YXZa5AcYlFeV9zDCfNbSJ,1vvBwbiS6MIDWvinWsKV6i,0blJzvevdXrp21YeI2vbco,3,1,liked,,2023-04-11T15:53:43Z,2023-04-11T15:53:43Z,,,,
61ZO0mrgRAlAyHUD0BrhuG,Regin Smidur,Týr,Eric the Red,2006,2006,,folk metal,folk metal; progressive metal; viking metal; power metal; epic metal,2006,368666,False,,https://open.spotify.com/track/61ZO0mrgRAlAyHUD0BrhuG,59n97UmIvpbPkqhg9obM9p,6TmGNPW2oDM5uaXBILozGa,2,1,liked,,2023-04-11T15:53:43Z,2023-04-11T15:53:43Z,,,,
7s4eOa9D4Qt7o3iRChaVIu,In The Dead Of Night,U.K.,U.K.,1978,1978,,punk rock,punk rock; classic pop and rock,1978-01-01,334040,False,,https://open.spotify.com/track/7s4eOa9D4Qt7o3iRChaVIu,75z31r1se3YTcaPwmFJtp7,64vNIhiqTanqaY1VJucSAS,1,1,liked,,2025-05-01T11:10:46Z,2025-05-01T11:10:46Z,,,,
4ClVPSpDTx5r8SDr53lUDN,Djinn,Uada,Djinn,2020,2020,,black metal,black metal; melodic black metal,2020-09-25,471783,False,,https://open.spotify.com/track/4ClVPSpDTx5r8SDr53lUDN,49HO5gfYzIFE1RKir0aSfA,30R8X3xhfDbxAcfxSZ0UaQ,1,1,liked,,2025-04-21T10:18:27Z,2025-04-21T10:18:27Z,,,,
21yfoFlAaWIJnMZFcFywls,Stigma,Ufomammut,Idolum (Standard Edition),2008,2008,,stoner metal,stoner metal; doom metal; heavy psych; stoner doom metal; psychedelic,2008-04-22,432586,False,,https://open.spotify.com/track/21yfoFlAaWIJnMZFcFywls,7n2x5krF45Ed1Hg6oIunxX,105vC0oJ985P5G3g36EosL,1,1,liked,,2023-04-11T15:53:43Z,2023-04-11T15:53:43Z,,,,
2tmXjm8eTpr4DlczGw8FL7,To the Fall,Ukć,Coming Out - Love & Hate Diaries,2024,2024,,post-rock,post-rock; blackgaze,2024-02-16,440424,False,,https://open.spotify.com/track/2tmXjm8eTpr4DlczGw8FL7,0c3YOWI5exaLz7YG6xdH1w,6XnvvW5AEEKKMvGi6J1S5S,5,1,liked,,2024-02-23T09:12:11Z,2024-02-23T09:12:11Z,,,,
6M8kehzZacDnKvunExc4LQ,Solitarian,Ulthar,Cosmovore,2018,2018,,death metal,death metal; black metal; heavy metal; doom metal; blackened death metal,2018-11-09,247632,False,,https://open.spotify.com/track/6M8kehzZacDnKvunExc4LQ,5psa9YdAAHq1Tw108TeRZc,6s1hQzoXYdEjYdJiHbu1iZ,2,1,liked,,2025-10-14T17:56:38Z,2025-10-14T17:56:38Z,,,,
3UNCEvaaYCbIRgWMsXyjnz,Glammer Hammer,Ulver,ATGCLVLSSCAP,2016,2016,,experimental,experimental; black metal; electronic,2016-01-22,289893,False,,https://open.spotify.com/track/3UNCEvaaYCbIRgWMsXyjnz,60YalK9oRFXskrRyMicOqN,6bYFkBNvayh3nGqxcPp7Sv,2,1,liked,,2023-04-11T15:53:43Z,2023-04-11T15:53:43Z,,,,
5KY4Km7rllwWovNNU8hhPt,Russian Doll,Ulver,Flowers of Evil,2020,2020,,experimental,experimental; black metal; electronic,2020-08-28,235000,False,,https://open.spotify.com/track/5KY4Km7rllwWovNNU8hhPt,0VYuTYQPftcTUmq2ehYlzV,6bYFkBNvayh3nGqxcPp7Sv,2,1,liked,,2023-04-11T15:53:43Z,2023-04-11T15:53:43Z,,,,
736ZquqTqytta6bJ95IhhV,Bounty Hunter,Ulver,Hexahedron (Live at Henie Onstad Kunstsenter),2021,2021,,experimental,experimental; black metal; electronic,2021-08-20,475999,False,,https://open.spotify.com/track/736ZquqTqytta6bJ95IhhV,4KtV5xkPNeBKgcxa3veOV6,6bYFkBNvayh3nGqxcPp7Sv,3,1,liked,,2023-04-11T15:53:43Z,2023-04-11T15:53:43Z,,,,
574MLPVscmDsoddVAnZnCV,A Fearful Symmetry,Ulver,Hexahedron (Live at Henie Onstad Kunstsenter),2021,2021,,experimental,experimental; black metal; electronic,2021-08-20,503999,False,,https://open.spotify.com/track/574MLPVscmDsoddVAnZnCV,4KtV5xkPNeBKgcxa3veOV6,6bYFkBNvayh3nGqxcPp7Sv,4,1,liked,,2023-04-11T15:53:43Z,2023-04-11T15:53:43Z,,,,
6hxlTwYoOWHF2dwOSo48zs,The Long Way Home,Ulver,Hexahedron (Live at Henie Onstad Kunstsenter),2021,2021,,experimental,experimental; black metal; electronic,2021-08-20,1132967,False,,https://open.spotify.com/track/6hxlTwYoOWHF2dwOSo48zs,4KtV5xkPNeBKgcxa3veOV6,6bYFkBNvayh3nGqxcPp7Sv,5,1,liked,,2023-04-11T15:53:43Z,2023-04-11T15:53:43Z,,,,
4S2VhqDf0gmvgxRIGYvi4j,Eos,Ulver,Shadows of the Sun,2007,2007,,experimental,experimental; black metal; electronic,2007-10-01,305093,False,,https://open.spotify.com/track/4S2VhqDf0gmvgxRIGYvi4j,1pPjShJOh54l1hmCr7Raha,6bYFkBNvayh3nGqxcPp7Sv,1,1,liked,,2023-04-11T15:53:43Z,2023-04-11T15:53:43Z,,,,
1W5nfM97f6cFM6ac6OdrBL,Solitude,Ulver,Sweet Leaf - A Stoner Rock Salute to Black Sabbath,2015,2015,,experimental,experimental; black metal; electronic,2015-10-30,231936,False,,https://open.spotify.com/track/1W5nfM97f6cFM6ac6OdrBL,0lpfNFF95fjblnuMVfk4FD,6bYFkBNvayh3nGqxcPp7Sv,12,1,liked,,2023-04-11T15:53:43Z,2023-04-11T15:53:43Z,,,,
6au2fZwhT0a3j1Celi9A6Q,Not Saved,Ulver,Teachings in Silence,2004,2004,,experimental,experimental; black metal; electronic,2004,627160,False,,https://open.spotify.com/track/6au2fZwhT0a3j1Celi9A6Q,4YmSdPhPgzAr17974xxRWL,6bYFkBNvayh3nGqxcPp7Sv,4,1,liked,,2023-04-11T15:53:43Z,2023-04-11T15:53:43Z,,,,
5bu0yhV03nzMrjsqOfHgAF,Nemoralia,Ulver,The Assassination of Julius Caesar,2017,2017,,experimental,experimental; black metal; electronic,2017-04-07,250069,False,,https://open.spotify.com/track/5bu0yhV03nzMrjsqOfHgAF,5qIvAO77qv1y8VxdRXa7Uv,6bYFkBNvayh3nGqxcPp7Sv,1,1,liked,,2023-04-11T15:53:43Z,2023-04-11T15:53:43Z,,,,
23kjPqyALlZVJ7TEpKnYhx,Rolling Stone,Ulver,The Assassination of Julius Caesar,2017,2017,,experimental,experimental; black metal; electronic,2017-04-07,566485,False,,https://open.spotify.com/track/23kjPqyALlZVJ7TEpKnYhx,5qIvAO77qv1y8VxdRXa7Uv,6bYFkBNvayh3nGqxcPp7Sv,2,1,liked,,2023-04-11T15:53:43Z,2023-04-11T15:53:43Z,,,,
4qpIOuAJ2MjYTOnrFSQti8,So Falls the World,Ulver,The Assassination of Julius Caesar,2017,2017,,experimental,experimental; black metal; electronic,2017-04-07,357397,False,,https://open.spotify.com/track/4qpIOuAJ2MjYTOnrFSQti8,5qIvAO77qv1y8VxdRXa7Uv,6bYFkBNvayh3nGqxcPp7Sv,3,1,liked,,2023-04-11T15:53:43Z,2023-04-11T15:53:43Z,,,,
5MKTAR6n1OcpLSK4uKSOQJ,Southern Gothic,Ulver,The Assassination of Julius Caesar,2017,2017,,experimental,experimental; black metal; electronic,2017-04-07,220074,False,,https://open.spotify.com/track/5MKTAR6n1OcpLSK4uKSOQJ,5qIvAO77qv1y8VxdRXa7Uv,6bYFkBNvayh3nGqxcPp7Sv,4,1,liked,,2023-04-11T15:53:43Z,2023-04-11T15:53:43Z,,,,
6dascGYKBt7QV3j0EqUgbZ,Transverberation,Ulver,The Assassination of Julius Caesar,2017,2017,,experimental,experimental; black metal; electronic,2017-04-07,270848,False,,https://open.spotify.com/track/6dascGYKBt7QV3j0EqUgbZ,5qIvAO77qv1y8VxdRXa7Uv,6bYFkBNvayh3nGqxcPp7Sv,6,1,liked,,2023-04-11T15:53:43Z,2023-04-11T15:53:43Z,,,,
3ws6pM9Yv57MVZxcj5i7mJ,1969,Ulver,The Assassination of Julius Caesar,2017,2017,,experimental,experimental; black metal; electronic,2017-04-07,239658,False,,https://open.spotify.com/track/3ws6pM9Yv57MVZxcj5i7mJ,5qIvAO77qv1y8VxdRXa7Uv,6bYFkBNvayh3nGqxcPp7Sv,7,1,liked,,2023-04-11T15:53:43Z,2023-04-11T15:53:43Z,,,,
5RAoyT13o2KEVM0n57mOFZ,They're Coming! The Birds!,Ulver,They're Coming! The Birds!,2025,2025,,experimental,experimental; black metal; electronic,2025-12-10,173498,False,,https://open.spotify.com/track/5RAoyT13o2KEVM0n57mOFZ,6pW0IzA67cIxnyebQ9Mafl,6bYFkBNvayh3nGqxcPp7Sv,1,1,liked,,2025-12-18T12:57:19Z,2025-12-18T12:57:19Z,,,,
5KiR2KbifUOCkuzprZ65hG,Forgive Us,Ulver; Nils Petter Molvær,Forgive Us,2024,2024,,experimental,experimental; black metal; electronic,2024-05-31,306109,False,,https://open.spotify.com/track/5KiR2KbifUOCkuzprZ65hG,6iC00z5WE5KQ1fTzcQu1Rp,6bYFkBNvayh3nGqxcPp7Sv; 2r1f1zkIjuQ7ETeJHsXpsc,1,1,liked,,2024-06-19T11:35:02Z,2024-06-19T11:35:02Z,,,,
0fVyr5wtTk6emATjeVkaMA,The Circle Maze,Umbersound,If The Flies Could Sing,2025,2025,,death metal,death metal; doom death metal; melodic doom metal; progressive death metal; progressive metal,2025-01-24,276750,False,,https://open.spotify.com/track/0fVyr5wtTk6emATjeVkaMA,5fioEAxDZf7RRNyolLeG5c,0QbaLROgLhwqVBrZjyNqMh,5,1,liked,,2025-01-31T10:25:46Z,2025-01-31T10:25:46Z,,,,
2sqCsR5MrqKmiplCoiFMLR,Runaway Girls,Uncle Acid & The Deadbeats,Runaway Girls,2014,2014,,stoner rock,stoner rock; heavy psych; doom metal; psychedelic rock; traditional doom metal,2014-08-25,210975,False,,https://open.spotify.com/track/2sqCsR5MrqKmiplCoiFMLR,5Twgj1wAHTYb8X3dVZKEcp,16PcI6JjJuUfPlsX8Ffvfl,1,1,liked,,2023-04-11T15:53:43Z,2023-04-11T15:53:43Z,,,,
5CORh3iG6S5qLh9DgSxudC,Drown,Undertheskin,N E G A T I V E,2019,2019,,post-punk,post-punk; synthwave,2019-03-14,241653,False,,https://open.spotify.com/track/5CORh3iG6S5qLh9DgSxudC,3NsEaQ624QJnpvcLDwKWql,0nA7PsgdzQY83afniFu4xD,3,1,liked,,2025-07-06T17:45:49Z,2025-07-06T17:45:49Z,,,,
3RxHCGUEbtC9GYjkleRh5k,Black Heart / Black Lung,Unearthly Trance,"Season Of Seance, Science Of Silence",2003,2003,,rock and indie,rock and indie; doom metal; progressive; sludge metal; sludge/doom-metal,2003,256773,False,,https://open.spotify.com/track/3RxHCGUEbtC9GYjkleRh5k,5znH20Xbtbk4QKa4GBT3Hm,3npIzgA2uj6DyE6yLfdU44,5,1,liked,,2023-04-11T15:53:43Z,2023-04-11T15:53:43Z,,,,
2bS5ffm1IctUdbU5lZq9Jc,Es grauet überm Dorf,Ungfell,Es grauet,2021,2021,,black metal,black metal; folk metal,2021-04-30,116690,False,,https://open.spotify.com/track/2bS5ffm1IctUdbU5lZq9Jc,35wCumPeyzG4IwAcjTSPP7,2OGO1Fv4QCiCbjXY2gMidQ,1,1,liked,,2024-01-23T07:28:54Z,2024-01-23T07:28:54Z,,,,
3HrbHhj7NulyxG3tl406vP,Tyfels Antlitz,Ungfell,Es grauet,2021,2021,,black metal,black metal; folk metal,2021-04-30,443308,False,,https://open.spotify.com/track/3HrbHhj7NulyxG3tl406vP,35wCumPeyzG4IwAcjTSPP7,2OGO1Fv4QCiCbjXY2gMidQ,2,1,liked,,2023-04-11T15:53:43Z,2023-04-11T15:53:43Z,,,,
4UJRb7q68y3h4EQQV9E7uV,"Bak Vaker Verda (Behind, The World Keeps Watch)",Unni Løvlid,Rite,2008,2008,,nordic folk,nordic folk; vocal,2008-02-28,346880,False,,https://open.spotify.com/track/4UJRb7q68y3h4EQQV9E7uV,4xFchEEyKv5UGsKp2qknCp,0RPKHYg4YATPA0xzbRGRPQ,3,1,liked,,2023-04-11T15:53:43Z,2023-04-11T15:53:43Z,,,,
4R6Rdm0Hqwz3syJB7NRgPj,Can You Hear the Rain,Unto Others,Don't Waste Your Time,2018,2018,,heavy metal,heavy metal; gothic rock; gothic metal; hard rock; goth rock,2018-09-28,335000,False,,https://open.spotify.com/track/4R6Rdm0Hqwz3syJB7NRgPj,6YQBilPSXkYCQp0KgiyCGM,1W5khHrkcznsyChxwIBfAI,3,1,liked,,2023-05-09T13:25:26Z,2023-05-09T13:25:26Z,,,,
2WFjqFYPpzwHwT3EmstxqB,Vom Gesicht und Rätsel,Urfaust,Der freiwillige Bettler,2010,2010,,atmospheric black metal,atmospheric black metal; black metal; dark ambient; ambient; doom metal,2010-10-25,489560,False,,https://open.spotify.com/track/2WFjqFYPpzwHwT3EmstxqB,2IyrxjtIruMkTG5GZWtUW4,6D3oL9YvZBgd3IVFWUJ2BI,1,1,liked,,2023-04-11T15:53:43Z,2023-04-11T15:53:43Z,,,,
2Fs0RjuBkvZNaAzmfOL0TI,Ragnarök Mystiker,Urfaust,Ritual Music for the True Clochard,2012,2012,,atmospheric black metal,atmospheric black metal; black metal; dark ambient; ambient; doom metal,2012-04-15,342533,False,,https://open.spotify.com/track/2Fs0RjuBkvZNaAzmfOL0TI,2u6OvTTSfsG4Bxyu3CCC2k,6D3oL9YvZBgd3IVFWUJ2BI,1,1,liked,,2023-04-11T15:53:43Z,2023-04-11T15:53:43Z,,,,
2U2ByqoO82fnayaPzO4x2d,Lady In Black,Uriah Heep,Celebration,2009,2009,,hard rock,hard rock; progressive rock; heavy metal; classic rock; stoner rock,2009-10-02,330600,False,,https://open.spotify.com/track/2U2ByqoO82fnayaPzO4x2d,3Khp1wHb7TJp8c9kNSsYjL,45O9BwPMyywM755SYUK0sP,14,1,liked,,2023-04-11T15:53:43Z,2023-04-11T15:53:43Z,,,,
1KT86hwoqLwxrXErVgST3O,Dreamer,Uriah Heep,Sweet Freedom (Expanded De-Luxe Edition),1973,1973,,hard rock,hard rock; progressive rock; heavy metal; classic rock; stoner rock,1973,221960,False,,https://open.spotify.com/track/1KT86hwoqLwxrXErVgST3O,6BJi21EXmMlQTJoOPHCcwo,45O9BwPMyywM755SYUK0sP,1,1,liked,,2024-11-01T08:27:19Z,2024-11-01T08:27:19Z,,,,
6BjqLTUipz03lgLSV0UlS3,Empirical Evidence of a Deranged God,Usnea,S/T,2013,2013,,black metal,black metal; doom metal; funeral doom; doom; funeral doom metal,2013-01-23,621435,False,,https://open.spotify.com/track/6BjqLTUipz03lgLSV0UlS3,3PTeMPa8olvwvuiBKpKHlw,1z6MVJgWwu1lN6VWwJvveZ,4,1,liked,,2023-04-11T15:53:43Z,2023-04-11T15:53:43Z,,,,
4wrzoxC64YbY45tizOikiQ,Dead Shining Star,V:28,NonAnthropogenic,2003,2003,,death metal,death metal; atmospheric black metal,2003,284583,False,,https://open.spotify.com/track/4wrzoxC64YbY45tizOikiQ,39uFcfg3T22cgWwWJq00vK,3iplujbEu71b4kl0zfnQY6,2,1,liked,,2023-04-11T15:53:43Z,2023-04-11T15:53:43Z,,,,
5ZwGkkAhCcz7swISFJPJLa,The Vigil,Valkyrja,The Invocation Of Demise,2009,2009,,black metal,black metal,2009-07-28,324880,False,,https://open.spotify.com/track/5ZwGkkAhCcz7swISFJPJLa,5NwZKTSQA3bdxJMQrxvPP2,7lscFXsWNk0vWfHwgAHLR1,4,1,liked,,2023-04-11T15:53:43Z,2023-04-11T15:53:43Z,,,,
6zx0FvGyDe1W90RETIpkqo,Six Feet Under,VALLEY OF THE SLUTS,Rise of the Slut,2024,2024,,alternative metal,alternative metal; heavy psych; queer metal; stoner doom; stoner metal,2024-10-03,259349,False,,https://open.spotify.com/track/6zx0FvGyDe1W90RETIpkqo,3gzLmAIyNZ1NjxiESqtUPS,3iMNS6llZpamOsmCX5kZz1,7,1,liked,,2024-10-18T06:26:39Z,2024-10-18T06:26:39Z,,,,
2y9hoQ0o2Nrb16kz0wx4ir,House With No Door - 2005 Digital Remaster,Van Der Graaf Generator,H To He Who Am The Only One,2005,2005,,progressive rock,progressive rock; art rock; progressive; classic rock; experimental rock,2005-01-01,389986,False,,https://open.spotify.com/track/2y9hoQ0o2Nrb16kz0wx4ir,4kpBJuFpZBIuw4PQVxrN4t,02frazNrWgZCxUEf4UTfHt,2,1,liked,,2023-04-11T15:53:43Z,2023-04-11T15:53:43Z,,,,
0PQLTQwXrwqbcaLGdvTs9a,Man-Erg - 2005 Digital Remaster,Van Der Graaf Generator,Pawn Hearts,2005,2005,,progressive rock,progressive rock; art rock; progressive; classic rock; experimental rock,2005-01-01,625173,False,,https://open.spotify.com/track/0PQLTQwXrwqbcaLGdvTs9a,5Lrsef2F6ZHNC5yIUEJouw,02frazNrWgZCxUEf4UTfHt,2,1,liked,,2023-04-11T15:53:43Z,2023-04-11T15:53:43Z,,,,
5rSLqlwU25khvMC0365RhH,She's Out With a Gun,Van Zant,Van-Zant,1985,1985,,southern rock,southern rock,1985-01-01,217386,False,,https://open.spotify.com/track/5rSLqlwU25khvMC0365RhH,6V6rNcOAdf2GfTU8WARG3U,6ZRkCThyw6syuSOAGT7lY1,2,1,liked,,2023-04-11T15:53:43Z,2023-04-11T15:53:43Z,,,,
55hpChwII0Mvq4Edr8XXb3,The Watcher,Vananidr,Beneath the Mold,2022,2022,,melodic black metal,melodic black metal; black metal; death metal,2022-11-11,426800,False,,https://open.spotify.com/track/55hpChwII0Mvq4Edr8XXb3,6dMviWnKyIV77bokMaP3yb,6hCTxV61iKPjRhEEdwroGJ,3,1,liked,,2024-06-16T11:42:15Z,2024-06-16T11:42:15Z,,,,
5w3eqgVRfG9ZfLXMfLK4Zt,Lugn,Vanhelga,Höst,2012,2012,,black-metal,black-metal,2012-12-03,271304,False,,https://open.spotify.com/track/5w3eqgVRfG9ZfLXMfLK4Zt,12wiWiCZR8bkopqzZCQf3R,035NXwK0KqQHJnysFBPvVv,2,1,liked,,2023-04-11T15:53:43Z,2023-04-11T15:53:43Z,,,,
2wRwiWwwpyeeEHsaeulKOL,Hopplös,Vanhelga,Höst,2012,2012,,black-metal,black-metal,2012-12-03,183652,False,,https://open.spotify.com/track/2wRwiWwwpyeeEHsaeulKOL,12wiWiCZR8bkopqzZCQf3R,035NXwK0KqQHJnysFBPvVv,11,1,liked,,2023-10-13T08:06:13Z,2023-10-13T08:06:13Z,,,,
53wzLGt39mLri3icn6YLbA,a) STRA (Illusions Of My Childhood-Part One) b)You Keep Me Hanging On c) WBER (Illusions Of My Childhood-Part Two),Vanilla Fudge,Psychedelic Sundae: The Best Of Vanilla Fudge,1993,1993,,psychedelic,psychedelic; classic pop and rock; psychedelic rock; progressive rock; heavy psych,1993,179360,False,,https://open.spotify.com/track/53wzLGt39mLri3icn6YLbA,3gPT1fv9tJ92J4yRpynapy,0vIMq3W8V63uR4Ymgm2pF1,1,1,liked,,2023-04-11T15:53:43Z,2023-04-11T15:53:43Z,,,,
5VtsfJi1gHhi2ZdLM6QU5O,"Shotgun - Live On The Ed Sullivan Show, February 2, 1969",Vanilla Fudge,"Shotgun (Live On The Ed Sullivan Show, February 2, 1969)",1969,1969,,psychedelic,psychedelic; classic pop and rock; psychedelic rock; progressive rock; heavy psych,1969-02-02,234717,False,,https://open.spotify.com/track/5VtsfJi1gHhi2ZdLM6QU5O,03bPb7vXGI7h4VG1P7trYy,0vIMq3W8V63uR4Ymgm2pF1,1,1,liked,,2025-10-04T18:30:50Z,2025-10-04T18:30:50Z,,,,
7rkjOQTeK5G63G4dpWdc6A,You Keep Me Hangin' On,Vanilla Fudge,The Complete Atco Singles,2014,2014,,psychedelic,psychedelic; classic pop and rock; psychedelic rock; progressive rock; heavy psych,2014,175600,False,,https://open.spotify.com/track/7rkjOQTeK5G63G4dpWdc6A,1c0ZllsJKYA7N8v10OdVLP,0vIMq3W8V63uR4Ymgm2pF1,1,1,liked,,2025-05-15T05:48:23Z,2025-05-15T05:48:23Z,,,,
0XjYUmGek1Q5CzrZZoILRF,"Babe, I'm Gonna Leave You",Vanilla Fudge,Vanilla Zeppelin (2022 Remaster),2022,2022,,psychedelic,psychedelic; classic pop and rock; psychedelic rock; progressive rock; heavy psych,2022-09-30,424920,False,,https://open.spotify.com/track/0XjYUmGek1Q5CzrZZoILRF,7LCRTnkqZWIVdaCmxYxSPU,0vIMq3W8V63uR4Ymgm2pF1,11,1,liked,,2025-10-08T18:26:05Z,2025-10-08T18:26:05Z,,,,
4EIfR6CqJojfn47yvCGnc8,You Keep Me Hangin' On - Performed Live On The Ed Sullivan Show 1/14/68,Vanilla Fudge,You Keep Me Hangin' On (Performed Live On The Ed Sullivan Show /68),2010,2010,,psychedelic,psychedelic; classic pop and rock; psychedelic rock; progressive rock; heavy psych,2010-01-01,262773,False,,https://open.spotify.com/track/4EIfR6CqJojfn47yvCGnc8,7d2MFqxFPm0brftnHOFHW4,0vIMq3W8V63uR4Ymgm2pF1,1,1,liked,,2025-10-21T08:24:59Z,2025-10-21T08:24:59Z,,,,
28czIVQoJinoH3yo531Ifn,You Keep Me Hangin' On - Rerecorded,Vanilla Fudge,You Keep Me Hangin' On (UK Chart Top 40 - No. 18),2000,2000,,psychedelic,psychedelic; classic pop and rock; psychedelic rock; progressive rock; heavy psych,2000,223800,False,,https://open.spotify.com/track/28czIVQoJinoH3yo531Ifn,7bFJimr00qlpLfBjq8v1j3,0vIMq3W8V63uR4Ymgm2pF1,1,1,liked,,2025-05-14T13:51:53Z,2025-05-14T13:51:53Z,,,,
6VLF84iLHntXvegPYeMvjs,You Should Have Know I Would Leave,Vast,Me and You,2009,2009,,alternative rock,alternative rock; industrial rock,2009-05-26,181786,False,,https://open.spotify.com/track/6VLF84iLHntXvegPYeMvjs,2z8s6W6esArwkCL3JcprFV,48dSb4OvI8hAPpHqBBYyig,1,1,liked,,2023-04-11T15:53:43Z,2023-04-11T15:53:43Z,,,,
5XwyklpMng2iOnEm5x9WHV,Question for L Ron,VED,VED,2012,2012,,psychedelic rock,psychedelic rock; krautrock,2012-10-09,417969,False,,https://open.spotify.com/track/5XwyklpMng2iOnEm5x9WHV,5FDpTjvId8JrP6hQg3Av2v,2gJZDY6Eow1T1T4Cb9cVYm,5,1,liked,,2023-04-11T15:53:43Z,2023-04-11T15:53:43Z,,,,
0hi38sQ6FM69mepBRJEpmq,I Sang for the Swans,Ved Buens Ende,Written in Waters,2018,2018,,black metal,black metal; avant-garde metal,2018-12-07,421426,False,,https://open.spotify.com/track/0hi38sQ6FM69mepBRJEpmq,1nsIRkZgu9u4I1CigRiMqv,21vmt9OUXyQVJEOrNad6JX,1,1,liked,,2023-04-11T15:53:43Z,2023-04-11T15:53:43Z,,,,
55yFvmqE4v2KhUNpfK4tBT,Mörri,Vehje,Terveisiä,2021,2021,,nordic folk,nordic folk; folk,2021-04-23,126773,False,,https://open.spotify.com/track/55yFvmqE4v2KhUNpfK4tBT,3WzpMD96Bn9HZxecIQCD0s,3HkvLNhApP5JbS4q6My79k,4,1,liked,,2023-04-11T15:53:43Z,2023-04-11T15:53:43Z,,,,
6F1ly8mb3LrgVEfH4JgUy8,Venter På Stormene,Vemod,Venter På Stormene,2012,2012,,black metal,black metal; atmospheric black metal,2012-12-04,786000,False,,https://open.spotify.com/track/6F1ly8mb3LrgVEfH4JgUy8,7nO8cys9Jc8S6h8p8d3FOv,6jN6ZR1o3O06D3asvwVgKT,1,1,liked,,2023-04-11T15:53:43Z,2023-04-11T15:53:43Z,,,,
2qszpp5jXEDSMD1WfhWdzP,Buried Alive,Venom,In League With Satan,1981,1981,,black metal,black metal; thrash metal; speed metal; nwobhm; heavy metal,1981-01-01,252346,False,,https://open.spotify.com/track/2qszpp5jXEDSMD1WfhWdzP,0qVWKt8p46Ke1Srh1kabJb,5fwaejlOHVBAw1KhIPPaQe,14,1,liked,,2025-10-05T17:37:51Z,2025-10-05T17:37:51Z,,,,
6HkchkKI0GZfYfaTMQb2ah,Leeches - Just an American Band,Verbal Abuse,Just an American Band / Live In '84,2007,2007,,hardcore punk,hardcore punk; crossover thrash; thrash metal,2007-01-09,73280,False,,https://open.spotify.com/track/6HkchkKI0GZfYfaTMQb2ah,0U1I3t8G7RT1EnvBf0mfRy,02vN8RRlEBalUtkJOqGYQ0,2,1,liked,,2023-04-11T15:53:43Z,2023-04-11T15:53:43Z,,,,
4YwwzLj1GCPepU5xRsGUlH,I Hate You - Just an American Band,Verbal Abuse,Just an American Band / Live In '84,2007,2007,,hardcore punk,hardcore punk; crossover thrash; thrash metal,2007-01-09,129160,False,,https://open.spotify.com/track/4YwwzLj1GCPepU5xRsGUlH,0U1I3t8G7RT1EnvBf0mfRy,02vN8RRlEBalUtkJOqGYQ0,3,1,liked,,2023-04-11T15:53:43Z,2023-04-11T15:53:43Z,,,,
2omuGph7CBAP4NoUJ4yJnL,Disintegration - Just an American Band,Verbal Abuse,Just an American Band / Live In '84,2007,2007,,hardcore punk,hardcore punk; crossover thrash; thrash metal,2007-01-09,71373,False,,https://open.spotify.com/track/2omuGph7CBAP4NoUJ4yJnL,0U1I3t8G7RT1EnvBf0mfRy,02vN8RRlEBalUtkJOqGYQ0,7,1,liked,,2023-04-11T15:53:43Z,2023-04-11T15:53:43Z,,,,
4FYJC1O8dRdkiOjaeAkxSn,Verbal Abuse - Just an American Band,Verbal Abuse,Just an American Band / Live In '84,2007,2007,,hardcore punk,hardcore punk; crossover thrash; thrash metal,2007-01-09,64786,False,,https://open.spotify.com/track/4FYJC1O8dRdkiOjaeAkxSn,0U1I3t8G7RT1EnvBf0mfRy,02vN8RRlEBalUtkJOqGYQ0,11,1,liked,,2023-04-11T15:53:43Z,2023-04-11T15:53:43Z,,,,
4F00BHvoYuKwWjBMOEqX3L,Nightdrive,VHS Dreams,Nightdrive,2021,2021,,synthwave,synthwave; electronic,2021-07-02,248640,False,,https://open.spotify.com/track/4F00BHvoYuKwWjBMOEqX3L,0HS2rhWZNWH898BcnbxcyA,4sHCqGPH8ssoMeOeKrRZ38,1,1,liked; playlist,DJ Blackheart; 80's,2024-07-26T12:22:29Z,2025-07-20T16:46:04Z,,,,
4ixYwZHoFhIUm0N7emyoi3,Time Captives,Victor Peraino; Kingdom Come; Arthur Brown,"Journey in Time (feat. Kingdom Come, Arthur Brown)",2014,2014,,hard rock,hard rock; progressive rock; classic rock; psychedelic rock; heavy metal,2014-04-09,459053,False,,https://open.spotify.com/track/4ixYwZHoFhIUm0N7emyoi3,0Osmn75zirC4MQWxCu7UpK,631CseHoCWdoM01maKEYij; 2YFKPea38AMhGqGSqkFF1Q; 4Wyn0ejiSIAgFhCL6zbTRm,7,1,liked,,2024-11-08T10:38:52Z,2024-11-08T10:38:52Z,,,,
2AMJKTfh28DcU2DH3W0qlg,Age of Aquarius,Villagers of Ioannina City,Age of Aquarius,2019,2019,,progressive rock,progressive rock; stoner rock; folk rock; psychedelic folk,2019-09-20,523103,False,,https://open.spotify.com/track/2AMJKTfh28DcU2DH3W0qlg,6qvEBNlB4rS4trNxuP2gAe,0N8D2mPKMd3MWIhqdfpTBp,2,1,liked,,2023-04-24T07:39:41Z,2023-04-24T07:39:41Z,,,,
61IWg27jXGjzjiix1Ec8XM,Ultraviolet,Violet Cold,Kosmik,2019,2019,,post-metal,post-metal; blackgaze; post-rock; ambient; atmospheric black metal,2019-02-14,288692,False,,https://open.spotify.com/track/61IWg27jXGjzjiix1Ec8XM,3TyWQxMev9f93qXzTj1N8Z,5eh1n96NC6g34nPqpIItIo,5,1,liked,,2025-09-05T12:34:48Z,2025-09-05T12:34:48Z,,,,
5EXIIB6EUqUHJg7L7rivD4,Shazam the Void,Violet Cold,Shazam the Void,2022,2022,,post-metal,post-metal; blackgaze; post-rock; ambient; atmospheric black metal,2022-09-13,240000,False,,https://open.spotify.com/track/5EXIIB6EUqUHJg7L7rivD4,4xGmZV05WZNlFab4qwPUHx,5eh1n96NC6g34nPqpIItIo,1,1,liked,,2024-04-08T06:42:14Z,2024-04-08T06:42:14Z,,,,
0bthLhPGcgxKrAcn3pkUYt,Sands Of Madness,Viral,The Merchant,2025,2025,,thrash metal,thrash metal; heavy metal,2025-08-15,284600,False,,https://open.spotify.com/track/0bthLhPGcgxKrAcn3pkUYt,6BvwO5CQlni0QGR1vNSPIo,0sT0wVgRCNHH68kKJPhkwb,7,1,liked,,2025-08-22T10:53:10Z,2025-08-22T10:53:10Z,,,,
4fqhZNMI6U9lOCU5nXMLAD,Ascendance,Visions; Phurpa,Monad,2018,2018,,dark ambient,dark ambient,2018-04-25,550926,False,,https://open.spotify.com/track/4fqhZNMI6U9lOCU5nXMLAD,4yPVKchioqX7vBYiiUkqWt,3Ecq9p88bpzU3PYWLZI8jz; 3EaobZRQI7H0nbd39f61M9,1,1,liked,,2023-04-11T15:53:43Z,2023-04-11T15:53:43Z,,,,
1DVOXLWkCLFYY4HJjyxdqm,Lullaby,Vjaceslav Grochovskij,Russian Songs: Popular Folk Favorites,2017,2017,,classical,classical; folk,2017-03-31,187266,False,,https://open.spotify.com/track/1DVOXLWkCLFYY4HJjyxdqm,1VOjEpxhbp8nX5pGMFADEP,4m37nOHvYjyKHGpLikdrYl,10,1,liked,,2025-12-09T07:16:55Z,2025-12-09T07:16:55Z,,,,
0qBWel6ocxA7d57DS5OBKp,Ni,Vladimir Frith,独居死,2023,2023,,electronic,electronic; noise; experimental; soul; glitch,2023-07-07,468923,False,,https://open.spotify.com/track/0qBWel6ocxA7d57DS5OBKp,5H8doht4y4ETnfDY3kVrU3,0dUt0UzKnaJM6SpkXUmzrm,2,1,liked,,2023-07-17T16:41:10Z,2023-07-17T16:41:10Z,,,,
6A4snFb9miP0qntHu1hOsN,The Source,Void Vision,Sub Rosa,2014,2014,,electronic,electronic; coldwave,2014-11-11,237540,False,,https://open.spotify.com/track/6A4snFb9miP0qntHu1hOsN,4FtDW4YL7mycWWGo4lrnWk,4PJ7jtAtcsjZItnD91XrMU,8,1,liked,,2025-05-26T08:51:11Z,2025-05-26T08:51:11Z,,,,
7f69e2UkyVi5TaXun0Grq9,The Prow,Voivod,Angel Rat,1991,1991,,thrash metal,thrash metal; progressive metal; heavy metal; technical thrash metal,1991-01-01,230253,False,,https://open.spotify.com/track/7f69e2UkyVi5TaXun0Grq9,7sfmbJR5SxbIKTZeMH2MKW,0lFiKrJUofJpnrAJnMsnQ3,4,1,liked,,2026-02-05T06:17:24Z,2026-02-05T06:17:24Z,,,,
055vaHm3Wj2LwRUBpQ0B3T,Nuage Fractal - 2023 Version,Voivod,Nuage Fractal (2023 Version),2023,2023,,thrash metal,thrash metal; progressive metal; heavy metal; technical thrash metal,2023-05-19,221133,False,,https://open.spotify.com/track/055vaHm3Wj2LwRUBpQ0B3T,17Ehs1X9rzWZogCkF6TiLE,0lFiKrJUofJpnrAJnMsnQ3,1,1,liked,,2024-12-04T05:54:53Z,2024-12-04T05:54:53Z,,,,
3tZxq7CM2PCXWwsUIYE4IW,The Prow,Voivod,The Best of Voivod,1992,1992,,thrash metal,thrash metal; progressive metal; heavy metal; technical thrash metal,1992-01-01,228800,False,,https://open.spotify.com/track/3tZxq7CM2PCXWwsUIYE4IW,0TJzcxxTif2yPcgdn1EKdj,0lFiKrJUofJpnrAJnMsnQ3,12,1,liked,,2023-04-11T15:53:43Z,2023-04-11T15:53:43Z,,,,
2wkGz0DiL3sG6vck3VGXY7,Grasping Time,Vokonis,Grasping Time,2019,2019,,stoner rock,stoner rock; doom metal; doom; stoner metal; heavy psych,2019-09-06,255546,False,,https://open.spotify.com/track/2wkGz0DiL3sG6vck3VGXY7,2JYwLpqaZn1C4MdY4cRwWL,3DZoit5R0ahZQCNLbDnNxr,7,1,liked,,2023-04-11T15:53:43Z,2023-04-11T15:53:43Z,,,,
2oWTUw2pld68nYrhIB79cK,Paper Wolf,VOLA,Paper Wolf,2023,2023,,djent,djent; progressive metal; progressive rock; progressive; alternative metal,2023-08-23,267040,False,,https://open.spotify.com/track/2oWTUw2pld68nYrhIB79cK,2ty8JBL8Dngut70HsN3aEI,1HQjBwlj8FSHMhVaNQ4tEI,1,1,liked,,2023-09-01T14:25:45Z,2023-09-01T14:25:45Z,,,,
0z1Qbd3kAxiI8ZHO5B5lrf,Exordium,Voskresenie,Hieronymus tales,2024,2024,,death metal,death metal; black metal,2024-11-10,126245,False,,https://open.spotify.com/track/0z1Qbd3kAxiI8ZHO5B5lrf,04EmY2qWNbzJYi7tjMSV53,4bXbEQQ7ChqsLNRMd8MhNC,1,1,liked,,2024-12-02T13:55:20Z,2024-12-02T13:55:20Z,,,,
6y2FBjICHOelOXDD137xjK,Blinding Ornaments,Vulkan,Technatura,2020,2020,,progressive rock,progressive rock,2020-05-08,246563,False,,https://open.spotify.com/track/6y2FBjICHOelOXDD137xjK,4eCtx7aIiU0nnInv1jZB4g,7hUmeNCy16IbVdufW26t2H,10,1,liked,,2024-07-17T13:27:32Z,2024-07-17T13:27:32Z,,,,
33BXhcSsWGjGUaKxKu9vVW,Dust Age,Vultures Vengeance,Dust Age,2025,2025,,heavy metal,heavy metal,2025-02-04,374440,False,,https://open.spotify.com/track/33BXhcSsWGjGUaKxKu9vVW,35hcRP0eSsM4i6LfnseZhj,1TFfooQXCOYOHQtG5ffplO,1,1,liked,,2025-03-29T16:06:55Z,2025-03-29T16:06:55Z,,,,
0K1SIWZFYeuteaFPn3sCPe,Naar Vinden Graater,Vàli,Forlatt,2013,2013,,dark folk,dark folk,2013-08-30,212493,False,,https://open.spotify.com/track/0K1SIWZFYeuteaFPn3sCPe,4Gwf27nBqKVqEf1JwlxEBS,4R5FNY5clRc9Fukue1WzRB,1,1,liked,,2023-04-11T15:53:43Z,2023-04-11T15:53:43Z,,,,
6Tax1Xbkdbz9TPdKrMrZCl,Gjemt Under Grener,Vàli,Skogslandskap,2013,2013,,dark folk,dark folk,2013-08-30,150733,False,,https://open.spotify.com/track/6Tax1Xbkdbz9TPdKrMrZCl,7qP2IGi5km9DOz9sPPFYp2,4R5FNY5clRc9Fukue1WzRB,3,1,liked,,2024-01-02T07:39:55Z,2024-01-02T07:39:55Z,,,,
6uJXOi796U1D8iW9fj2ZGn,Funnel Of Love,Wanda Jackson,The Capitol Singles 1959-1961,2020,2020,,rockabilly,rockabilly; singer-songwriter; country; gospel,2020-10-23,128426,False,,https://open.spotify.com/track/6uJXOi796U1D8iW9fj2ZGn,39htnVOmsFgAUft9YHpvZ2,5ZKMPRDHc7qElVJFh3uRqB,16,1,liked,,2023-04-11T15:53:43Z,2023-04-11T15:53:43Z,,,,
6aMXXnq3qsiQV1i2OLI2ih,Hertan,Wardruna,Hertan,2024,2024,,nordic folk,nordic folk; dark folk,2024-04-05,373470,False,,https://open.spotify.com/track/6aMXXnq3qsiQV1i2OLI2ih,2nQPHA7MXBfBrR0rCKxnT4,0NJ6wlOAsAJ1PN4VRdTPKA,1,1,liked,,2024-04-05T07:49:01Z,2024-04-05T07:49:01Z,,,,
4d0aNV4HTwT976e6MgaYAF,Kvitravn,Wardruna,Kvitravn,2021,2021,,nordic folk,nordic folk; dark folk,2021-01-22,377813,False,,https://open.spotify.com/track/4d0aNV4HTwT976e6MgaYAF,132okTo9mH15DcQZZZ4bWu,0NJ6wlOAsAJ1PN4VRdTPKA,2,1,liked,,2023-04-11T15:53:43Z,2023-04-11T15:53:43Z,,,,
0Fe3zUUqNKiC1o77QL1Qrp,Skugge,Wardruna,Kvitravn,2021,2021,,nordic folk,nordic folk; dark folk,2021-01-22,398266,False,,https://open.spotify.com/track/0Fe3zUUqNKiC1o77QL1Qrp,132okTo9mH15DcQZZZ4bWu,0NJ6wlOAsAJ1PN4VRdTPKA,3,1,liked,,2023-04-11T15:53:43Z,2023-04-11T15:53:43Z,,,,
7aZrjrEBm30lntozZHt3Zb,Isa,Wardruna,Runaljod - Ragnarok,2016,2016,,nordic folk,nordic folk; dark folk,2016-10-21,431920,False,,https://open.spotify.com/track/7aZrjrEBm30lntozZHt3Zb,7jd4fRf4g2BfmifRRQJIxT,0NJ6wlOAsAJ1PN4VRdTPKA,3,1,liked,,2023-04-11T15:53:43Z,2023-04-11T15:53:43Z,,,,
2qtthhGCRudMy8xChB3XSr,MannaR - Drivande,Wardruna,Runaljod - Ragnarok,2016,2016,,nordic folk,nordic folk; dark folk,2016-10-21,247773,False,,https://open.spotify.com/track/2qtthhGCRudMy8xChB3XSr,7jd4fRf4g2BfmifRRQJIxT,0NJ6wlOAsAJ1PN4VRdTPKA,4,1,liked,,2023-04-11T15:53:43Z,2023-04-11T15:53:43Z,,,,
7HDwVi0yuOb5g4Ho9LS4QT,MannaR - Liv,Wardruna,Runaljod - Ragnarok,2016,2016,,nordic folk,nordic folk; dark folk,2016-10-21,311731,False,,https://open.spotify.com/track/7HDwVi0yuOb5g4Ho9LS4QT,7jd4fRf4g2BfmifRRQJIxT,0NJ6wlOAsAJ1PN4VRdTPKA,5,1,liked,,2023-04-11T15:53:43Z,2023-04-11T15:53:43Z,,,,
3ldebiJSf8sAlS5czkqDBp,Raido,Wardruna,Runaljod - Ragnarok,2016,2016,,nordic folk,nordic folk; dark folk,2016-10-21,285053,False,,https://open.spotify.com/track/3ldebiJSf8sAlS5czkqDBp,7jd4fRf4g2BfmifRRQJIxT,0NJ6wlOAsAJ1PN4VRdTPKA,6,1,liked,,2023-04-11T15:53:43Z,2023-04-11T15:53:43Z,,,,
7rVF6vN3xuMaZMsFTPA1dz,Wunjo,Wardruna,Runaljod - Ragnarok,2016,2016,,nordic folk,nordic folk; dark folk,2016-10-21,318364,False,,https://open.spotify.com/track/7rVF6vN3xuMaZMsFTPA1dz,7jd4fRf4g2BfmifRRQJIxT,0NJ6wlOAsAJ1PN4VRdTPKA,9,1,liked,,2023-04-11T15:53:43Z,2023-04-11T15:53:43Z,,,,
528KWNngYORvUkoixWpqqy,Fehu,Wardruna,Runaljod – Yggdrasil,2013,2013,,nordic folk,nordic folk; dark folk,2013-03-25,405280,False,,https://open.spotify.com/track/528KWNngYORvUkoixWpqqy,4Ir9Mw8uEYlIipN6hBeBsP,0NJ6wlOAsAJ1PN4VRdTPKA,2,1,liked,,2023-04-11T15:53:43Z,2023-04-11T15:53:43Z,,,,
7vSzGbTC6ZzoOhBrsEfGCO,IwaR,Wardruna,Runaljod – Yggdrasil,2013,2013,,nordic folk,nordic folk; dark folk,2013-03-25,342573,False,,https://open.spotify.com/track/7vSzGbTC6ZzoOhBrsEfGCO,4Ir9Mw8uEYlIipN6hBeBsP,0NJ6wlOAsAJ1PN4VRdTPKA,6,1,liked,,2023-04-11T15:53:43Z,2023-04-11T15:53:43Z,,,,
7gFp3jep05lBzis8hznAdX,Gibu,Wardruna,Runaljod – Yggdrasil,2013,2013,,nordic folk,nordic folk; dark folk,2013-03-25,330280,False,,https://open.spotify.com/track/7gFp3jep05lBzis8hznAdX,4Ir9Mw8uEYlIipN6hBeBsP,0NJ6wlOAsAJ1PN4VRdTPKA,8,1,liked,,2023-04-11T15:53:43Z,2023-04-11T15:53:43Z,,,,
1bqmaIBGwlo4MtrAxjRDHB,Helvegen,Wardruna,Runaljod – Yggdrasil,2013,2013,,nordic folk,nordic folk; dark folk,2013-03-25,431866,False,,https://open.spotify.com/track/1bqmaIBGwlo4MtrAxjRDHB,4Ir9Mw8uEYlIipN6hBeBsP,0NJ6wlOAsAJ1PN4VRdTPKA,11,1,liked,,2023-04-11T15:53:43Z,2023-04-11T15:53:43Z,,,,
1FTw1aQ2yVuDjaAh9QLl6d,Footprints,Warning,Watching from a Distance,2006,2006,,progressive metal,progressive metal; heavy metal; progressive rock; power metal; us power metal,2006-12-01,451386,False,,https://open.spotify.com/track/1FTw1aQ2yVuDjaAh9QLl6d,5UQnIr66xQUEPYZlIOGszf,215tdyVWdDYOjufDKf6UJg,2,1,liked,,2025-10-27T10:31:08Z,2025-10-27T10:31:08Z,,,,
74uot2TmoOwKNZQSuGC9Q7,Angels,Wax Poetic; Norah Jones; Ilhan Ersahin,Nublu Sessions,2003,2003,,electronic,electronic; vocal jazz; singer-songwriter; jazz pop; indie pop,2003-12-02,240440,False,,https://open.spotify.com/track/74uot2TmoOwKNZQSuGC9Q7,09M11fySl6z7MKtpWBPdK9,4WeRix3pCmdwef6aBAIbYf; 2Kx7MNY7cI1ENniW7vT30N; 5aweKNLI0ZyI48q5TmoCxT,4,1,liked,,2023-04-11T15:53:43Z,2023-04-11T15:53:43Z,,,,
2ispbUjxKz1K2j5zE9eNwu,Bogatyri,We Lost The Sea,Departure Songs,2015,2015,,post metal,post metal; post rock; post-rock; instrumental rock; experimental,2015-09-25,700893,False,,https://open.spotify.com/track/2ispbUjxKz1K2j5zE9eNwu,2qYkNaEeAbiarc0rwkjkh3,7GVByFFfFJYCzK4d8ZyL6s,2,1,liked,,2023-04-11T15:53:43Z,2023-04-11T15:53:43Z,,,,
0ZrDGDbnwW5WPXNMamfkRH,Blood Upon the Blade,Weald & Woe,Blood Upon the Blade,2025,2025,,black metal,black metal,2025-05-23,219600,False,,https://open.spotify.com/track/0ZrDGDbnwW5WPXNMamfkRH,2kvrIPHMWG9EXMEZEZBerf,7hoD8oq17rKfR3EQmmT3gJ,1,1,liked,,2025-06-19T12:36:26Z,2025-06-19T12:36:26Z,,,,
2ieCJQNZ3RZEZytdfiCzMz,God Luck and Good Speed,Weedeater,God Luck and Good Speed,2007,2007,,sludge metal,sludge metal; stoner metal,2007,265826,False,,https://open.spotify.com/track/2ieCJQNZ3RZEZytdfiCzMz,5RshrSwjez5pwzHfOXldkO,40uWyieMnDCdIlba6Pr7xL,1,1,liked,,2023-04-11T15:53:43Z,2023-04-11T15:53:43Z,,,,
1EvlOvCzzgzrlxhTfQS5AD,Gimme Back My Bullets - Lynyrd Skynyrd,Weedeater,God Luck and Good Speed,2007,2007,,sludge metal,sludge metal; stoner metal,2007,255293,False,,https://open.spotify.com/track/1EvlOvCzzgzrlxhTfQS5AD,5RshrSwjez5pwzHfOXldkO,40uWyieMnDCdIlba6Pr7xL,7,1,liked,,2023-04-11T15:53:43Z,2023-04-11T15:53:43Z,,,,
2z3LS0Vl8ntnqlKlLTMw9g,Jason… the Dragon,Weedeater,Jason... The Dragon,2011,2011,,sludge metal,sludge metal; stoner metal,2011,358786,False,,https://open.spotify.com/track/2z3LS0Vl8ntnqlKlLTMw9g,2TOup5N69VhUHM9LQUPU4n,40uWyieMnDCdIlba6Pr7xL,5,1,liked,,2023-04-11T15:53:43Z,2023-04-11T15:53:43Z,,,,
0RfoeJLvPM3yGBs2jhMxkO,Nothingness,Weedpecker,II,2015,2015,,stoner rock,stoner rock; progressive rock; grunge; psychedelic; stoner metal,2015-05-12,308998,False,,https://open.spotify.com/track/0RfoeJLvPM3yGBs2jhMxkO,0S4PlNmNomd0l7rvDop5KO,4PSVYeo0dqy133iK0TLIZu,4,1,liked,,2024-09-30T14:07:58Z,2024-09-30T14:07:58Z,,,,
3URDRmbYUolxE7oRaKCO0i,And Just Like That,Westhead,And Just Like That,2022,2022,,reggae,reggae; roots reggae,2022-02-24,180099,False,,https://open.spotify.com/track/3URDRmbYUolxE7oRaKCO0i,0W24CcuQDhktkIF4ZXg5AD,462534DMF4YAGCP7PSbv5g,2,1,liked,,2023-04-10T16:26:59Z,2023-04-10T16:26:59Z,,,,
0bcnU4b8DZoArWGq2HvUOp,One Week,Where Mermaids Drown,And The Raging Winds Do Blow,2021,2021,,post-rock,post-rock,2021-04-09,506000,False,,https://open.spotify.com/track/0bcnU4b8DZoArWGq2HvUOp,6Aig5pr1wKFQiX9wUNAbLw,3Q4FVct3GXGPi44mH5mP6J,1,1,liked,,2023-04-11T15:53:43Z,2023-04-11T15:53:43Z,,,,
02dITOc5x33UDbXPtov3eV,Vast Oceans Lachrymose (Single Version),While Heaven Wept,Vast Oceans Lachrymose,2010,2010,,doom metal,doom metal; epic doom metal,2010-10-15,302239,False,,https://open.spotify.com/track/02dITOc5x33UDbXPtov3eV,51UoTYVGNtRQx77JEr65n2,6VXKzxrOgSxJeeTaxCMEiP,9,1,liked,,2025-08-06T10:47:01Z,2025-08-06T10:47:01Z,,,,
1Ks2UecuMS4C0XVjNhtz0w,Last Man Alive,Whiplash,Power And Pain,1985,1985,,thrash metal,thrash metal; heavy metal; speed metal; grunge; groove metal,1985-01-01,210986,False,,https://open.spotify.com/track/1Ks2UecuMS4C0XVjNhtz0w,3yMXMihmwUHEXHc8K3Q2Kq,1VZpDV00MljTrkukEHFKqZ,3,1,liked,,2024-12-03T07:37:58Z,2024-12-03T07:37:58Z,,,,
4B0aPVzJylnVE8X0qBcoJZ,Message in Blood,Whiplash,Power And Pain,1985,1985,,thrash metal,thrash metal; heavy metal; speed metal; grunge; groove metal,1985-01-01,244400,False,,https://open.spotify.com/track/4B0aPVzJylnVE8X0qBcoJZ,3yMXMihmwUHEXHc8K3Q2Kq,1VZpDV00MljTrkukEHFKqZ,4,1,liked,,2025-01-10T10:59:10Z,2025-01-10T10:59:10Z,,,,
1bQQsP2KOcqqbraDKLlban,Spit on Your Grave,Whiplash,Power And Pain,1985,1985,,thrash metal,thrash metal; heavy metal; speed metal; grunge; groove metal,1985-01-01,168080,False,,https://open.spotify.com/track/1bQQsP2KOcqqbraDKLlban,3yMXMihmwUHEXHc8K3Q2Kq,1VZpDV00MljTrkukEHFKqZ,8,1,liked,,2025-03-29T16:28:43Z,2025-03-29T16:28:43Z,,,,
6yjtcpFf9dLgflkS52PYNa,Leave,Whirr,Distressor,2012,2012,,shoegaze,shoegaze; noise pop; alternative rock; indie rock; dream pop,2012-06-19,253443,False,,https://open.spotify.com/track/6yjtcpFf9dLgflkS52PYNa,4Mk9GyIiXwZg9KZN1UvTA2,1tnjjbgszXYa8BbyTzwM0w,2,1,liked,,2024-07-06T18:54:39Z,2024-07-06T18:54:39Z,,,,
6S9cuHvVIuoKfSDwcENP9P,Vi Finnes,Whispering Void,Vi Finnes,2024,2024,,folk metal,folk metal,2024-07-23,330783,False,,https://open.spotify.com/track/6S9cuHvVIuoKfSDwcENP9P,2v2e3nARekbUpS3cAXehxm,7K3UWa4Dku9GDOen5K2kyS,1,1,liked,,2024-08-09T06:52:26Z,2024-08-09T06:52:26Z,,,,
63nGUw0quy5TN5wqzQqlAQ,Clarity,White Noise; White Noise Sleep Sounds; White Noise for Babies,White Noise: Sound Frequency,2021,2021,,electronic,electronic; psychedelic pop; experimental; progressive electronic,2021-12-21,116000,False,,https://open.spotify.com/track/63nGUw0quy5TN5wqzQqlAQ,4kiMlOyY6lQnYaJWDaoM2J,5oXC7wyXskycWkeb0cFo6i; 3q3dE3qsl5FYAZzzxBIVLI; 4ZfEELHfyKd4odAb6YfDFw,3,1,liked,,2023-04-10T16:28:07Z,2023-04-10T16:28:07Z,,,,
3pHpV3pa96s4vuBP7sQq0V,Is This Love - 2018 Remaster,Whitesnake,Whitesnake (2018 Remaster),1987,1987,,hard rock,hard rock; blues rock; classic rock; heavy metal; acoustic rock,1987,284496,False,,https://open.spotify.com/track/3pHpV3pa96s4vuBP7sQq0V,70uPhkIhXTXM6MNNsMjAHx,3UbyYnvNIT5DFXU4WgiGpP,6,1,liked; playlist,80's,2023-04-11T15:53:43Z,2024-07-24T18:07:02Z,,,,
4pKkOwnn3F35vqVJQy1GUl,Grass For Blades,Wigwam,Dark Album,1977,1977,,progressive rock,progressive rock; jazz rock,1977,561213,False,,https://open.spotify.com/track/4pKkOwnn3F35vqVJQy1GUl,7BGoxOSslf0C1SxLUvCMyn,6JlgvkzzxFaMfDpu7zxUav,9,1,liked,,2023-04-15T15:46:43Z,2023-04-15T15:46:43Z,,,,
62T9T9ed962W479MnAk8tL,With Arms Like Wands,Wildernessking,Mystical Future,2016,2016,,black metal,black metal; progressive; post-black metal,2016-02-05,499106,False,,https://open.spotify.com/track/62T9T9ed962W479MnAk8tL,0KX8tc4C3TQhDnOqKVjiyf,5bK1OujQX6gjNCBPtgpft0,4,1,liked,,2024-11-20T11:44:13Z,2024-11-20T11:44:13Z,,,,
0tckmxdY7UeQWtJGcWP4CQ,Forest Clouds,Windhand,Grief's Infernal Flower,2015,2015,,doom metal,doom metal; stoner metal; stoner; traditional doom metal,2015-09-18,551320,False,,https://open.spotify.com/track/0tckmxdY7UeQWtJGcWP4CQ,5vH0eEpO8S3Nr6bGpE3cL1,6wE3e84Zg41JF04Z39i5wv,2,1,liked,,2023-04-11T15:53:43Z,2023-04-11T15:53:43Z,,,,
59ML0d8TWN9YIUK1KG62NC,Woodbine,Windhand,Soma,2013,2013,,doom metal,doom metal; stoner metal; stoner; traditional doom metal,2013-09-17,562586,False,,https://open.spotify.com/track/59ML0d8TWN9YIUK1KG62NC,1uT455zoyeabAFnd8er1F3,6wE3e84Zg41JF04Z39i5wv,2,1,liked,,2024-12-09T08:39:21Z,2024-12-09T08:39:21Z,,,,
509n9oX37fCWefONr6Izle,The Beginning,Windir,Arntor,1999,1999,,black metal,black metal; melodic black metal; viking metal,1999-10-20,197851,False,,https://open.spotify.com/track/509n9oX37fCWefONr6Izle,6RNkLWsEaepoRBcbzkAHEe,2ytfu1MWsf763hCBQmaQr6,1,1,liked,,2025-05-19T10:24:25Z,2025-05-19T10:24:25Z,,,,
21Bc2sjA8YX5zteH4kbZLU,"Arntor, A Warrior",Windir,Arntor,1999,1999,,black metal,black metal; melodic black metal; viking metal,1999-10-20,416731,False,,https://open.spotify.com/track/21Bc2sjA8YX5zteH4kbZLU,6RNkLWsEaepoRBcbzkAHEe,2ytfu1MWsf763hCBQmaQr6,2,1,liked,,2023-04-11T15:53:43Z,2023-04-11T15:53:43Z,,,,
3bfj2SHHePq812ImUKhjlP,The Blacksmith and the Troll of Lundamyri,Windir,Arntor,1999,1999,,black metal,black metal; melodic black metal; viking metal,1999-10-20,542380,False,,https://open.spotify.com/track/3bfj2SHHePq812ImUKhjlP,6RNkLWsEaepoRBcbzkAHEe,2ytfu1MWsf763hCBQmaQr6,4,1,liked,,2025-05-19T10:21:18Z,2025-05-19T10:21:18Z,,,,
7DOv8LIee9X6y5pay7VzsP,I Ei Krystallnatt,Windir,Soknardalr,1997,1997,,black metal,black metal; melodic black metal; viking metal,1997,317074,False,,https://open.spotify.com/track/7DOv8LIee9X6y5pay7VzsP,14UKQlDXcwq7iQtYc0uIWf,2ytfu1MWsf763hCBQmaQr6,5,1,liked,,2025-05-19T10:29:05Z,2025-05-19T10:29:05Z,,,,
7Jsx6x2qhGfKED833E3d52,Likbør,Windir,Soknardalr,1997,1997,,black metal,black metal; melodic black metal; viking metal,1997,492434,False,,https://open.spotify.com/track/7Jsx6x2qhGfKED833E3d52,14UKQlDXcwq7iQtYc0uIWf,2ytfu1MWsf763hCBQmaQr6,7,1,liked,,2025-05-19T10:33:16Z,2025-05-19T10:33:16Z,,,,
4qSG7uX4AGz0rBxDQoFxH9,Laugh Away,Windows 96,Laugh Away,2020,2020,,vaporwave,vaporwave; synthwave,2020-05-19,171034,False,,https://open.spotify.com/track/4qSG7uX4AGz0rBxDQoFxH9,6SSX0knQ6kawHeYhyecKFh,65XcfOOaVxbZnNlz40DK7i,1,1,liked; playlist,80's,2023-04-11T15:53:43Z,2024-07-24T18:06:57Z,,,,
0K3UBTb9mnaZRlrCdmZq9d,A Soul Unbound,Winterfylleth,The Threnody Of Triumph,2012,2012,,black metal,black metal; atmospheric black metal; blackgaze,2012-09-10,495613,False,,https://open.spotify.com/track/0K3UBTb9mnaZRlrCdmZq9d,0p9FuT18ZJtYCweJergzpW,0cKyWvYnOGpPV2NpulEYf5,6,1,liked,,2023-04-11T15:53:43Z,2023-04-11T15:53:43Z,,,,
1m75Xq2RCMoSqc5CaNYCCF,Free To Live,Winterhawk,Revival,2004,2004,,hard rock,hard rock,2004-02-02,570560,False,,https://open.spotify.com/track/1m75Xq2RCMoSqc5CaNYCCF,2t6dNr90wvqb1YvolnoAjg,5UDBZn27u8wIWy3kmQiSCh,7,1,liked,,2024-10-24T06:22:22Z,2024-10-24T06:22:22Z,,,,
2Lathi1zVEUYJtnyp8BkUW,The King Will Come,Wishbone Ash,Argus (Expanded Edition),1972,1972,,progressive rock,progressive rock; hard rock; techno; blues rock; art rock,1972,425306,False,,https://open.spotify.com/track/2Lathi1zVEUYJtnyp8BkUW,7xEluvnbmFtRB5g66CJ2ND,77zwstbi3x1IxnbDFg6uns,4,1,liked,,2023-04-11T15:53:43Z,2023-04-11T15:53:43Z,,,,
0StROHvvuCv6YcLQ9YNx9o,We Stand as One,Wishbone Ash,Coat of Arms,2020,2020,,progressive rock,progressive rock; hard rock; techno; blues rock; art rock,2020-02-28,255520,False,,https://open.spotify.com/track/0StROHvvuCv6YcLQ9YNx9o,2kHHa37XXqnxAGZGbnPTCP,77zwstbi3x1IxnbDFg6uns,1,1,liked,,2023-04-11T15:53:43Z,2023-04-11T15:53:43Z,,,,
1M7ETupsu1EJ79csJNuVNm,Flag of Fate,Witchcraft,Legend,2012,2012,,doom metal,doom metal; psychedelic rock; heavy metal; stoner rock; hard rock,2012-09-21,275613,False,,https://open.spotify.com/track/1M7ETupsu1EJ79csJNuVNm,0SarnHDFSff7x2ziE4Ajrp,3HVmba1wHgrLVsVC5IIzkG,2,1,liked,,2024-12-09T11:01:05Z,2024-12-09T11:01:05Z,,,,
0fATnWJXdt6ke5kR2klu7g,An Alternative to Freedom,Witchcraft,Legend,2012,2012,,doom metal,doom metal; psychedelic rock; heavy metal; stoner rock; hard rock,2012-09-21,317600,False,,https://open.spotify.com/track/0fATnWJXdt6ke5kR2klu7g,0SarnHDFSff7x2ziE4Ajrp,3HVmba1wHgrLVsVC5IIzkG,4,1,liked,,2023-04-11T15:53:43Z,2023-04-11T15:53:43Z,,,,
4H8Pc9vTVBNSwaRcdU3T04,Dug Your Grave,Witchrot,Dug Your Grave,2019,2019,,metal,metal; stoner rock; psychedelic,2019-08-23,322636,False,,https://open.spotify.com/track/4H8Pc9vTVBNSwaRcdU3T04,7rJpa1WmsEFNtZZsQHyMTP,2tC68a9hnN3U6SWMeauD3Y,1,1,liked,,2024-09-06T13:09:05Z,2024-09-06T13:09:05Z,,,,
1VX1DfURL7e8289vQ5jCWt,The Darkest Light - Extended Version,Witchtower,Voyeur (Extended Versions),2023,2023,,thrash metal,thrash metal; death metal,2023-03-29,326356,False,,https://open.spotify.com/track/1VX1DfURL7e8289vQ5jCWt,1CCyIRigZwATTGrw41a5oo,1vdg1cQfbk5KZGyzSOeV5r,5,1,liked,,2024-12-04T06:02:05Z,2024-12-04T06:02:05Z,,,,
5eJGitOKQOukHf5yQ5yfOP,Upon These Stones,Wodensthrone,Loss,2009,2009,,atmospheric black metal,atmospheric black metal; black metal,2009-08-01,660986,False,,https://open.spotify.com/track/5eJGitOKQOukHf5yQ5yfOP,6jaLrPooAcxWKyXsxvlJDc,13AqtEAizDfq1vVVK7MMYX,6,1,liked,,2023-04-11T15:53:43Z,2023-04-11T15:53:43Z,,,,
4pG41oVPVexrDlwnvT2xtt,Kingfisher,Wolf People,Ruins,2016,2016,,dance and electronica,dance and electronica,2016-11-11,418146,False,,https://open.spotify.com/track/4pG41oVPVexrDlwnvT2xtt,71ujjjzO4U0ED11m2tVzKu,6ZkaJWNgRHvDBiuZsyTaZK,4,1,liked,,2023-04-11T15:53:43Z,2023-04-11T15:53:43Z,,,,
34DjMZQ5D1kg7pxjDTSyFk,Ritual Lovers,Wolvennest,Ritual Mmxx,2021,2021,,black metal,black metal; atmospheric black metal; ambient; psychedelic blackmetal; experimental,2021-04-16,436013,False,,https://open.spotify.com/track/34DjMZQ5D1kg7pxjDTSyFk,0q4SzRTMOVbSS0EN0aBpJi,6r4OXTv5GG4cGuCk6bcihV,2,1,liked,,2023-10-17T10:46:56Z,2023-10-17T10:46:56Z,,,,
00w0oIiM15caADPJYkmDu3,Disappear,Wolvennest,Temple,2021,2021,,black metal,black metal; atmospheric black metal; ambient; psychedelic blackmetal; experimental,2021-03-05,435692,False,,https://open.spotify.com/track/00w0oIiM15caADPJYkmDu3,0Nq0eMs4FkbtzQDyGV6dmb,6r4OXTv5GG4cGuCk6bcihV,7,1,liked,,2023-04-11T15:53:43Z,2023-04-11T15:53:43Z,,,,
7KPNPj4ZGiIw23ilc7OFmA,Wanderer Above the Sea of Fog,Wolves In The Throne Room,Black Cascade,2009,2009,,atmospheric black metal,atmospheric black metal; black metal,2009-03-31,633266,False,,https://open.spotify.com/track/7KPNPj4ZGiIw23ilc7OFmA,3IKH6M6Pd4Wb2aFxKGP6cl,5lqyPWmAivV75tII5Vxpet,1,1,liked,,2023-04-11T15:53:43Z,2023-04-11T15:53:43Z,,,,
7AXq0ZDCfisaeS3xQqQRIO,Murk Above the Dark Moor,Worm,Foreverglade,2021,2021,,death-doom metal,death-doom metal; black metal; death metal; doom metal; death doom metal,2021-10-22,457960,False,,https://open.spotify.com/track/7AXq0ZDCfisaeS3xQqQRIO,36Q9lOsmM3UCm3bxUDifJf,5KGJFenkLeQ77WEgKFPnTZ,2,1,liked,,2025-09-25T04:48:27Z,2025-09-25T04:48:27Z,,,,
3fvR1LSh0lRcAohUteSz6e,Subaqueous Funeral,Worm,Foreverglade,2021,2021,,death-doom metal,death-doom metal; black metal; death metal; doom metal; death doom metal,2021-10-22,218226,False,,https://open.spotify.com/track/3fvR1LSh0lRcAohUteSz6e,36Q9lOsmM3UCm3bxUDifJf,5KGJFenkLeQ77WEgKFPnTZ,5,1,liked,,2025-09-22T12:54:47Z,2025-09-22T12:54:47Z,,,,
5dAie8vCratkNmHUnkPf0e,Witchmoon: The Infernal Masquerade (feat. Marty Friedman),Worm; Marty Friedman,Witchmoon: The Infernal Masquerade (feat. Marty Friedman),2026,2026,,death-doom metal,death-doom metal; instrumental rock; black metal; progressive rock; death metal,2026-01-22,844650,False,,https://open.spotify.com/track/5dAie8vCratkNmHUnkPf0e,1pNWe6lSQ9A9C89MeFheWY,5KGJFenkLeQ77WEgKFPnTZ; 5czW6bitDSKbNBNDizRT9p,1,1,liked,,2026-01-23T05:53:21Z,2026-01-23T05:53:21Z,,,,
79ZjZsNdyiH7vCleIEOH7G,Truly Golden,Wovenhand,Mosaic,2006,2006,,alternative folk,alternative folk; experimental rock; post-rock; progressive folk; indie rock,2006-09-12,213840,False,,https://open.spotify.com/track/79ZjZsNdyiH7vCleIEOH7G,7uDi32AnQaoXsQuBlHDRth,0dpglhdTlof5BS5LX7uJmg,10,1,liked,,2025-08-06T11:26:48Z,2025-08-06T11:26:48Z,,,,
1KBiK1BuQn7ZCr52vTkP7k,The Refractory,Wovenhand,Refractory Obdurate,2014,2014,,alternative folk,alternative folk; experimental rock; post-rock; progressive folk; indie rock,2014-04-29,293275,False,,https://open.spotify.com/track/1KBiK1BuQn7ZCr52vTkP7k,4Z6AqDWffHcA7oVh4ebvPo,0dpglhdTlof5BS5LX7uJmg,3,1,liked,,2025-06-05T15:56:51Z,2025-06-05T15:56:51Z,,,,
00EhIu1BTgZHRCXmFHT7Ld,The Good Hand,Wovenhand,Woven Hand,2002,2002,,alternative folk,alternative folk; experimental rock; post-rock; progressive folk; indie rock,2002-04-01,250320,False,,https://open.spotify.com/track/00EhIu1BTgZHRCXmFHT7Ld,0M1BsAowLxOrnBsx0YYlNy,0dpglhdTlof5BS5LX7uJmg,1,1,liked,,2025-05-26T10:30:52Z,2025-05-26T10:30:52Z,,,,
678WTvC4gfyNkYZzN6uxHM,Death Undone,Writhen Hilt,Ancient Sword Cult,2024,2024,,heavy metal,heavy metal,2024-02-23,372659,False,,https://open.spotify.com/track/678WTvC4gfyNkYZzN6uxHM,2yqctcaizncuw6r3CDDnUV,0n38I4GqCJdTkWUiK0oTR5,1,1,liked,,2025-03-29T16:55:55Z,2025-03-29T16:55:55Z,,,,
1yn1CMEh24A3iPSd5DE1Nl,Mountain,Writhen Hilt,Ancient Sword Cult,2024,2024,,heavy metal,heavy metal,2024-02-23,319196,False,,https://open.spotify.com/track/1yn1CMEh24A3iPSd5DE1Nl,2yqctcaizncuw6r3CDDnUV,0n38I4GqCJdTkWUiK0oTR5,2,1,liked,,2025-03-30T18:30:13Z,2025-03-30T18:30:13Z,,,,
4GUENWgZGiS3qfYKcy5xSB,Himlin,Wulkanaz,Wulkanaz,2019,2019,,black metal,black metal,2019-02-14,143571,False,,https://open.spotify.com/track/4GUENWgZGiS3qfYKcy5xSB,6KrCayGtW9hw92md9YS8F4,2c1uH1emx3CCrijqUoPoid,2,1,liked,,2024-11-21T05:57:37Z,2024-11-21T05:57:37Z,,,,
4An5EbkHouVvTdmIF2Dyxe,kol badai - Live at Roadburn,Wyatt E.; Five The Hierophant; Tomer Damsky,Atonia (Live at Roadburn),2023,2023,,drone,drone; jazz metal; post-metal; doom metal; black metal,2023-04-07,478167,False,,https://open.spotify.com/track/4An5EbkHouVvTdmIF2Dyxe,7EWm5ffnBo1Prp1ODXfm1Y,70x6QVPo3xBIDNkxzkngdh; 7BLGm3lPTk4EeSEIQ4Uc6A; 3QaaOPtYKxBp3dmP1GA4WH,6,1,liked,,2023-04-11T15:53:43Z,2023-04-11T15:53:43Z,,,,
2Rnwd2S8TeYinBSYmAwUjx,Im Lelya,Wyatt E.; Tomer Damsky,"Zamāru ultu qereb ziqquratu, Pt. 1",2025,2025,,drone,drone; post-metal; post-rock; doom metal,2025-01-10,307951,False,,https://open.spotify.com/track/2Rnwd2S8TeYinBSYmAwUjx,3bjS6qgkmA9BGZt1fMe2Ou,70x6QVPo3xBIDNkxzkngdh; 3QaaOPtYKxBp3dmP1GA4WH,3,1,liked,,2025-01-27T11:44:59Z,2025-01-27T11:44:59Z,,,,
0NdzDbeqxU8AhrdwSAQhW7,Digging Deeper,Wytch Hazel,A Thousand Years,2023,2023,,heavy metal,heavy metal; hard rock; progressive rock; folk rock; nwobhm,2023-04-20,383817,False,,https://open.spotify.com/track/0NdzDbeqxU8AhrdwSAQhW7,1Ba8AbPb1B5jHiBVZKOIyq,4EwBNQKEzshM5Yxs6cyzpt,3,1,liked,,2023-04-21T06:07:00Z,2023-04-21T06:07:00Z,,,,
3XgVqyYdjBxfIFpPcl0UVI,Unseren Ahnen Zum Gruße,XIV Dark Centuries,Den Ahnen Zum Gruße,2003,2003,,viking metal,viking metal; pagan black metal,2003,261079,False,,https://open.spotify.com/track/3XgVqyYdjBxfIFpPcl0UVI,54RYEfNo5WNaOScwsyFPYw,52n5D0r1TenhBTNIpwAiNZ,7,1,liked,,2023-04-11T15:53:43Z,2023-04-11T15:53:43Z,,,,
1lFZdTVQfKSeyj2tQuW5uZ,Enslaved,Xorsist,Deadly Possession,2022,2022,,death metal,death metal,2022-03-01,246741,False,,https://open.spotify.com/track/1lFZdTVQfKSeyj2tQuW5uZ,4lrVA54OtdqJvuvm8zSs3t,4iWtf8XTtTkyIk6Bmqb1L6,2,1,liked,,2025-07-12T20:08:27Z,2025-07-12T20:08:27Z,,,,
6OZFgOvYySBLw5ihU8eTFJ,Fleshly Art,Xorsist,Deadly Possession,2022,2022,,death metal,death metal,2022-03-01,181081,True,,https://open.spotify.com/track/6OZFgOvYySBLw5ihU8eTFJ,4lrVA54OtdqJvuvm8zSs3t,4iWtf8XTtTkyIk6Bmqb1L6,3,1,liked,,2023-04-11T15:53:43Z,2023-04-11T15:53:43Z,,,,
7EREJweyXYJsVO7mGpYV9J,Ten Feet Tall - 2001 Digital Remaster,XTC,Drums And Wires,1979,1979,,new wave,new wave; post-punk; psychedelic pop; art pop; chamber pop,1979-08-17,196765,False,,https://open.spotify.com/track/7EREJweyXYJsVO7mGpYV9J,4S6y2iTYbGONSlNJHYyrVl,2qT62DYO8Ajb276vUJmvhz,5,1,liked,,2023-04-11T15:53:43Z,2023-04-11T15:53:43Z,,,,
1FDDIentswIz4YSLzJZgt5,Les Maîtres Fous,Year Of No Light,Les Maîtres Fous,2025,2025,,sludge metal,sludge metal; post-metal; doom metal; post-rock; post-hardcore,2025-05-23,1756871,False,,https://open.spotify.com/track/1FDDIentswIz4YSLzJZgt5,5L2zYmoh1dkC4Oj7FrBA97,1jBkXf5NwyxgbUw9fWxAOE,1,1,liked,,2025-06-01T08:24:56Z,2025-06-01T08:24:56Z,,,,
2IDuP4uxdYdEw5v1c83lMg,Ombres,Year Of No Light,Vampyr (Original Motion Picture Soundtrack),2013,2013,,sludge metal,sludge metal; post-metal; doom metal; post-rock; post-hardcore,2013-05-07,570889,False,,https://open.spotify.com/track/2IDuP4uxdYdEw5v1c83lMg,4noMrh35GiP1G45ecxbl8x,1jBkXf5NwyxgbUw9fWxAOE,4,1,liked,,2023-04-11T15:53:43Z,2023-04-11T15:53:43Z,,,,
3FC7TD6Xh3zFPE9Klj6BfM,The Thought of Death,Yellow Eyes,Confusion Gate,2025,2025,,black metal,black metal,2025-10-31,511355,False,,https://open.spotify.com/track/3FC7TD6Xh3zFPE9Klj6BfM,4bdSheKbIbek2iAxdDLYUY,4sriy0rUaDm6U7cNo5FeSK,2,1,liked,,2025-11-10T12:42:37Z,2025-11-10T12:42:37Z,,,,
13XPbVB1z8iufCFUbwPn3S,Confusion Gate,Yellow Eyes,Confusion Gate,2025,2025,,black metal,black metal,2025-10-31,581845,False,,https://open.spotify.com/track/13XPbVB1z8iufCFUbwPn3S,4bdSheKbIbek2iAxdDLYUY,4sriy0rUaDm6U7cNo5FeSK,10,1,liked,,2025-11-21T08:14:21Z,2025-11-21T08:14:21Z,,,,
0dELLb3cUtxOcfeeLa0R7Q,Doom,Yersin,The Scythe Is Remorseless,2024,2024,,hardcore,hardcore; crust punk,2024-01-10,250980,True,,https://open.spotify.com/track/0dELLb3cUtxOcfeeLa0R7Q,4uGvGghlQeFyRWv44OEm2H,5AKr6O9QoHmfriwqqHQGCt,7,1,liked,,2024-01-29T18:54:40Z,2024-01-29T18:54:40Z,,,,
5VL5iChOudjCNAH6aBTxiZ,"Shoot High, Aim Low",Yes,Big Generator,1987,1987,,progressive rock,progressive rock; symphonic prog; art rock; progressive pop; classic rock,1987-09-15,419800,False,,https://open.spotify.com/track/5VL5iChOudjCNAH6aBTxiZ,1tlsJPpfTZA7Z9o091Ylkk,7AC976RDJzL2asmZuz7qil,3,1,liked,,2023-04-11T15:53:43Z,2023-04-11T15:53:43Z,,,,
2njPB5yC71L5gbKvu9dH7g,Total Mass Retain - 2003 Remaster,Yes,Close to the Edge (Deluxe Edition),1972,1972,,progressive rock,progressive rock; symphonic prog; art rock; progressive pop; classic rock,1972-09-13,198893,False,,https://open.spotify.com/track/2njPB5yC71L5gbKvu9dH7g,6344rkGqCBDenGoS7eJlBN,7AC976RDJzL2asmZuz7qil,5,1,liked,,2023-04-11T15:53:43Z,2023-04-11T15:53:43Z,,,,
6uPJ9o5rgvF0I9Su3prQen,America (Single Version),Yes,Retro Rock Ballads,2021,2021,,progressive rock,progressive rock; symphonic prog; art rock; progressive pop; classic rock,2021-12-10,249586,False,,https://open.spotify.com/track/6uPJ9o5rgvF0I9Su3prQen,366PIy1LhG0sF9cnz9oGq8,7AC976RDJzL2asmZuz7qil,30,1,liked,,2023-04-11T15:53:43Z,2023-04-11T15:53:43Z,,,,
67txsFP1t3lKRWeoSJN6Zi,You Don't Remember I'll Never Forget,Yngwie Malmsteen,Yngwie Malmsteen - Live In Leningrad,1989,1989,,power metal,power metal; neoclassical metal; hard rock; heavy metal; glam metal,1989-01-01,364066,False,,https://open.spotify.com/track/67txsFP1t3lKRWeoSJN6Zi,25hbdHeXu9SdLwSWxrdQx7,5DpSoH5zCXNRqYai7pmcGG,7,1,liked,,2023-04-11T15:53:43Z,2023-04-11T15:53:43Z,,,,
5T9iXq6DahqRamo1XvJwil,Marrow,YOB,Clearing the Path to Ascend,2014,2014,,sludge metal,sludge metal; doom metal; stoner metal; stoner rock; post-metal,2014-09-01,1128880,False,,https://open.spotify.com/track/5T9iXq6DahqRamo1XvJwil,7rGfoMrPEi2mXXqeiueknB,1hiIe6hmDchjc246cpoAOM,4,1,liked,,2024-11-11T12:00:26Z,2024-11-11T12:00:26Z,,,,
6e32JnkTy46WgO1waYifJo,Beauty in Falling Leaves,YOB,Our Raw Heart,2018,2018,,sludge metal,sludge metal; doom metal; stoner metal; stoner rock; post-metal,2018-06-08,987312,False,,https://open.spotify.com/track/6e32JnkTy46WgO1waYifJo,41cwi0xvLmVuVUtJDU8GcS,1hiIe6hmDchjc246cpoAOM,5,1,liked,,2023-11-07T12:43:20Z,2023-11-07T12:43:20Z,,,,
1Sf8R5h4iL1inulJC4UsHh,Breathing from the Shallows,YOB,The Great Cessation,2009,2009,,sludge metal,sludge metal; doom metal; stoner metal; stoner rock; post-metal,2009-07-14,454607,False,,https://open.spotify.com/track/1Sf8R5h4iL1inulJC4UsHh,7fYcyHaBwVzkuYY2axCxK3,1hiIe6hmDchjc246cpoAOM,4,1,liked,,2023-04-11T15:53:43Z,2023-04-11T15:53:43Z,,,,
5IbYzV2VzATfYU8JElbQgo,No Decoder,Yogi Lang,No Decoder,2010,2010,,crossover prog,crossover prog,2010-11-05,254986,False,,https://open.spotify.com/track/5IbYzV2VzATfYU8JElbQgo,1L23VrLRr7cOeqnNv6LcFC,6OJk7QGuqddbEUnzdHBHhI,6,1,liked,,2023-06-19T06:13:16Z,2023-06-19T06:13:16Z,,,,
5XgNihkC4yYpFZJKYudITA,I Want To Be You,Your Funeral,Killed By Deathrock Vol.1,2014,2014,,punk,punk,2014-01-21,165461,False,,https://open.spotify.com/track/5XgNihkC4yYpFZJKYudITA,6o8U8R5F7ul5ufuAemxtqw,24gihjoFg8hcP410PpAd8b,1,1,liked,,2023-04-11T15:53:43Z,2023-04-11T15:53:43Z,,,,
4GjVQUdit0WFvEki2jeIOj,Face of the Conqueror,Zemial,Face of the Conqueror,2023,2023,,black metal,black metal,2023-03-17,217133,False,,https://open.spotify.com/track/4GjVQUdit0WFvEki2jeIOj,3ZMLEgtydqaApSBXviIkX3,2N57VRfupAVQqSpK0Vor45,1,1,liked,,2024-12-03T12:11:56Z,2024-12-03T12:11:56Z,,,,
1noO9QdCuufu5m5e51A1MM,Veda,Zenith Maudlin,Yas,2017,2017,,depressive black metal,depressive black metal,2017-03-17,470047,False,,https://open.spotify.com/track/1noO9QdCuufu5m5e51A1MM,2PPWPTrE9g8gzNZDg4gXqH,1mzITMTZdlOc1QQuhzIQwy,1,1,liked,,2023-04-11T15:53:43Z,2023-04-11T15:53:43Z,,,,
6zkUZtzpZJ2UIWTVXwtgs2,Sacrifice,Zetra,Zetra,2024,2024,,gothic metal,gothic metal,2024-09-13,237417,False,,https://open.spotify.com/track/6zkUZtzpZJ2UIWTVXwtgs2,6w8Lja9H5EFqX8SSkHXQZN,19OKi91yhqwfQqFyROn06f,2,1,liked,,2024-11-05T10:33:17Z,2024-11-05T10:33:17Z,,,,
2CY5nKqdtsTVTtCFXanYjf,Thinblood Dirge,Zoanoids,Anthema Nocturna,2023,2023,,pop punk,pop punk; gothic metal; horror punk; punk rock,2023-10-31,189559,False,,https://open.spotify.com/track/2CY5nKqdtsTVTtCFXanYjf,6YCAn1inylhNOIjbHMkEc7,7IFpyb07Js9RcZKoVZXV93,2,1,liked,,2023-11-10T07:06:25Z,2023-11-10T07:06:25Z,,,,
6Gyk7ZHfFWo3d8U7poUEPs,Blue Jean Blues - 2005 Remaster,ZZ Top,Fandango! (Expanded 2006 Remaster),1975,1975,,blues rock,blues rock; southern rock; hard rock; boogie rock; classic rock,1975-04-18,282626,False,,https://open.spotify.com/track/6Gyk7ZHfFWo3d8U7poUEPs,4krv5xmTGdK9LhWINUkVgO,2AM4ilv6UzW0uMRuqKtDgN,5,1,liked,,2023-04-11T15:53:43Z,2023-04-11T15:53:43Z,,,,
3toKzNYGjlC7DpPyLt20e3,Stanna Inte,Ævestaden,Ingen Mere Gråter,2021,2021,,folk,folk,2021-05-28,331753,False,,https://open.spotify.com/track/3toKzNYGjlC7DpPyLt20e3,3VxgH2E8eumnmwU8EbU3pL,7r8pTV56VazgkUAAUW4ucw,1,1,liked,,2023-04-10T16:26:59Z,2023-04-10T16:26:59Z,,,,
77JYsmfyU38LjIKaAEOdBP,1995,Ólafur Arnalds; Dagný Arnalds,Island Songs,2016,2016,,ambient,ambient; modern classical; post-rock; classical; experimental,2016-10-28,242533,False,,https://open.spotify.com/track/77JYsmfyU38LjIKaAEOdBP,1LvZUmULkYj2c3oxIZhbkX,7E3BRXV9ZbCt5lQTCXMTia; 1RbSQcFxBBHvd4aeN97osi,2,1,liked,,2025-03-22T10:02:14Z,2025-03-22T10:02:14Z,,,,
7vbCfkJf89i4s745KbELgr,20:17,Ólafur Arnalds; Nils Frahm,Trance Frendz,2016,2016,,modern classical,modern classical; ambient; minimalism; post-rock; classical,2016-03-04,354988,False,,https://open.spotify.com/track/7vbCfkJf89i4s745KbELgr,5yulSZK48ArdLPXWur0qik,7E3BRXV9ZbCt5lQTCXMTia; 5gqhueRUZEa7VDnQt4HODp,1,1,liked,,2026-03-27T19:26:14Z,2026-03-27T19:26:14Z,,,,
2gPmigk1VterUKBDeapHxG,I Teleported to Acapulco,Øresund Space Collective,Slip into the Vortex,2010,2010,,space rock,space rock; ambient; jazz; experimental; psychedelic rock,2010-01-01,595653,False,,https://open.spotify.com/track/2gPmigk1VterUKBDeapHxG,40sF4LlYFjKbv1WJIPZ7LL,2uvfGz1p9D7bj8MnuRPjlC,1,1,liked,,2023-04-10T16:28:06Z,2023-04-10T16:28:06Z,,,,
1fafmxEOMDxm4db8Oz61hi,Valley of The Wolf,Üga Büga,Valley of The Wolf (single),2026,2026,,heavy metal,heavy metal; hard rock; stoner metal; sludge; hog rock,2026-03-31,318602,False,,https://open.spotify.com/track/1fafmxEOMDxm4db8Oz61hi,6hmewAeE77xG1AYlEXRqsf,6nQhdfAv4CHskMB3A8h7wc,1,1,liked,,2026-04-27T10:49:03Z,2026-04-27T10:49:03Z,,,,
1hPCUfzRg6Z7ppRmTYAADf,Restoring Life,Černá,Restoring Life,2013,2013,,shoegaze,shoegaze; ambient; experimental; post-metal,2013-05-28,557426,False,,https://open.spotify.com/track/1hPCUfzRg6Z7ppRmTYAADf,6FGxt4UGp7Nqfoxh5HZ7DK,3FXhh2Jap8AFO42ULAM38U,7,1,liked,,2023-04-10T16:27:00Z,2023-04-10T16:27:00Z,,,,
1pk7tX0YUnwSRyHyWMVia3,Isa,Černá,Restoring Life,2013,2013,,shoegaze,shoegaze; ambient; experimental; post-metal,2013-05-28,305613,False,,https://open.spotify.com/track/1pk7tX0YUnwSRyHyWMVia3,6FGxt4UGp7Nqfoxh5HZ7DK,3FXhh2Jap8AFO42ULAM38U,8,1,liked,,2023-04-10T16:27:00Z,2023-04-10T16:27:00Z,,,,
2EAnJ7D9aZe2CFhf3gFfah,Super Silver Haze,ΛΔΛΜ,SUN,2020,2020,,alternative rock,alternative rock; alternative metal,2020-08-21,283000,False,,https://open.spotify.com/track/2EAnJ7D9aZe2CFhf3gFfah,4ge216b95O9CNe707X2WJk,1mOGYSbUycJ1bZbfkw25oY,2,1,liked,,2023-04-11T15:53:43Z,2023-04-11T15:53:43Z,,,,
6WpSp1Xz1cT5WJGctefPTS,"Поиграй со мной, гроза","Алексей Романов и Группа ""Воскресенье""",Воскресенье. Все Песни,2011,2011,,pop rock,pop rock,2011-11-12,203833,False,,https://open.spotify.com/track/6WpSp1Xz1cT5WJGctefPTS,0IPv3iaLat8iwRaQCHzUSa,2T2WDTqN4YJAQ6S133a52b,55,1,liked,,2024-08-02T16:55:35Z,2024-08-02T16:55:35Z,,,,
20KAnaXnTHXwbqIUMhaajj,Сироты,Во скорбях,Во скорбях,2007,2007,,death-doom metal,death-doom metal; folk metal,2007-01-25,600093,False,,https://open.spotify.com/track/20KAnaXnTHXwbqIUMhaajj,1R82SpmjO0LaicuKpqU4cm,4dVp36AXumT9EsSZyG0yTh,2,1,liked,,2023-04-11T15:53:43Z,2023-04-11T15:53:43Z,,,,
6aZYmQBHaCmSPv4lsqqV6G,Дороженька,Во скорбях,Неумолимое,2024,2024,,death-doom metal,death-doom metal; folk metal,2024-03-14,540241,False,,https://open.spotify.com/track/6aZYmQBHaCmSPv4lsqqV6G,2fRi2BV5SnAgHzDjUHrzoR,4dVp36AXumT9EsSZyG0yTh,3,1,liked,,2024-03-22T07:24:10Z,2024-03-22T07:24:10Z,,,,
42xa9xxIrp5hzZoQAM3Oq0,Кліч Маці-Прыроды,Дрыгва,Паляванне,2017,2017,,pagan metal,pagan metal; folk metal; melodic death metal,2017-06-03,367990,False,,https://open.spotify.com/track/42xa9xxIrp5hzZoQAM3Oq0,113Hkm5xJHCnBeC6nnTMlB,4ypeoxY1UfsVya4NbIcv32,2,1,liked,,2023-04-11T15:53:43Z,2023-04-11T15:53:43Z,,,,
23LBNUYSiBCa3KydKePWv3,Подых вайны,Дрыгва,Сын магутнага Рода,2010,2010,,pagan metal,pagan metal; folk metal; melodic death metal,2010-06-25,228236,False,,https://open.spotify.com/track/23LBNUYSiBCa3KydKePWv3,0xueVcSuih4FnEZxOj4kZJ,4ypeoxY1UfsVya4NbIcv32,7,1,liked,,2024-01-12T16:31:33Z,2024-01-12T16:31:33Z,,,,
5oK8z7R1EdrlwutUPzGWDd,Сквозь снег,Ермак!,Дневник памяти,2024,2024,,folk rock,folk rock; russian rock,2024-12-13,232010,False,,https://open.spotify.com/track/5oK8z7R1EdrlwutUPzGWDd,0heKIUmqNi7fvnsUWfykAv,2Y3Cc43y5adf1eQvszykk9,10,1,liked,,2024-12-23T08:02:48Z,2024-12-23T08:02:48Z,,,,
2HXHU2IvFpg4HCtWzj2uCd,Не забывай,Ермак!,Не забывай,2024,2024,,folk rock,folk rock; russian rock,2024-04-12,265090,False,,https://open.spotify.com/track/2HXHU2IvFpg4HCtWzj2uCd,4AZ33b5jn4B22jyotfHcXn,2Y3Cc43y5adf1eQvszykk9,1,1,liked; playlist,Русское поле экспериментов,2024-04-13T16:23:54Z,2024-07-24T18:05:19Z,,,,
2MggkqHtauvToPg5L2OKIT,Русы валят рептилоидов,Ермак!; Сруб,Русы валят рептилоидов,2024,2024,,folk rock,folk rock; russian rock,2024-02-23,202833,False,,https://open.spotify.com/track/2MggkqHtauvToPg5L2OKIT,6iYEAEp56Hbhs9lwy5UvCD,2Y3Cc43y5adf1eQvszykk9; 1msc9EGloXNDtZwZRPl547,1,1,liked; playlist,Русское поле экспериментов,2024-03-09T18:17:03Z,2024-07-24T18:05:43Z,,,,
4bL8poSHJGxHCTnrWqTmRb,Ты подуй,Комонь; Павел Паньковский; Аркадий Пикунов,Из-за лесу,2025,2025,,pop,pop,2025-11-14,250043,False,,https://open.spotify.com/track/4bL8poSHJGxHCTnrWqTmRb,0Esq5eBaaUllCgaQ8YxHLl,2guXSTBmh7xBFibgVJy7qY; 44tcm0FDTEBt7WsRqnsZ06; 2ZX9iJhSAIKzYxZRNvjrsQ,1,1,liked,,2025-11-18T18:14:58Z,2025-11-18T18:14:58Z,,,,
2G6kWqULGBMqGdpTUc5FQ4,Из-за лесу,Комонь; Павел Паньковский; Аркадий Пикунов,Из-за лесу,2025,2025,,pop,pop,2025-11-14,368571,False,,https://open.spotify.com/track/2G6kWqULGBMqGdpTUc5FQ4,0Esq5eBaaUllCgaQ8YxHLl,2guXSTBmh7xBFibgVJy7qY; 44tcm0FDTEBt7WsRqnsZ06; 2ZX9iJhSAIKzYxZRNvjrsQ,6,1,liked,,2025-11-18T11:17:58Z,2025-11-18T11:17:58Z,,,,
07BMR0aXZs0OUbtvIoybxO,Свете тихий,Мужской вокальный ансамбль «Валаам»,Приношение,2017,2017,,choral,choral; orthodox chant; classical,2017,195813,False,,https://open.spotify.com/track/07BMR0aXZs0OUbtvIoybxO,3DTjhV04SQcyZwyoK5OjI5,0ZZpO6AtcwZ3BkREN02crr,8,1,liked,,2025-12-09T07:17:53Z,2025-12-09T07:17:53Z,,,,
7lGA4Imc13ANGhdvtWOF4K,На смерть царя,Сруб,988,2019,2019,,post-punk,post-punk; dark folk; russian post-punk; cold wave; coldwave,2019-12-06,522041,False,,https://open.spotify.com/track/7lGA4Imc13ANGhdvtWOF4K,1EfSPjnNuugU8XVQp9JrmA,1msc9EGloXNDtZwZRPl547,2,1,liked,,2023-04-11T15:53:43Z,2023-04-11T15:53:43Z,,,,
0f0rWET3pyNwkmZBhKbHCo,Ожидание черной весны,Сруб,988,2019,2019,,post-punk,post-punk; dark folk; russian post-punk; cold wave; coldwave,2019-12-06,495908,False,,https://open.spotify.com/track/0f0rWET3pyNwkmZBhKbHCo,1EfSPjnNuugU8XVQp9JrmA,1msc9EGloXNDtZwZRPl547,5,1,liked,,2023-04-11T15:53:43Z,2023-04-11T15:53:43Z,,,,
26G8xF6beas8xLtwvsap2n,Восвояси,Сруб,Восвояси,2023,2023,,post-punk,post-punk; dark folk; russian post-punk; cold wave; coldwave,2023-07-26,251363,False,,https://open.spotify.com/track/26G8xF6beas8xLtwvsap2n,1sBPzUa2GuldDi1HBLLDJS,1msc9EGloXNDtZwZRPl547,1,1,liked; playlist,Русское поле экспериментов,2023-07-31T08:37:00Z,2023-08-05T06:09:20Z,,,,
4kgf6zhFJQYPHz8ABNMkUL,Умирая радуй,Сруб,Ележивика,2025,2025,,post-punk,post-punk; dark folk; russian post-punk; cold wave; coldwave,2025-08-29,170092,False,,https://open.spotify.com/track/4kgf6zhFJQYPHz8ABNMkUL,2Tpjpye8mKuiVonqQPz2u1,1msc9EGloXNDtZwZRPl547,6,1,liked,,2025-08-29T19:45:20Z,2025-08-29T19:45:20Z,,,,
03Gfn1qyt83B5NOkHBKTPF,Люто любить,Сруб,Люто любить,2024,2024,,post-punk,post-punk; dark folk; russian post-punk; cold wave; coldwave,2024-03-01,343542,False,,https://open.spotify.com/track/03Gfn1qyt83B5NOkHBKTPF,4Dw7ZaOTfEx2h0KQPRsbzf,1msc9EGloXNDtZwZRPl547,1,1,liked; playlist,Русское поле экспериментов,2024-03-03T17:22:16Z,2024-07-24T18:05:45Z,,,,
0I3kOmf0yTAwlgCIXfi3J8,"В чаще, где пал крест",Сруб,Скорбь,2018,2018,,post-punk,post-punk; dark folk; russian post-punk; cold wave; coldwave,2018-01-11,355270,False,,https://open.spotify.com/track/0I3kOmf0yTAwlgCIXfi3J8,77aY9mVeHFFZd6W03zyp61,1msc9EGloXNDtZwZRPl547,3,1,liked; playlist,Русское поле экспериментов,2023-04-11T15:53:43Z,2024-07-24T18:07:07Z,,,,
